[0m[1;34m# Ensure build layout[0m
[0m[1;34m# Check configuration tokens[0m
[0m[1;34m# Preparing build[0m
[0m[1;34m# Check requirements for android[0m
[0m[1;34m# Install platform[0m
[0m[1;30m# Run 'git config --get remote.origin.url' ...[0m
[0m[1;30m# Cwd /data/data/com.termux/files/home/googleband/.buildozer/android/platform/python-for-android[0m
https://github.com/kivy/python-for-android.git
[0m[1;30m# Run 'git branch -vv' ...[0m
[0m[1;30m# Cwd /data/data/com.termux/files/home/googleband/.buildozer/android/platform/python-for-android[0m
* master 58d21141 [origin/master] Merge pull request #3321 from kivy/release-2026.05.09
  error: subprocess-exited-with-error
  
  × installing backend dependencies for ninja did not run successfully.
  │ exit code: 1
  ╰─> [3230 lines of output]
      Collecting cmake>=3.15
        Using cached cmake-4.4.3.tar.gz (34 kB)
        Installing build dependencies: started
        Installing build dependencies: finished with status 'done'
        Getting requirements to build wheel: started
        Getting requirements to build wheel: finished with status 'done'
        Preparing metadata (pyproject.toml): started
        Preparing metadata (pyproject.toml): finished with status 'done'
      Collecting hatch-fancy-pypi-readme>=23.2
        Using cached hatch_fancy_pypi_readme-25.1.0-py3-none-any.whl.metadata (2.0 kB)
      Collecting setuptools-scm
        Using cached setuptools_scm-10.2.3-py3-none-any.whl.metadata (6.7 kB)
      Collecting hatchling (from hatch-fancy-pypi-readme>=23.2)
        Using cached hatchling-1.32.0-py3-none-any.whl.metadata (3.9 kB)
      Collecting vcs-versioning<3,>=2.3.2.dev0 (from setuptools-scm)
        Using cached vcs_versioning-2.3.4-py3-none-any.whl.metadata (1.7 kB)
      Collecting packaging>=20 (from setuptools-scm)
        Using cached packaging-26.3-py3-none-any.whl.metadata (3.5 kB)
      Collecting setuptools (from setuptools-scm)
        Using cached setuptools-84.0.0-py3-none-any.whl.metadata (6.6 kB)
      Collecting pathspec>=0.10.1 (from hatchling->hatch-fancy-pypi-readme>=23.2)
        Using cached pathspec-1.1.1-py3-none-any.whl.metadata (14 kB)
      Collecting pluggy>=1.0.0 (from hatchling->hatch-fancy-pypi-readme>=23.2)
        Using cached pluggy-1.6.0-py3-none-any.whl.metadata (4.8 kB)
      Collecting tomlkit>=0.11.1 (from hatchling->hatch-fancy-pypi-readme>=23.2)
        Using cached tomlkit-0.15.1-py3-none-any.whl.metadata (3.3 kB)
      Collecting trove-classifiers (from hatchling->hatch-fancy-pypi-readme>=23.2)
        Using cached trove_classifiers-2026.6.1.19-py3-none-any.whl.metadata (2.3 kB)
      Using cached hatch_fancy_pypi_readme-25.1.0-py3-none-any.whl (10 kB)
      Using cached setuptools_scm-10.2.3-py3-none-any.whl (29 kB)
      Using cached vcs_versioning-2.3.4-py3-none-any.whl (115 kB)
      Using cached packaging-26.3-py3-none-any.whl (129 kB)
      Using cached hatchling-1.32.0-py3-none-any.whl (78 kB)
      Using cached pathspec-1.1.1-py3-none-any.whl (57 kB)
      Using cached pluggy-1.6.0-py3-none-any.whl (20 kB)
      Using cached tomlkit-0.15.1-py3-none-any.whl (49 kB)
      Using cached setuptools-84.0.0-py3-none-any.whl (818 kB)
      Using cached trove_classifiers-2026.6.1.19-py3-none-any.whl (14 kB)
      Building wheels for collected packages: cmake
        Building wheel for cmake (pyproject.toml): started
        Building wheel for cmake (pyproject.toml): still running...
        Building wheel for cmake (pyproject.toml): still running...
        Building wheel for cmake (pyproject.toml): still running...
        Building wheel for cmake (pyproject.toml): still running...
        Building wheel for cmake (pyproject.toml): still running...
        Building wheel for cmake (pyproject.toml): still running...
        Building wheel for cmake (pyproject.toml): still running...
        Building wheel for cmake (pyproject.toml): still running...
        Building wheel for cmake (pyproject.toml): still running...
        Building wheel for cmake (pyproject.toml): still running...
        Building wheel for cmake (pyproject.toml): still running...
        Building wheel for cmake (pyproject.toml): still running...
        Building wheel for cmake (pyproject.toml): still running...
        Building wheel for cmake (pyproject.toml): still running...
        Building wheel for cmake (pyproject.toml): still running...
        Building wheel for cmake (pyproject.toml): still running...
        Building wheel for cmake (pyproject.toml): still running...
        Building wheel for cmake (pyproject.toml): still running...
        Building wheel for cmake (pyproject.toml): still running...
        Building wheel for cmake (pyproject.toml): still running...
        Building wheel for cmake (pyproject.toml): still running...
        Building wheel for cmake (pyproject.toml): still running...
        Building wheel for cmake (pyproject.toml): still running...
        Building wheel for cmake (pyproject.toml): still running...
        Building wheel for cmake (pyproject.toml): still running...
        Building wheel for cmake (pyproject.toml): still running...
        Building wheel for cmake (pyproject.toml): still running...
        Building wheel for cmake (pyproject.toml): still running...
        Building wheel for cmake (pyproject.toml): still running...
        Building wheel for cmake (pyproject.toml): still running...
        Building wheel for cmake (pyproject.toml): still running...
        Building wheel for cmake (pyproject.toml): still running...
        Building wheel for cmake (pyproject.toml): still running...
        Building wheel for cmake (pyproject.toml): still running...
        Building wheel for cmake (pyproject.toml): still running...
        Building wheel for cmake (pyproject.toml): still running...
        Building wheel for cmake (pyproject.toml): still running...
        Building wheel for cmake (pyproject.toml): still running...
        Building wheel for cmake (pyproject.toml): still running...
        Building wheel for cmake (pyproject.toml): still running...
        Building wheel for cmake (pyproject.toml): still running...
        Building wheel for cmake (pyproject.toml): finished with status 'error'
        error: subprocess-exited-with-error
      
        × Building wheel for cmake (pyproject.toml) did not run successfully.
        │ exit code: 1
        ╰─> [3134 lines of output]
            ---------------------------------------------
            CMake 4.4.3, Copyright 2000-2026 Kitware, Inc. and Contributors
            Found GNU toolchain
            C compiler on this system is: gcc
            C++ compiler on this system is: g++
            Makefile processor on this system is: /data/data/com.termux/files/usr/bin/make
            g++ has setenv
            g++ has unsetenv
            g++ does not have environ in stdlib.h
            g++ does not have <ext/stdio_filebuf.h>
            ---------------------------------------------
            g++     -D_FILE_OFFSET_BITS=64 -D_TIME_BITS=64    -DCMAKE_BOOTSTRAP    -DCMake_HAVE_CXX_MAKE_UNIQUE=1 -DCMake_HAVE_CXX_FILESYSTEM=1   -I/data/data/com.termux/files/usr/tmp/tmpibtw600x/cmake-4.4.3/Bootstrap.cmk   -I/data/data/com.termux/files/usr/tmp/tmpibtw600x/cmake-4.4.3/Source   -I/data/data/com.termux/files/usr/tmp/tmpibtw600x/cmake-4.4.3/Source/LexerParser   -I/data/data/com.termux/files/usr/tmp/tmpibtw600x/cmake-4.4.3/Utilities/std   -I/data/data/com.termux/files/usr/tmp/tmpibtw600x/cmake-4.4.3/Utilities  -c /data/data/com.termux/files/usr/tmp/tmpibtw600x/cmake-4.4.3/Source/cmAddCompileDefinitionsCommand.cxx -o cmAddCompileDefinitionsCommand.o
            g++     -D_FILE_OFFSET_BITS=64 -D_TIME_BITS=64    -DCMAKE_BOOTSTRAP    -DCMake_HAVE_CXX_MAKE_UNIQUE=1 -DCMake_HAVE_CXX_FILESYSTEM=1   -I/data/data/com.termux/files/usr/tmp/tmpibtw600x/cmake-4.4.3/Bootstrap.cmk   -I/data/data/com.termux/files/usr/tmp/tmpibtw600x/cmake-4.4.3/Source   -I/data/data/com.termux/files/usr/tmp/tmpibtw600x/cmake-4.4.3/Source/LexerParser   -I/data/data/com.termux/files/usr/tmp/tmpibtw600x/cmake-4.4.3/Utilities/std   -I/data/data/com.termux/files/usr/tmp/tmpibtw600x/cmake-4.4.3/Utilities  -c /data/data/com.termux/files/usr/tmp/tmpibtw600x/cmake-4.4.3/Source/cmAddCustomCommandCommand.cxx -o cmAddCustomCommandCommand.o
            In file included from /data/data/com.termux/files/usr/tmp/tmpibtw600x/cmake-4.4.3/Source/cmAddCustomCommandCommand.cxx:12:
            /data/data/com.termux/files/usr/tmp/tmpibtw600x/cmake-4.4.3/Utilities/std/cmext/string_view:28:40: warning: identifier '_s' preceded by whitespace in a literal operator declaration is deprecated [-Wdeprecated-literal-operator]
               28 |   friend static_string_view operator"" _s(char const* data, size_t size);
                  |                             ~~~~~~~~~~~^~
                  |                             operator""_s
            /data/data/com.termux/files/usr/tmp/tmpibtw600x/cmake-4.4.3/Utilities/std/cmext/string_view:32:38: warning: identifier '_s' preceded by whitespace in a literal operator declaration is deprecated [-Wdeprecated-literal-operator]
               32 | inline static_string_view operator"" _s(char const* data, size_t size)
                  |                           ~~~~~~~~~~~^~
                  |                           operator""_s
            /data/data/com.termux/files/usr/tmp/tmpibtw600x/cmake-4.4.3/Utilities/std/cmext/string_view:39:22: warning: identifier '_s' preceded by whitespace in a literal operator declaration is deprecated [-Wdeprecated-literal-operator]
               39 | using cm::operator"" _s;
                  |           ~~~~~~~~~~~^~
                  |           operator""_s
            3 warnings generated.
            g++     -D_FILE_OFFSET_BITS=64 -D_TIME_BITS=64    -DCMAKE_BOOTSTRAP    -DCMake_HAVE_CXX_MAKE_UNIQUE=1 -DCMake_HAVE_CXX_FILESYSTEM=1   -I/data/data/com.termux/files/usr/tmp/tmpibtw600x/cmake-4.4.3/Bootstrap.cmk   -I/data/data/com.termux/files/usr/tmp/tmpibtw600x/cmake-4.4.3/Source   -I/data/data/com.termux/files/usr/tmp/tmpibtw600x/cmake-4.4.3/Source/LexerParser   -I/data/data/com.termux/files/usr/tmp/tmpibtw600x/cmake-4.4.3/Utilities/std   -I/data/data/com.termux/files/usr/tmp/tmpibtw600x/cmake-4.4.3/Utilities  -c /data/data/com.termux/files/usr/tmp/tmpibtw600x/cmake-4.4.3/Source/cmAddCustomTargetCommand.cxx -o cmAddCustomTargetCommand.o
            In file included from /data/data/com.termux/files/usr/tmp/tmpibtw600x/cmake-4.4.3/Source/cmAddCustomTargetCommand.cxx:13:
            In file included from /data/data/com.termux/files/usr/tmp/tmpibtw600x/cmake-4.4.3/Source/cmGlobalGenerator.h:22:
            /data/data/com.termux/files/usr/tmp/tmpibtw600x/cmake-4.4.3/Utilities/std/cmext/string_view:28:40: warning: identifier '_s' preceded by whitespace in a literal operator declaration is deprecated [-Wdeprecated-literal-operator]
               28 |   friend static_string_view operator"" _s(char const* data, size_t size);
                  |                             ~~~~~~~~~~~^~
                  |                             operator""_s
            /data/data/com.termux/files/usr/tmp/tmpibtw600x/cmake-4.4.3/Utilities/std/cmext/string_view:32:38: warning: identifier '_s' preceded by whitespace in a literal operator declaration is deprecated [-Wdeprecated-literal-operator]
               32 | inline static_string_view operator"" _s(char const* data, size_t size)
                  |                           ~~~~~~~~~~~^~
                  |                           operator""_s
            /data/data/com.termux/files/usr/tmp/tmpibtw600x/cmake-4.4.3/Utilities/std/cmext/string_view:39:22: warning: identifier '_s' preceded by whitespace in a literal operator declaration is deprecated [-Wdeprecated-literal-operator]
               39 | using cm::operator"" _s;
                  |           ~~~~~~~~~~~^~
                  |           operator""_s
            3 warnings generated.
            g++     -D_FILE_OFFSET_BITS=64 -D_TIME_BITS=64    -DCMAKE_BOOTSTRAP    -DCMake_HAVE_CXX_MAKE_UNIQUE=1 -DCMake_HAVE_CXX_FILESYSTEM=1   -I/data/data/com.termux/files/usr/tmp/tmpibtw600x/cmake-4.4.3/Bootstrap.cmk   -I/data/data/com.termux/files/usr/tmp/tmpibtw600x/cmake-4.4.3/Source   -I/data/data/com.termux/files/usr/tmp/tmpibtw600x/cmake-4.4.3/Source/LexerParser   -I/data/data/com.termux/files/usr/tmp/tmpibtw600x/cmake-4.4.3/Utilities/std   -I/data/data/com.termux/files/usr/tmp/tmpibtw600x/cmake-4.4.3/Utilities  -c /data/data/com.termux/files/usr/tmp/tmpibtw600x/cmake-4.4.3/Source/cmAddDefinitionsCommand.cxx -o cmAddDefinitionsCommand.o
            g++     -D_FILE_OFFSET_BITS=64 -D_TIME_BITS=64    -DCMAKE_BOOTSTRAP    -DCMake_HAVE_CXX_MAKE_UNIQUE=1 -DCMake_HAVE_CXX_FILESYSTEM=1   -I/data/data/com.termux/files/usr/tmp/tmpibtw600x/cmake-4.4.3/Bootstrap.cmk   -I/data/data/com.termux/files/usr/tmp/tmpibtw600x/cmake-4.4.3/Source   -I/data/data/com.termux/files/usr/tmp/tmpibtw600x/cmake-4.4.3/Source/LexerParser   -I/data/data/com.termux/files/usr/tmp/tmpibtw600x/cmake-4.4.3/Utilities/std   -I/data/data/com.termux/files/usr/tmp/tmpibtw600x/cmake-4.4.3/Utilities  -c /data/data/com.termux/files/usr/tmp/tmpibtw600x/cmake-4.4.3/Source/cmAddDependenciesCommand.cxx -o cmAddDependenciesCommand.o
            g++     -D_FILE_OFFSET_BITS=64 -D_TIME_BITS=64    -DCMAKE_BOOTSTRAP    -DCMake_HAVE_CXX_MAKE_UNIQUE=1 -DCMake_HAVE_CXX_FILESYSTEM=1   -I/data/data/com.termux/files/usr/tmp/tmpibtw600x/cmake-4.4.3/Bootstrap.cmk   -I/data/data/com.termux/files/usr/tmp/tmpibtw600x/cmake-4.4.3/Source   -I/data/data/com.termux/files/usr/tmp/tmpibtw600x/cmake-4.4.3/Source/LexerParser   -I/data/data/com.termux/files/usr/tmp/tmpibtw600x/cmake-4.4.3/Utilities/std   -I/data/data/com.termux/files/usr/tmp/tmpibtw600x/cmake-4.4.3/Utilities  -c /data/data/com.termux/files/usr/tmp/tmpibtw600x/cmake-4.4.3/Source/cmAddExecutableCommand.cxx -o cmAddExecutableCommand.o
            In file included from /data/data/com.termux/files/usr/tmp/tmpibtw600x/cmake-4.4.3/Source/cmAddExecutableCommand.cxx:7:
            In file included from /data/data/com.termux/files/usr/tmp/tmpibtw600x/cmake-4.4.3/Source/cmGlobalGenerator.h:22:
            /data/data/com.termux/files/usr/tmp/tmpibtw600x/cmake-4.4.3/Utilities/std/cmext/string_view:28:40: warning: identifier '_s' preceded by whitespace in a literal operator declaration is deprecated [-Wdeprecated-literal-operator]
               28 |   friend static_string_view operator"" _s(char const* data, size_t size);
                  |                             ~~~~~~~~~~~^~
                  |                             operator""_s
            /data/data/com.termux/files/usr/tmp/tmpibtw600x/cmake-4.4.3/Utilities/std/cmext/string_view:32:38: warning: identifier '_s' preceded by whitespace in a literal operator declaration is deprecated [-Wdeprecated-literal-operator]
               32 | inline static_string_view operator"" _s(char const* data, size_t size)
                  |                           ~~~~~~~~~~~^~
                  |                           operator""_s
            /data/data/com.termux/files/usr/tmp/tmpibtw600x/cmake-4.4.3/Utilities/std/cmext/string_view:39:22: warning: identifier '_s' preceded by whitespace in a literal operator declaration is deprecated [-Wdeprecated-literal-operator]
               39 | using cm::operator"" _s;
                  |           ~~~~~~~~~~~^~
                  |           operator""_s
            3 warnings generated.
            g++     -D_FILE_OFFSET_BITS=64 -D_TIME_BITS=64    -DCMAKE_BOOTSTRAP    -DCMake_HAVE_CXX_MAKE_UNIQUE=1 -DCMake_HAVE_CXX_FILESYSTEM=1   -I/data/data/com.termux/files/usr/tmp/tmpibtw600x/cmake-4.4.3/Bootstrap.cmk   -I/data/data/com.termux/files/usr/tmp/tmpibtw600x/cmake-4.4.3/Source   -I/data/data/com.termux/files/usr/tmp/tmpibtw600x/cmake-4.4.3/Source/LexerParser   -I/data/data/com.termux/files/usr/tmp/tmpibtw600x/cmake-4.4.3/Utilities/std   -I/data/data/com.termux/files/usr/tmp/tmpibtw600x/cmake-4.4.3/Utilities  -c /data/data/com.termux/files/usr/tmp/tmpibtw600x/cmake-4.4.3/Source/cmAddLibraryCommand.cxx -o cmAddLibraryCommand.o
            In file included from /data/data/com.termux/files/usr/tmp/tmpibtw600x/cmake-4.4.3/Source/cmAddLibraryCommand.cxx:8:
            In file included from /data/data/com.termux/files/usr/tmp/tmpibtw600x/cmake-4.4.3/Source/cmGlobalGenerator.h:22:
            /data/data/com.termux/files/usr/tmp/tmpibtw600x/cmake-4.4.3/Utilities/std/cmext/string_view:28:40: warning: identifier '_s' preceded by whitespace in a literal operator declaration is deprecated [-Wdeprecated-literal-operator]
               28 |   friend static_string_view operator"" _s(char const* data, size_t size);
                  |                             ~~~~~~~~~~~^~
                  |                             operator""_s
            /data/data/com.termux/files/usr/tmp/tmpibtw600x/cmake-4.4.3/Utilities/std/cmext/string_view:32:38: warning: identifier '_s' preceded by whitespace in a literal operator declaration is deprecated [-Wdeprecated-literal-operator]
               32 | inline static_string_view operator"" _s(char const* data, size_t size)
                  |                           ~~~~~~~~~~~^~
                  |                           operator""_s
            /data/data/com.termux/files/usr/tmp/tmpibtw600x/cmake-4.4.3/Utilities/std/cmext/string_view:39:22: warning: identifier '_s' preceded by whitespace in a literal operator declaration is deprecated [-Wdeprecated-literal-operator]
               39 | using cm::operator"" _s;
                  |           ~~~~~~~~~~~^~
                  |           operator""_s
            3 warnings generated.
            g++     -D_FILE_OFFSET_BITS=64 -D_TIME_BITS=64    -DCMAKE_BOOTSTRAP    -DCMake_HAVE_CXX_MAKE_UNIQUE=1 -DCMake_HAVE_CXX_FILESYSTEM=1   -I/data/data/com.termux/files/usr/tmp/tmpibtw600x/cmake-4.4.3/Bootstrap.cmk   -I/data/data/com.termux/files/usr/tmp/tmpibtw600x/cmake-4.4.3/Source   -I/data/data/com.termux/files/usr/tmp/tmpibtw600x/cmake-4.4.3/Source/LexerParser   -I/data/data/com.termux/files/usr/tmp/tmpibtw600x/cmake-4.4.3/Utilities/std   -I/data/data/com.termux/files/usr/tmp/tmpibtw600x/cmake-4.4.3/Utilities  -c /data/data/com.termux/files/usr/tmp/tmpibtw600x/cmake-4.4.3/Source/cmAddSubDirectoryCommand.cxx -o cmAddSubDirectoryCommand.o
            g++     -D_FILE_OFFSET_BITS=64 -D_TIME_BITS=64    -DCMAKE_BOOTSTRAP    -DCMake_HAVE_CXX_MAKE_UNIQUE=1 -DCMake_HAVE_CXX_FILESYSTEM=1   -I/data/data/com.termux/files/usr/tmp/tmpibtw600x/cmake-4.4.3/Bootstrap.cmk   -I/data/data/com.termux/files/usr/tmp/tmpibtw600x/cmake-4.4.3/Source   -I/data/data/com.termux/files/usr/tmp/tmpibtw600x/cmake-4.4.3/Source/LexerParser   -I/data/data/com.termux/files/usr/tmp/tmpibtw600x/cmake-4.4.3/Utilities/std   -I/data/data/com.termux/files/usr/tmp/tmpibtw600x/cmake-4.4.3/Utilities  -c /data/data/com.termux/files/usr/tmp/tmpibtw600x/cmake-4.4.3/Source/cmAddTestCommand.cxx -o cmAddTestCommand.o
            g++     -D_FILE_OFFSET_BITS=64 -D_TIME_BITS=64    -DCMAKE_BOOTSTRAP    -DCMake_HAVE_CXX_MAKE_UNIQUE=1 -DCMake_HAVE_CXX_FILESYSTEM=1   -I/data/data/com.termux/files/usr/tmp/tmpibtw600x/cmake-4.4.3/Bootstrap.cmk   -I/data/data/com.termux/files/usr/tmp/tmpibtw600x/cmake-4.4.3/Source   -I/data/data/com.termux/files/usr/tmp/tmpibtw600x/cmake-4.4.3/Source/LexerParser   -I/data/data/com.termux/files/usr/tmp/tmpibtw600x/cmake-4.4.3/Utilities/std   -I/data/data/com.termux/files/usr/tmp/tmpibtw600x/cmake-4.4.3/Utilities  -c /data/data/com.termux/files/usr/tmp/tmpibtw600x/cmake-4.4.3/Source/cmArgumentParser.cxx -o cmArgumentParser.o
            In file included from /data/data/com.termux/files/usr/tmp/tmpibtw600x/cmake-4.4.3/Source/cmArgumentParser.cxx:3:
            In file included from /data/data/com.termux/files/usr/tmp/tmpibtw600x/cmake-4.4.3/Source/cmArgumentParser.h:19:
            /data/data/com.termux/files/usr/tmp/tmpibtw600x/cmake-4.4.3/Utilities/std/cmext/string_view:28:40: warning: identifier '_s' preceded by whitespace in a literal operator declaration is deprecated [-Wdeprecated-literal-operator]
               28 |   friend static_string_view operator"" _s(char const* data, size_t size);
                  |                             ~~~~~~~~~~~^~
                  |                             operator""_s
            /data/data/com.termux/files/usr/tmp/tmpibtw600x/cmake-4.4.3/Utilities/std/cmext/string_view:32:38: warning: identifier '_s' preceded by whitespace in a literal operator declaration is deprecated [-Wdeprecated-literal-operator]
               32 | inline static_string_view operator"" _s(char const* data, size_t size)
                  |                           ~~~~~~~~~~~^~
                  |                           operator""_s
            /data/data/com.termux/files/usr/tmp/tmpibtw600x/cmake-4.4.3/Utilities/std/cmext/string_view:39:22: warning: identifier '_s' preceded by whitespace in a literal operator declaration is deprecated [-Wdeprecated-literal-operator]
               39 | using cm::operator"" _s;
                  |           ~~~~~~~~~~~^~
                  |           operator""_s
            3 warnings generated.
            g++     -D_FILE_OFFSET_BITS=64 -D_TIME_BITS=64    -DCMAKE_BOOTSTRAP    -DCMake_HAVE_CXX_MAKE_UNIQUE=1 -DCMake_HAVE_CXX_FILESYSTEM=1   -I/data/data/com.termux/files/usr/tmp/tmpibtw600x/cmake-4.4.3/Bootstrap.cmk   -I/data/data/com.termux/files/usr/tmp/tmpibtw600x/cmake-4.4.3/Source   -I/data/data/com.termux/files/usr/tmp/tmpibtw600x/cmake-4.4.3/Source/LexerParser   -I/data/data/com.termux/files/usr/tmp/tmpibtw600x/cmake-4.4.3/Utilities/std   -I/data/data/com.termux/files/usr/tmp/tmpibtw600x/cmake-4.4.3/Utilities  -c /data/data/com.termux/files/usr/tmp/tmpibtw600x/cmake-4.4.3/Source/cmBinUtilsLinker.cxx -o cmBinUtilsLinker.o
            g++     -D_FILE_OFFSET_BITS=64 -D_TIME_BITS=64    -DCMAKE_BOOTSTRAP    -DCMake_HAVE_CXX_MAKE_UNIQUE=1 -DCMake_HAVE_CXX_FILESYSTEM=1   -I/data/data/com.termux/files/usr/tmp/tmpibtw600x/cmake-4.4.3/Bootstrap.cmk   -I/data/data/com.termux/files/usr/tmp/tmpibtw600x/cmake-4.4.3/Source   -I/data/data/com.termux/files/usr/tmp/tmpibtw600x/cmake-4.4.3/Source/LexerParser   -I/data/data/com.termux/files/usr/tmp/tmpibtw600x/cmake-4.4.3/Utilities/std   -I/data/data/com.termux/files/usr/tmp/tmpibtw600x/cmake-4.4.3/Utilities  -c /data/data/com.termux/files/usr/tmp/tmpibtw600x/cmake-4.4.3/Source/cmBinUtilsLinuxELFGetRuntimeDependenciesTool.cxx -o cmBinUtilsLinuxELFGetRuntimeDependenciesTool.o
            g++     -D_FILE_OFFSET_BITS=64 -D_TIME_BITS=64    -DCMAKE_BOOTSTRAP    -DCMake_HAVE_CXX_MAKE_UNIQUE=1 -DCMake_HAVE_CXX_FILESYSTEM=1   -I/data/data/com.termux/files/usr/tmp/tmpibtw600x/cmake-4.4.3/Bootstrap.cmk   -I/data/data/com.termux/files/usr/tmp/tmpibtw600x/cmake-4.4.3/Source   -I/data/data/com.termux/files/usr/tmp/tmpibtw600x/cmake-4.4.3/Source/LexerParser   -I/data/data/com.termux/files/usr/tmp/tmpibtw600x/cmake-4.4.3/Utilities/std   -I/data/data/com.termux/files/usr/tmp/tmpibtw600x/cmake-4.4.3/Utilities  -c /data/data/com.termux/files/usr/tmp/tmpibtw600x/cmake-4.4.3/Source/cmBinUtilsLinuxELFLinker.cxx -o cmBinUtilsLinuxELFLinker.o
            g++     -D_FILE_OFFSET_BITS=64 -D_TIME_BITS=64    -DCMAKE_BOOTSTRAP    -DCMake_HAVE_CXX_MAKE_UNIQUE=1 -DCMake_HAVE_CXX_FILESYSTEM=1   -I/data/data/com.termux/files/usr/tmp/tmpibtw600x/cmake-4.4.3/Bootstrap.cmk   -I/data/data/com.termux/files/usr/tmp/tmpibtw600x/cmake-4.4.3/Source   -I/data/data/com.termux/files/usr/tmp/tmpibtw600x/cmake-4.4.3/Source/LexerParser   -I/data/data/com.termux/files/usr/tmp/tmpibtw600x/cmake-4.4.3/Utilities/std   -I/data/data/com.termux/files/usr/tmp/tmpibtw600x/cmake-4.4.3/Utilities  -c /data/data/com.termux/files/usr/tmp/tmpibtw600x/cmake-4.4.3/Source/cmBinUtilsLinuxELFObjdumpGetRuntimeDependenciesTool.cxx -o cmBinUtilsLinuxELFObjdumpGetRuntimeDependenciesTool.o
            g++     -D_FILE_OFFSET_BITS=64 -D_TIME_BITS=64    -DCMAKE_BOOTSTRAP    -DCMake_HAVE_CXX_MAKE_UNIQUE=1 -DCMake_HAVE_CXX_FILESYSTEM=1   -I/data/data/com.termux/files/usr/tmp/tmpibtw600x/cmake-4.4.3/Bootstrap.cmk   -I/data/data/com.termux/files/usr/tmp/tmpibtw600x/cmake-4.4.3/Source   -I/data/data/com.termux/files/usr/tmp/tmpibtw600x/cmake-4.4.3/Source/LexerParser   -I/data/data/com.termux/files/usr/tmp/tmpibtw600x/cmake-4.4.3/Utilities/std   -I/data/data/com.termux/files/usr/tmp/tmpibtw600x/cmake-4.4.3/Utilities  -c /data/data/com.termux/files/usr/tmp/tmpibtw600x/cmake-4.4.3/Source/cmBinUtilsMacOSMachOGetRuntimeDependenciesTool.cxx -o cmBinUtilsMacOSMachOGetRuntimeDependenciesTool.o
            g++     -D_FILE_OFFSET_BITS=64 -D_TIME_BITS=64    -DCMAKE_BOOTSTRAP    -DCMake_HAVE_CXX_MAKE_UNIQUE=1 -DCMake_HAVE_CXX_FILESYSTEM=1   -I/data/data/com.termux/files/usr/tmp/tmpibtw600x/cmake-4.4.3/Bootstrap.cmk   -I/data/data/com.termux/files/usr/tmp/tmpibtw600x/cmake-4.4.3/Source   -I/data/data/com.termux/files/usr/tmp/tmpibtw600x/cmake-4.4.3/Source/LexerParser   -I/data/data/com.termux/files/usr/tmp/tmpibtw600x/cmake-4.4.3/Utilities/std   -I/data/data/com.termux/files/usr/tmp/tmpibtw600x/cmake-4.4.3/Utilities  -c /data/data/com.termux/files/usr/tmp/tmpibtw600x/cmake-4.4.3/Source/cmBinUtilsMacOSMachOLinker.cxx -o cmBinUtilsMacOSMachOLinker.o
            g++     -D_FILE_OFFSET_BITS=64 -D_TIME_BITS=64    -DCMAKE_BOOTSTRAP    -DCMake_HAVE_CXX_MAKE_UNIQUE=1 -DCMake_HAVE_CXX_FILESYSTEM=1   -I/data/data/com.termux/files/usr/tmp/tmpibtw600x/cmake-4.4.3/Bootstrap.cmk   -I/data/data/com.termux/files/usr/tmp/tmpibtw600x/cmake-4.4.3/Source   -I/data/data/com.termux/files/usr/tmp/tmpibtw600x/cmake-4.4.3/Source/LexerParser   -I/data/data/com.termux/files/usr/tmp/tmpibtw600x/cmake-4.4.3/Utilities/std   -I/data/data/com.termux/files/usr/tmp/tmpibtw600x/cmake-4.4.3/Utilities  -c /data/data/com.termux/files/usr/tmp/tmpibtw600x/cmake-4.4.3/Source/cmBinUtilsMacOSMachOOToolGetRuntimeDependenciesTool.cxx -o cmBinUtilsMacOSMachOOToolGetRuntimeDependenciesTool.o
            g++     -D_FILE_OFFSET_BITS=64 -D_TIME_BITS=64    -DCMAKE_BOOTSTRAP    -DCMake_HAVE_CXX_MAKE_UNIQUE=1 -DCMake_HAVE_CXX_FILESYSTEM=1   -I/data/data/com.termux/files/usr/tmp/tmpibtw600x/cmake-4.4.3/Bootstrap.cmk   -I/data/data/com.termux/files/usr/tmp/tmpibtw600x/cmake-4.4.3/Source   -I/data/data/com.termux/files/usr/tmp/tmpibtw600x/cmake-4.4.3/Source/LexerParser   -I/data/data/com.termux/files/usr/tmp/tmpibtw600x/cmake-4.4.3/Utilities/std   -I/data/data/com.termux/files/usr/tmp/tmpibtw600x/cmake-4.4.3/Utilities  -c /data/data/com.termux/files/usr/tmp/tmpibtw600x/cmake-4.4.3/Source/cmBinUtilsWindowsPEGetRuntimeDependenciesTool.cxx -o cmBinUtilsWindowsPEGetRuntimeDependenciesTool.o
            g++     -D_FILE_OFFSET_BITS=64 -D_TIME_BITS=64    -DCMAKE_BOOTSTRAP    -DCMake_HAVE_CXX_MAKE_UNIQUE=1 -DCMake_HAVE_CXX_FILESYSTEM=1   -I/data/data/com.termux/files/usr/tmp/tmpibtw600x/cmake-4.4.3/Bootstrap.cmk   -I/data/data/com.termux/files/usr/tmp/tmpibtw600x/cmake-4.4.3/Source   -I/data/data/com.termux/files/usr/tmp/tmpibtw600x/cmake-4.4.3/Source/LexerParser   -I/data/data/com.termux/files/usr/tmp/tmpibtw600x/cmake-4.4.3/Utilities/std   -I/data/data/com.termux/files/usr/tmp/tmpibtw600x/cmake-4.4.3/Utilities  -c /data/data/com.termux/files/usr/tmp/tmpibtw600x/cmake-4.4.3/Source/cmBinUtilsWindowsPEDumpbinGetRuntimeDependenciesTool.cxx -o cmBinUtilsWindowsPEDumpbinGetRuntimeDependenciesTool.o
            g++     -D_FILE_OFFSET_BITS=64 -D_TIME_BITS=64    -DCMAKE_BOOTSTRAP    -DCMake_HAVE_CXX_MAKE_UNIQUE=1 -DCMake_HAVE_CXX_FILESYSTEM=1   -I/data/data/com.termux/files/usr/tmp/tmpibtw600x/cmake-4.4.3/Bootstrap.cmk   -I/data/data/com.termux/files/usr/tmp/tmpibtw600x/cmake-4.4.3/Source   -I/data/data/com.termux/files/usr/tmp/tmpibtw600x/cmake-4.4.3/Source/LexerParser   -I/data/data/com.termux/files/usr/tmp/tmpibtw600x/cmake-4.4.3/Utilities/std   -I/data/data/com.termux/files/usr/tmp/tmpibtw600x/cmake-4.4.3/Utilities  -c /data/data/com.termux/files/usr/tmp/tmpibtw600x/cmake-4.4.3/Source/cmBinUtilsWindowsPELinker.cxx -o cmBinUtilsWindowsPELinker.o
            g++     -D_FILE_OFFSET_BITS=64 -D_TIME_BITS=64    -DCMAKE_BOOTSTRAP    -DCMake_HAVE_CXX_MAKE_UNIQUE=1 -DCMake_HAVE_CXX_FILESYSTEM=1   -I/data/data/com.termux/files/usr/tmp/tmpibtw600x/cmake-4.4.3/Bootstrap.cmk   -I/data/data/com.termux/files/usr/tmp/tmpibtw600x/cmake-4.4.3/Source   -I/data/data/com.termux/files/usr/tmp/tmpibtw600x/cmake-4.4.3/Source/LexerParser   -I/data/data/com.termux/files/usr/tmp/tmpibtw600x/cmake-4.4.3/Utilities/std   -I/data/data/com.termux/files/usr/tmp/tmpibtw600x/cmake-4.4.3/Utilities  -c /data/data/com.termux/files/usr/tmp/tmpibtw600x/cmake-4.4.3/Source/cmBinUtilsWindowsPEObjdumpGetRuntimeDependenciesTool.cxx -o cmBinUtilsWindowsPEObjdumpGetRuntimeDependenciesTool.o
            g++     -D_FILE_OFFSET_BITS=64 -D_TIME_BITS=64    -DCMAKE_BOOTSTRAP    -DCMake_HAVE_CXX_MAKE_UNIQUE=1 -DCMake_HAVE_CXX_FILESYSTEM=1   -I/data/data/com.termux/files/usr/tmp/tmpibtw600x/cmake-4.4.3/Bootstrap.cmk   -I/data/data/com.termux/files/usr/tmp/tmpibtw600x/cmake-4.4.3/Source   -I/data/data/com.termux/files/usr/tmp/tmpibtw600x/cmake-4.4.3/Source/LexerParser   -I/data/data/com.termux/files/usr/tmp/tmpibtw600x/cmake-4.4.3/Utilities/std   -I/data/data/com.termux/files/usr/tmp/tmpibtw600x/cmake-4.4.3/Utilities  -c /data/data/com.termux/files/usr/tmp/tmpibtw600x/cmake-4.4.3/Source/cmBlockCommand.cxx -o cmBlockCommand.o
            In file included from /data/data/com.termux/files/usr/tmp/tmpibtw600x/cmake-4.4.3/Source/cmBlockCommand.cxx:13:
            /data/data/com.termux/files/usr/tmp/tmpibtw600x/cmake-4.4.3/Utilities/std/cmext/string_view:28:40: warning: identifier '_s' preceded by whitespace in a literal operator declaration is deprecated [-Wdeprecated-literal-operator]
               28 |   friend static_string_view operator"" _s(char const* data, size_t size);
                  |                             ~~~~~~~~~~~^~
                  |                             operator""_s
            /data/data/com.termux/files/usr/tmp/tmpibtw600x/cmake-4.4.3/Utilities/std/cmext/string_view:32:38: warning: identifier '_s' preceded by whitespace in a literal operator declaration is deprecated [-Wdeprecated-literal-operator]
               32 | inline static_string_view operator"" _s(char const* data, size_t size)
                  |                           ~~~~~~~~~~~^~
                  |                           operator""_s
            /data/data/com.termux/files/usr/tmp/tmpibtw600x/cmake-4.4.3/Utilities/std/cmext/string_view:39:22: warning: identifier '_s' preceded by whitespace in a literal operator declaration is deprecated [-Wdeprecated-literal-operator]
               39 | using cm::operator"" _s;
                  |           ~~~~~~~~~~~^~
                  |           operator""_s
            3 warnings generated.
            g++     -D_FILE_OFFSET_BITS=64 -D_TIME_BITS=64    -DCMAKE_BOOTSTRAP    -DCMake_HAVE_CXX_MAKE_UNIQUE=1 -DCMake_HAVE_CXX_FILESYSTEM=1   -I/data/data/com.termux/files/usr/tmp/tmpibtw600x/cmake-4.4.3/Bootstrap.cmk   -I/data/data/com.termux/files/usr/tmp/tmpibtw600x/cmake-4.4.3/Source   -I/data/data/com.termux/files/usr/tmp/tmpibtw600x/cmake-4.4.3/Source/LexerParser   -I/data/data/com.termux/files/usr/tmp/tmpibtw600x/cmake-4.4.3/Utilities/std   -I/data/data/com.termux/files/usr/tmp/tmpibtw600x/cmake-4.4.3/Utilities  -c /data/data/com.termux/files/usr/tmp/tmpibtw600x/cmake-4.4.3/Source/cmBreakCommand.cxx -o cmBreakCommand.o
            g++     -D_FILE_OFFSET_BITS=64 -D_TIME_BITS=64    -DCMAKE_BOOTSTRAP    -DCMake_HAVE_CXX_MAKE_UNIQUE=1 -DCMake_HAVE_CXX_FILESYSTEM=1   -I/data/data/com.termux/files/usr/tmp/tmpibtw600x/cmake-4.4.3/Bootstrap.cmk   -I/data/data/com.termux/files/usr/tmp/tmpibtw600x/cmake-4.4.3/Source   -I/data/data/com.termux/files/usr/tmp/tmpibtw600x/cmake-4.4.3/Source/LexerParser   -I/data/data/com.termux/files/usr/tmp/tmpibtw600x/cmake-4.4.3/Utilities/std   -I/data/data/com.termux/files/usr/tmp/tmpibtw600x/cmake-4.4.3/Utilities  -c /data/data/com.termux/files/usr/tmp/tmpibtw600x/cmake-4.4.3/Source/cmBuildCommand.cxx -o cmBuildCommand.o
            In file included from /data/data/com.termux/files/usr/tmp/tmpibtw600x/cmake-4.4.3/Source/cmBuildCommand.cxx:7:
            In file included from /data/data/com.termux/files/usr/tmp/tmpibtw600x/cmake-4.4.3/Source/cmGlobalGenerator.h:22:
            /data/data/com.termux/files/usr/tmp/tmpibtw600x/cmake-4.4.3/Utilities/std/cmext/string_view:28:40: warning: identifier '_s' preceded by whitespace in a literal operator declaration is deprecated [-Wdeprecated-literal-operator]
               28 |   friend static_string_view operator"" _s(char const* data, size_t size);
                  |                             ~~~~~~~~~~~^~
                  |                             operator""_s
            /data/data/com.termux/files/usr/tmp/tmpibtw600x/cmake-4.4.3/Utilities/std/cmext/string_view:32:38: warning: identifier '_s' preceded by whitespace in a literal operator declaration is deprecated [-Wdeprecated-literal-operator]
               32 | inline static_string_view operator"" _s(char const* data, size_t size)
                  |                           ~~~~~~~~~~~^~
                  |                           operator""_s
            /data/data/com.termux/files/usr/tmp/tmpibtw600x/cmake-4.4.3/Utilities/std/cmext/string_view:39:22: warning: identifier '_s' preceded by whitespace in a literal operator declaration is deprecated [-Wdeprecated-literal-operator]
               39 | using cm::operator"" _s;
                  |           ~~~~~~~~~~~^~
                  |           operator""_s
            3 warnings generated.
            g++     -D_FILE_OFFSET_BITS=64 -D_TIME_BITS=64    -DCMAKE_BOOTSTRAP    -DCMake_HAVE_CXX_MAKE_UNIQUE=1 -DCMake_HAVE_CXX_FILESYSTEM=1   -I/data/data/com.termux/files/usr/tmp/tmpibtw600x/cmake-4.4.3/Bootstrap.cmk   -I/data/data/com.termux/files/usr/tmp/tmpibtw600x/cmake-4.4.3/Source   -I/data/data/com.termux/files/usr/tmp/tmpibtw600x/cmake-4.4.3/Source/LexerParser   -I/data/data/com.termux/files/usr/tmp/tmpibtw600x/cmake-4.4.3/Utilities/std   -I/data/data/com.termux/files/usr/tmp/tmpibtw600x/cmake-4.4.3/Utilities  -c /data/data/com.termux/files/usr/tmp/tmpibtw600x/cmake-4.4.3/Source/cmBuildDatabase.cxx -o cmBuildDatabase.o
            In file included from /data/data/com.termux/files/usr/tmp/tmpibtw600x/cmake-4.4.3/Source/cmBuildDatabase.cxx:11:
            /data/data/com.termux/files/usr/tmp/tmpibtw600x/cmake-4.4.3/Utilities/std/cmext/string_view:28:40: warning: identifier '_s' preceded by whitespace in a literal operator declaration is deprecated [-Wdeprecated-literal-operator]
               28 |   friend static_string_view operator"" _s(char const* data, size_t size);
                  |                             ~~~~~~~~~~~^~
                  |                             operator""_s
            /data/data/com.termux/files/usr/tmp/tmpibtw600x/cmake-4.4.3/Utilities/std/cmext/string_view:32:38: warning: identifier '_s' preceded by whitespace in a literal operator declaration is deprecated [-Wdeprecated-literal-operator]
               32 | inline static_string_view operator"" _s(char const* data, size_t size)
                  |                           ~~~~~~~~~~~^~
                  |                           operator""_s
            /data/data/com.termux/files/usr/tmp/tmpibtw600x/cmake-4.4.3/Utilities/std/cmext/string_view:39:22: warning: identifier '_s' preceded by whitespace in a literal operator declaration is deprecated [-Wdeprecated-literal-operator]
               39 | using cm::operator"" _s;
                  |           ~~~~~~~~~~~^~
                  |           operator""_s
            3 warnings generated.
            g++     -D_FILE_OFFSET_BITS=64 -D_TIME_BITS=64    -DCMAKE_BOOTSTRAP    -DCMake_HAVE_CXX_MAKE_UNIQUE=1 -DCMake_HAVE_CXX_FILESYSTEM=1   -I/data/data/com.termux/files/usr/tmp/tmpibtw600x/cmake-4.4.3/Bootstrap.cmk   -I/data/data/com.termux/files/usr/tmp/tmpibtw600x/cmake-4.4.3/Source   -I/data/data/com.termux/files/usr/tmp/tmpibtw600x/cmake-4.4.3/Source/LexerParser   -I/data/data/com.termux/files/usr/tmp/tmpibtw600x/cmake-4.4.3/Utilities/std   -I/data/data/com.termux/files/usr/tmp/tmpibtw600x/cmake-4.4.3/Utilities  -c /data/data/com.termux/files/usr/tmp/tmpibtw600x/cmake-4.4.3/Source/cmCMakeLanguageCommand.cxx -o cmCMakeLanguageCommand.o
            In file included from /data/data/com.termux/files/usr/tmp/tmpibtw600x/cmake-4.4.3/Source/cmCMakeLanguageCommand.cxx:13:
            /data/data/com.termux/files/usr/tmp/tmpibtw600x/cmake-4.4.3/Utilities/std/cmext/string_view:28:40: warning: identifier '_s' preceded by whitespace in a literal operator declaration is deprecated [-Wdeprecated-literal-operator]
               28 |   friend static_string_view operator"" _s(char const* data, size_t size);
                  |                             ~~~~~~~~~~~^~
                  |                             operator""_s
            /data/data/com.termux/files/usr/tmp/tmpibtw600x/cmake-4.4.3/Utilities/std/cmext/string_view:32:38: warning: identifier '_s' preceded by whitespace in a literal operator declaration is deprecated [-Wdeprecated-literal-operator]
               32 | inline static_string_view operator"" _s(char const* data, size_t size)
                  |                           ~~~~~~~~~~~^~
                  |                           operator""_s
            /data/data/com.termux/files/usr/tmp/tmpibtw600x/cmake-4.4.3/Utilities/std/cmext/string_view:39:22: warning: identifier '_s' preceded by whitespace in a literal operator declaration is deprecated [-Wdeprecated-literal-operator]
               39 | using cm::operator"" _s;
                  |           ~~~~~~~~~~~^~
                  |           operator""_s
            3 warnings generated.
            g++     -D_FILE_OFFSET_BITS=64 -D_TIME_BITS=64    -DCMAKE_BOOTSTRAP    -DCMake_HAVE_CXX_MAKE_UNIQUE=1 -DCMake_HAVE_CXX_FILESYSTEM=1   -I/data/data/com.termux/files/usr/tmp/tmpibtw600x/cmake-4.4.3/Bootstrap.cmk   -I/data/data/com.termux/files/usr/tmp/tmpibtw600x/cmake-4.4.3/Source   -I/data/data/com.termux/files/usr/tmp/tmpibtw600x/cmake-4.4.3/Source/LexerParser   -I/data/data/com.termux/files/usr/tmp/tmpibtw600x/cmake-4.4.3/Utilities/std   -I/data/data/com.termux/files/usr/tmp/tmpibtw600x/cmake-4.4.3/Utilities  -c /data/data/com.termux/files/usr/tmp/tmpibtw600x/cmake-4.4.3/Source/cmCMakeMinimumRequired.cxx -o cmCMakeMinimumRequired.o
            g++     -D_FILE_OFFSET_BITS=64 -D_TIME_BITS=64    -DCMAKE_BOOTSTRAP    -DCMake_HAVE_CXX_MAKE_UNIQUE=1 -DCMake_HAVE_CXX_FILESYSTEM=1   -I/data/data/com.termux/files/usr/tmp/tmpibtw600x/cmake-4.4.3/Bootstrap.cmk   -I/data/data/com.termux/files/usr/tmp/tmpibtw600x/cmake-4.4.3/Source   -I/data/data/com.termux/files/usr/tmp/tmpibtw600x/cmake-4.4.3/Source/LexerParser   -I/data/data/com.termux/files/usr/tmp/tmpibtw600x/cmake-4.4.3/Utilities/std   -I/data/data/com.termux/files/usr/tmp/tmpibtw600x/cmake-4.4.3/Utilities  -c /data/data/com.termux/files/usr/tmp/tmpibtw600x/cmake-4.4.3/Source/cmList.cxx -o cmList.o
            In file included from /data/data/com.termux/files/usr/tmp/tmpibtw600x/cmake-4.4.3/Source/cmList.cxx:26:
            In file included from /data/data/com.termux/files/usr/tmp/tmpibtw600x/cmake-4.4.3/Source/cmState.h:18:
            In file included from /data/data/com.termux/files/usr/tmp/tmpibtw600x/cmake-4.4.3/Source/cmDefinitions.h:14:
            In file included from /data/data/com.termux/files/usr/tmp/tmpibtw600x/cmake-4.4.3/Source/cmString.hxx:17:
            /data/data/com.termux/files/usr/tmp/tmpibtw600x/cmake-4.4.3/Utilities/std/cmext/string_view:28:40: warning: identifier '_s' preceded by whitespace in a literal operator declaration is deprecated [-Wdeprecated-literal-operator]
               28 |   friend static_string_view operator"" _s(char const* data, size_t size);
                  |                             ~~~~~~~~~~~^~
                  |                             operator""_s
            /data/data/com.termux/files/usr/tmp/tmpibtw600x/cmake-4.4.3/Utilities/std/cmext/string_view:32:38: warning: identifier '_s' preceded by whitespace in a literal operator declaration is deprecated [-Wdeprecated-literal-operator]
               32 | inline static_string_view operator"" _s(char const* data, size_t size)
                  |                           ~~~~~~~~~~~^~
                  |                           operator""_s
            /data/data/com.termux/files/usr/tmp/tmpibtw600x/cmake-4.4.3/Utilities/std/cmext/string_view:39:22: warning: identifier '_s' preceded by whitespace in a literal operator declaration is deprecated [-Wdeprecated-literal-operator]
               39 | using cm::operator"" _s;
                  |           ~~~~~~~~~~~^~
                  |           operator""_s
            3 warnings generated.
            g++     -D_FILE_OFFSET_BITS=64 -D_TIME_BITS=64    -DCMAKE_BOOTSTRAP    -DCMake_HAVE_CXX_MAKE_UNIQUE=1 -DCMake_HAVE_CXX_FILESYSTEM=1   -I/data/data/com.termux/files/usr/tmp/tmpibtw600x/cmake-4.4.3/Bootstrap.cmk   -I/data/data/com.termux/files/usr/tmp/tmpibtw600x/cmake-4.4.3/Source   -I/data/data/com.termux/files/usr/tmp/tmpibtw600x/cmake-4.4.3/Source/LexerParser   -I/data/data/com.termux/files/usr/tmp/tmpibtw600x/cmake-4.4.3/Utilities/std   -I/data/data/com.termux/files/usr/tmp/tmpibtw600x/cmake-4.4.3/Utilities  -c /data/data/com.termux/files/usr/tmp/tmpibtw600x/cmake-4.4.3/Source/cmCMakeDiagnosticCommand.cxx -o cmCMakeDiagnosticCommand.o
            In file included from /data/data/com.termux/files/usr/tmp/tmpibtw600x/cmake-4.4.3/Source/cmCMakeDiagnosticCommand.cxx:6:
            /data/data/com.termux/files/usr/tmp/tmpibtw600x/cmake-4.4.3/Utilities/std/cmext/string_view:28:40: warning: identifier '_s' preceded by whitespace in a literal operator declaration is deprecated [-Wdeprecated-literal-operator]
               28 |   friend static_string_view operator"" _s(char const* data, size_t size);
                  |                             ~~~~~~~~~~~^~
                  |                             operator""_s
            /data/data/com.termux/files/usr/tmp/tmpibtw600x/cmake-4.4.3/Utilities/std/cmext/string_view:32:38: warning: identifier '_s' preceded by whitespace in a literal operator declaration is deprecated [-Wdeprecated-literal-operator]
               32 | inline static_string_view operator"" _s(char const* data, size_t size)
                  |                           ~~~~~~~~~~~^~
                  |                           operator""_s
            /data/data/com.termux/files/usr/tmp/tmpibtw600x/cmake-4.4.3/Utilities/std/cmext/string_view:39:22: warning: identifier '_s' preceded by whitespace in a literal operator declaration is deprecated [-Wdeprecated-literal-operator]
               39 | using cm::operator"" _s;
                  |           ~~~~~~~~~~~^~
                  |           operator""_s
            3 warnings generated.
            g++     -D_FILE_OFFSET_BITS=64 -D_TIME_BITS=64    -DCMAKE_BOOTSTRAP    -DCMake_HAVE_CXX_MAKE_UNIQUE=1 -DCMake_HAVE_CXX_FILESYSTEM=1   -I/data/data/com.termux/files/usr/tmp/tmpibtw600x/cmake-4.4.3/Bootstrap.cmk   -I/data/data/com.termux/files/usr/tmp/tmpibtw600x/cmake-4.4.3/Source   -I/data/data/com.termux/files/usr/tmp/tmpibtw600x/cmake-4.4.3/Source/LexerParser   -I/data/data/com.termux/files/usr/tmp/tmpibtw600x/cmake-4.4.3/Utilities/std   -I/data/data/com.termux/files/usr/tmp/tmpibtw600x/cmake-4.4.3/Utilities  -c /data/data/com.termux/files/usr/tmp/tmpibtw600x/cmake-4.4.3/Source/cmCMakePath.cxx -o cmCMakePath.o
            g++     -D_FILE_OFFSET_BITS=64 -D_TIME_BITS=64    -DCMAKE_BOOTSTRAP    -DCMake_HAVE_CXX_MAKE_UNIQUE=1 -DCMake_HAVE_CXX_FILESYSTEM=1   -I/data/data/com.termux/files/usr/tmp/tmpibtw600x/cmake-4.4.3/Bootstrap.cmk   -I/data/data/com.termux/files/usr/tmp/tmpibtw600x/cmake-4.4.3/Source   -I/data/data/com.termux/files/usr/tmp/tmpibtw600x/cmake-4.4.3/Source/LexerParser   -I/data/data/com.termux/files/usr/tmp/tmpibtw600x/cmake-4.4.3/Utilities/std   -I/data/data/com.termux/files/usr/tmp/tmpibtw600x/cmake-4.4.3/Utilities  -c /data/data/com.termux/files/usr/tmp/tmpibtw600x/cmake-4.4.3/Source/cmCMakePathCommand.cxx -o cmCMakePathCommand.o
            In file included from /data/data/com.termux/files/usr/tmp/tmpibtw600x/cmake-4.4.3/Source/cmCMakePathCommand.cxx:15:
            /data/data/com.termux/files/usr/tmp/tmpibtw600x/cmake-4.4.3/Utilities/std/cmext/string_view:28:40: warning: identifier '_s' preceded by whitespace in a literal operator declaration is deprecated [-Wdeprecated-literal-operator]
               28 |   friend static_string_view operator"" _s(char const* data, size_t size);
                  |                             ~~~~~~~~~~~^~
                  |                             operator""_s
            /data/data/com.termux/files/usr/tmp/tmpibtw600x/cmake-4.4.3/Utilities/std/cmext/string_view:32:38: warning: identifier '_s' preceded by whitespace in a literal operator declaration is deprecated [-Wdeprecated-literal-operator]
               32 | inline static_string_view operator"" _s(char const* data, size_t size)
                  |                           ~~~~~~~~~~~^~
                  |                           operator""_s
            /data/data/com.termux/files/usr/tmp/tmpibtw600x/cmake-4.4.3/Utilities/std/cmext/string_view:39:22: warning: identifier '_s' preceded by whitespace in a literal operator declaration is deprecated [-Wdeprecated-literal-operator]
               39 | using cm::operator"" _s;
                  |           ~~~~~~~~~~~^~
                  |           operator""_s
            3 warnings generated.
            g++     -D_FILE_OFFSET_BITS=64 -D_TIME_BITS=64    -DCMAKE_BOOTSTRAP    -DCMake_HAVE_CXX_MAKE_UNIQUE=1 -DCMake_HAVE_CXX_FILESYSTEM=1   -I/data/data/com.termux/files/usr/tmp/tmpibtw600x/cmake-4.4.3/Bootstrap.cmk   -I/data/data/com.termux/files/usr/tmp/tmpibtw600x/cmake-4.4.3/Source   -I/data/data/com.termux/files/usr/tmp/tmpibtw600x/cmake-4.4.3/Source/LexerParser   -I/data/data/com.termux/files/usr/tmp/tmpibtw600x/cmake-4.4.3/Utilities/std   -I/data/data/com.termux/files/usr/tmp/tmpibtw600x/cmake-4.4.3/Utilities  -c /data/data/com.termux/files/usr/tmp/tmpibtw600x/cmake-4.4.3/Source/cmCMakePolicyCommand.cxx -o cmCMakePolicyCommand.o
            In file included from /data/data/com.termux/files/usr/tmp/tmpibtw600x/cmake-4.4.3/Source/cmCMakePolicyCommand.cxx:5:
            /data/data/com.termux/files/usr/tmp/tmpibtw600x/cmake-4.4.3/Utilities/std/cmext/string_view:28:40: warning: identifier '_s' preceded by whitespace in a literal operator declaration is deprecated [-Wdeprecated-literal-operator]
               28 |   friend static_string_view operator"" _s(char const* data, size_t size);
                  |                             ~~~~~~~~~~~^~
                  |                             operator""_s
            /data/data/com.termux/files/usr/tmp/tmpibtw600x/cmake-4.4.3/Utilities/std/cmext/string_view:32:38: warning: identifier '_s' preceded by whitespace in a literal operator declaration is deprecated [-Wdeprecated-literal-operator]
               32 | inline static_string_view operator"" _s(char const* data, size_t size)
                  |                           ~~~~~~~~~~~^~
                  |                           operator""_s
            /data/data/com.termux/files/usr/tmp/tmpibtw600x/cmake-4.4.3/Utilities/std/cmext/string_view:39:22: warning: identifier '_s' preceded by whitespace in a literal operator declaration is deprecated [-Wdeprecated-literal-operator]
               39 | using cm::operator"" _s;
                  |           ~~~~~~~~~~~^~
                  |           operator""_s
            3 warnings generated.
            g++     -D_FILE_OFFSET_BITS=64 -D_TIME_BITS=64    -DCMAKE_BOOTSTRAP    -DCMake_HAVE_CXX_MAKE_UNIQUE=1 -DCMake_HAVE_CXX_FILESYSTEM=1   -I/data/data/com.termux/files/usr/tmp/tmpibtw600x/cmake-4.4.3/Bootstrap.cmk   -I/data/data/com.termux/files/usr/tmp/tmpibtw600x/cmake-4.4.3/Source   -I/data/data/com.termux/files/usr/tmp/tmpibtw600x/cmake-4.4.3/Source/LexerParser   -I/data/data/com.termux/files/usr/tmp/tmpibtw600x/cmake-4.4.3/Utilities/std   -I/data/data/com.termux/files/usr/tmp/tmpibtw600x/cmake-4.4.3/Utilities  -c /data/data/com.termux/files/usr/tmp/tmpibtw600x/cmake-4.4.3/Source/cmCMakeString.cxx -o cmCMakeString.o
            In file included from /data/data/com.termux/files/usr/tmp/tmpibtw600x/cmake-4.4.3/Source/cmCMakeString.cxx:6:
            In file included from /data/data/com.termux/files/usr/tmp/tmpibtw600x/cmake-4.4.3/Source/cmCMakeString.hxx:17:
            In file included from /data/data/com.termux/files/usr/tmp/tmpibtw600x/cmake-4.4.3/Source/cmString.hxx:17:
            /data/data/com.termux/files/usr/tmp/tmpibtw600x/cmake-4.4.3/Utilities/std/cmext/string_view:28:40: warning: identifier '_s' preceded by whitespace in a literal operator declaration is deprecated [-Wdeprecated-literal-operator]
               28 |   friend static_string_view operator"" _s(char const* data, size_t size);
                  |                             ~~~~~~~~~~~^~
                  |                             operator""_s
            /data/data/com.termux/files/usr/tmp/tmpibtw600x/cmake-4.4.3/Utilities/std/cmext/string_view:32:38: warning: identifier '_s' preceded by whitespace in a literal operator declaration is deprecated [-Wdeprecated-literal-operator]
               32 | inline static_string_view operator"" _s(char const* data, size_t size)
                  |                           ~~~~~~~~~~~^~
                  |                           operator""_s
            /data/data/com.termux/files/usr/tmp/tmpibtw600x/cmake-4.4.3/Utilities/std/cmext/string_view:39:22: warning: identifier '_s' preceded by whitespace in a literal operator declaration is deprecated [-Wdeprecated-literal-operator]
               39 | using cm::operator"" _s;
                  |           ~~~~~~~~~~~^~
                  |           operator""_s
            3 warnings generated.
            g++     -D_FILE_OFFSET_BITS=64 -D_TIME_BITS=64    -DCMAKE_BOOTSTRAP    -DCMake_HAVE_CXX_MAKE_UNIQUE=1 -DCMake_HAVE_CXX_FILESYSTEM=1   -I/data/data/com.termux/files/usr/tmp/tmpibtw600x/cmake-4.4.3/Bootstrap.cmk   -I/data/data/com.termux/files/usr/tmp/tmpibtw600x/cmake-4.4.3/Source   -I/data/data/com.termux/files/usr/tmp/tmpibtw600x/cmake-4.4.3/Source/LexerParser   -I/data/data/com.termux/files/usr/tmp/tmpibtw600x/cmake-4.4.3/Utilities/std   -I/data/data/com.termux/files/usr/tmp/tmpibtw600x/cmake-4.4.3/Utilities  -c /data/data/com.termux/files/usr/tmp/tmpibtw600x/cmake-4.4.3/Source/cmCPackPropertiesGenerator.cxx -o cmCPackPropertiesGenerator.o
            g++     -D_FILE_OFFSET_BITS=64 -D_TIME_BITS=64    -DCMAKE_BOOTSTRAP    -DCMake_HAVE_CXX_MAKE_UNIQUE=1 -DCMake_HAVE_CXX_FILESYSTEM=1   -I/data/data/com.termux/files/usr/tmp/tmpibtw600x/cmake-4.4.3/Bootstrap.cmk   -I/data/data/com.termux/files/usr/tmp/tmpibtw600x/cmake-4.4.3/Source   -I/data/data/com.termux/files/usr/tmp/tmpibtw600x/cmake-4.4.3/Source/LexerParser   -I/data/data/com.termux/files/usr/tmp/tmpibtw600x/cmake-4.4.3/Utilities/std   -I/data/data/com.termux/files/usr/tmp/tmpibtw600x/cmake-4.4.3/Utilities  -c /data/data/com.termux/files/usr/tmp/tmpibtw600x/cmake-4.4.3/Source/cmCacheDocumentationTable.cxx -o cmCacheDocumentationTable.o
            In file included from /data/data/com.termux/files/usr/tmp/tmpibtw600x/cmake-4.4.3/Source/cmCacheDocumentationTable.cxx:40:
            /data/data/com.termux/files/usr/tmp/tmpibtw600x/cmake-4.4.3/Utilities/std/cmext/string_view:28:40: warning: identifier '_s' preceded by whitespace in a literal operator declaration is deprecated [-Wdeprecated-literal-operator]
               28 |   friend static_string_view operator"" _s(char const* data, size_t size);
                  |                             ~~~~~~~~~~~^~
                  |                             operator""_s
            /data/data/com.termux/files/usr/tmp/tmpibtw600x/cmake-4.4.3/Utilities/std/cmext/string_view:32:38: warning: identifier '_s' preceded by whitespace in a literal operator declaration is deprecated [-Wdeprecated-literal-operator]
               32 | inline static_string_view operator"" _s(char const* data, size_t size)
                  |                           ~~~~~~~~~~~^~
                  |                           operator""_s
            /data/data/com.termux/files/usr/tmp/tmpibtw600x/cmake-4.4.3/Utilities/std/cmext/string_view:39:22: warning: identifier '_s' preceded by whitespace in a literal operator declaration is deprecated [-Wdeprecated-literal-operator]
               39 | using cm::operator"" _s;
                  |           ~~~~~~~~~~~^~
                  |           operator""_s
            3 warnings generated.
            g++     -D_FILE_OFFSET_BITS=64 -D_TIME_BITS=64    -DCMAKE_BOOTSTRAP    -DCMake_HAVE_CXX_MAKE_UNIQUE=1 -DCMake_HAVE_CXX_FILESYSTEM=1   -I/data/data/com.termux/files/usr/tmp/tmpibtw600x/cmake-4.4.3/Bootstrap.cmk   -I/data/data/com.termux/files/usr/tmp/tmpibtw600x/cmake-4.4.3/Source   -I/data/data/com.termux/files/usr/tmp/tmpibtw600x/cmake-4.4.3/Source/LexerParser   -I/data/data/com.termux/files/usr/tmp/tmpibtw600x/cmake-4.4.3/Utilities/std   -I/data/data/com.termux/files/usr/tmp/tmpibtw600x/cmake-4.4.3/Utilities  -c /data/data/com.termux/files/usr/tmp/tmpibtw600x/cmake-4.4.3/Source/cmCacheManager.cxx -o cmCacheManager.o
            In file included from /data/data/com.termux/files/usr/tmp/tmpibtw600x/cmake-4.4.3/Source/cmCacheManager.cxx:18:
            In file included from /data/data/com.termux/files/usr/tmp/tmpibtw600x/cmake-4.4.3/Source/cmState.h:18:
            In file included from /data/data/com.termux/files/usr/tmp/tmpibtw600x/cmake-4.4.3/Source/cmDefinitions.h:14:
            In file included from /data/data/com.termux/files/usr/tmp/tmpibtw600x/cmake-4.4.3/Source/cmString.hxx:17:
            /data/data/com.termux/files/usr/tmp/tmpibtw600x/cmake-4.4.3/Utilities/std/cmext/string_view:28:40: warning: identifier '_s' preceded by whitespace in a literal operator declaration is deprecated [-Wdeprecated-literal-operator]
               28 |   friend static_string_view operator"" _s(char const* data, size_t size);
                  |                             ~~~~~~~~~~~^~
                  |                             operator""_s
            /data/data/com.termux/files/usr/tmp/tmpibtw600x/cmake-4.4.3/Utilities/std/cmext/string_view:32:38: warning: identifier '_s' preceded by whitespace in a literal operator declaration is deprecated [-Wdeprecated-literal-operator]
               32 | inline static_string_view operator"" _s(char const* data, size_t size)
                  |                           ~~~~~~~~~~~^~
                  |                           operator""_s
            /data/data/com.termux/files/usr/tmp/tmpibtw600x/cmake-4.4.3/Utilities/std/cmext/string_view:39:22: warning: identifier '_s' preceded by whitespace in a literal operator declaration is deprecated [-Wdeprecated-literal-operator]
               39 | using cm::operator"" _s;
                  |           ~~~~~~~~~~~^~
                  |           operator""_s
            3 warnings generated.
            g++     -D_FILE_OFFSET_BITS=64 -D_TIME_BITS=64    -DCMAKE_BOOTSTRAP    -DCMake_HAVE_CXX_MAKE_UNIQUE=1 -DCMake_HAVE_CXX_FILESYSTEM=1   -I/data/data/com.termux/files/usr/tmp/tmpibtw600x/cmake-4.4.3/Bootstrap.cmk   -I/data/data/com.termux/files/usr/tmp/tmpibtw600x/cmake-4.4.3/Source   -I/data/data/com.termux/files/usr/tmp/tmpibtw600x/cmake-4.4.3/Source/LexerParser   -I/data/data/com.termux/files/usr/tmp/tmpibtw600x/cmake-4.4.3/Utilities/std   -I/data/data/com.termux/files/usr/tmp/tmpibtw600x/cmake-4.4.3/Utilities  -c /data/data/com.termux/files/usr/tmp/tmpibtw600x/cmake-4.4.3/Source/cmCachePatternTable.cxx -o cmCachePatternTable.o
            In file included from /data/data/com.termux/files/usr/tmp/tmpibtw600x/cmake-4.4.3/Source/cmCachePatternTable.cxx:52:
            /data/data/com.termux/files/usr/tmp/tmpibtw600x/cmake-4.4.3/Utilities/std/cmext/string_view:28:40: warning: identifier '_s' preceded by whitespace in a literal operator declaration is deprecated [-Wdeprecated-literal-operator]
               28 |   friend static_string_view operator"" _s(char const* data, size_t size);
                  |                             ~~~~~~~~~~~^~
                  |                             operator""_s
            /data/data/com.termux/files/usr/tmp/tmpibtw600x/cmake-4.4.3/Utilities/std/cmext/string_view:32:38: warning: identifier '_s' preceded by whitespace in a literal operator declaration is deprecated [-Wdeprecated-literal-operator]
               32 | inline static_string_view operator"" _s(char const* data, size_t size)
                  |                           ~~~~~~~~~~~^~
                  |                           operator""_s
            /data/data/com.termux/files/usr/tmp/tmpibtw600x/cmake-4.4.3/Utilities/std/cmext/string_view:39:22: warning: identifier '_s' preceded by whitespace in a literal operator declaration is deprecated [-Wdeprecated-literal-operator]
               39 | using cm::operator"" _s;
                  |           ~~~~~~~~~~~^~
                  |           operator""_s
            3 warnings generated.
            g++     -D_FILE_OFFSET_BITS=64 -D_TIME_BITS=64    -DCMAKE_BOOTSTRAP    -DCMake_HAVE_CXX_MAKE_UNIQUE=1 -DCMake_HAVE_CXX_FILESYSTEM=1   -I/data/data/com.termux/files/usr/tmp/tmpibtw600x/cmake-4.4.3/Bootstrap.cmk   -I/data/data/com.termux/files/usr/tmp/tmpibtw600x/cmake-4.4.3/Source   -I/data/data/com.termux/files/usr/tmp/tmpibtw600x/cmake-4.4.3/Source/LexerParser   -I/data/data/com.termux/files/usr/tmp/tmpibtw600x/cmake-4.4.3/Utilities/std   -I/data/data/com.termux/files/usr/tmp/tmpibtw600x/cmake-4.4.3/Utilities  -c /data/data/com.termux/files/usr/tmp/tmpibtw600x/cmake-4.4.3/Source/cmCommands.cxx -o cmCommands.o
            In file included from /data/data/com.termux/files/usr/tmp/tmpibtw600x/cmake-4.4.3/Source/cmCommands.cxx:35:
            In file included from /data/data/com.termux/files/usr/tmp/tmpibtw600x/cmake-4.4.3/Source/cmFindFileCommand.h:10:
            In file included from /data/data/com.termux/files/usr/tmp/tmpibtw600x/cmake-4.4.3/Source/cmFindPathCommand.h:10:
            In file included from /data/data/com.termux/files/usr/tmp/tmpibtw600x/cmake-4.4.3/Source/cmFindBase.h:11:
            In file included from /data/data/com.termux/files/usr/tmp/tmpibtw600x/cmake-4.4.3/Source/cmFindCommon.h:16:
            In file included from /data/data/com.termux/files/usr/tmp/tmpibtw600x/cmake-4.4.3/Source/cmWindowsRegistry.h:14:
            /data/data/com.termux/files/usr/tmp/tmpibtw600x/cmake-4.4.3/Utilities/std/cmext/string_view:28:40: warning: identifier '_s' preceded by whitespace in a literal operator declaration is deprecated [-Wdeprecated-literal-operator]
               28 |   friend static_string_view operator"" _s(char const* data, size_t size);
                  |                             ~~~~~~~~~~~^~
                  |                             operator""_s
            /data/data/com.termux/files/usr/tmp/tmpibtw600x/cmake-4.4.3/Utilities/std/cmext/string_view:32:38: warning: identifier '_s' preceded by whitespace in a literal operator declaration is deprecated [-Wdeprecated-literal-operator]
               32 | inline static_string_view operator"" _s(char const* data, size_t size)
                  |                           ~~~~~~~~~~~^~
                  |                           operator""_s
            /data/data/com.termux/files/usr/tmp/tmpibtw600x/cmake-4.4.3/Utilities/std/cmext/string_view:39:22: warning: identifier '_s' preceded by whitespace in a literal operator declaration is deprecated [-Wdeprecated-literal-operator]
               39 | using cm::operator"" _s;
                  |           ~~~~~~~~~~~^~
                  |           operator""_s
            3 warnings generated.
            g++     -D_FILE_OFFSET_BITS=64 -D_TIME_BITS=64    -DCMAKE_BOOTSTRAP    -DCMake_HAVE_CXX_MAKE_UNIQUE=1 -DCMake_HAVE_CXX_FILESYSTEM=1   -I/data/data/com.termux/files/usr/tmp/tmpibtw600x/cmake-4.4.3/Bootstrap.cmk   -I/data/data/com.termux/files/usr/tmp/tmpibtw600x/cmake-4.4.3/Source   -I/data/data/com.termux/files/usr/tmp/tmpibtw600x/cmake-4.4.3/Source/LexerParser   -I/data/data/com.termux/files/usr/tmp/tmpibtw600x/cmake-4.4.3/Utilities/std   -I/data/data/com.termux/files/usr/tmp/tmpibtw600x/cmake-4.4.3/Utilities  -c /data/data/com.termux/files/usr/tmp/tmpibtw600x/cmake-4.4.3/Source/cmCommonTargetGenerator.cxx -o cmCommonTargetGenerator.o
            In file included from /data/data/com.termux/files/usr/tmp/tmpibtw600x/cmake-4.4.3/Source/cmCommonTargetGenerator.cxx:11:
            /data/data/com.termux/files/usr/tmp/tmpibtw600x/cmake-4.4.3/Utilities/std/cmext/string_view:28:40: warning: identifier '_s' preceded by whitespace in a literal operator declaration is deprecated [-Wdeprecated-literal-operator]
               28 |   friend static_string_view operator"" _s(char const* data, size_t size);
                  |                             ~~~~~~~~~~~^~
                  |                             operator""_s
            /data/data/com.termux/files/usr/tmp/tmpibtw600x/cmake-4.4.3/Utilities/std/cmext/string_view:32:38: warning: identifier '_s' preceded by whitespace in a literal operator declaration is deprecated [-Wdeprecated-literal-operator]
               32 | inline static_string_view operator"" _s(char const* data, size_t size)
                  |                           ~~~~~~~~~~~^~
                  |                           operator""_s
            /data/data/com.termux/files/usr/tmp/tmpibtw600x/cmake-4.4.3/Utilities/std/cmext/string_view:39:22: warning: identifier '_s' preceded by whitespace in a literal operator declaration is deprecated [-Wdeprecated-literal-operator]
               39 | using cm::operator"" _s;
                  |           ~~~~~~~~~~~^~
                  |           operator""_s
            3 warnings generated.
            g++     -D_FILE_OFFSET_BITS=64 -D_TIME_BITS=64    -DCMAKE_BOOTSTRAP    -DCMake_HAVE_CXX_MAKE_UNIQUE=1 -DCMake_HAVE_CXX_FILESYSTEM=1   -I/data/data/com.termux/files/usr/tmp/tmpibtw600x/cmake-4.4.3/Bootstrap.cmk   -I/data/data/com.termux/files/usr/tmp/tmpibtw600x/cmake-4.4.3/Source   -I/data/data/com.termux/files/usr/tmp/tmpibtw600x/cmake-4.4.3/Source/LexerParser   -I/data/data/com.termux/files/usr/tmp/tmpibtw600x/cmake-4.4.3/Utilities/std   -I/data/data/com.termux/files/usr/tmp/tmpibtw600x/cmake-4.4.3/Utilities  -c /data/data/com.termux/files/usr/tmp/tmpibtw600x/cmake-4.4.3/Source/cmComputeComponentGraph.cxx -o cmComputeComponentGraph.o
            g++     -D_FILE_OFFSET_BITS=64 -D_TIME_BITS=64    -DCMAKE_BOOTSTRAP    -DCMake_HAVE_CXX_MAKE_UNIQUE=1 -DCMake_HAVE_CXX_FILESYSTEM=1   -I/data/data/com.termux/files/usr/tmp/tmpibtw600x/cmake-4.4.3/Bootstrap.cmk   -I/data/data/com.termux/files/usr/tmp/tmpibtw600x/cmake-4.4.3/Source   -I/data/data/com.termux/files/usr/tmp/tmpibtw600x/cmake-4.4.3/Source/LexerParser   -I/data/data/com.termux/files/usr/tmp/tmpibtw600x/cmake-4.4.3/Utilities/std   -I/data/data/com.termux/files/usr/tmp/tmpibtw600x/cmake-4.4.3/Utilities  -c /data/data/com.termux/files/usr/tmp/tmpibtw600x/cmake-4.4.3/Source/cmComputeLinkDepends.cxx -o cmComputeLinkDepends.o
            In file included from /data/data/com.termux/files/usr/tmp/tmpibtw600x/cmake-4.4.3/Source/cmComputeLinkDepends.cxx:16:
            /data/data/com.termux/files/usr/tmp/tmpibtw600x/cmake-4.4.3/Utilities/std/cmext/string_view:28:40: warning: identifier '_s' preceded by whitespace in a literal operator declaration is deprecated [-Wdeprecated-literal-operator]
               28 |   friend static_string_view operator"" _s(char const* data, size_t size);
                  |                             ~~~~~~~~~~~^~
                  |                             operator""_s
            /data/data/com.termux/files/usr/tmp/tmpibtw600x/cmake-4.4.3/Utilities/std/cmext/string_view:32:38: warning: identifier '_s' preceded by whitespace in a literal operator declaration is deprecated [-Wdeprecated-literal-operator]
               32 | inline static_string_view operator"" _s(char const* data, size_t size)
                  |                           ~~~~~~~~~~~^~
                  |                           operator""_s
            /data/data/com.termux/files/usr/tmp/tmpibtw600x/cmake-4.4.3/Utilities/std/cmext/string_view:39:22: warning: identifier '_s' preceded by whitespace in a literal operator declaration is deprecated [-Wdeprecated-literal-operator]
               39 | using cm::operator"" _s;
                  |           ~~~~~~~~~~~^~
                  |           operator""_s
            3 warnings generated.
            g++     -D_FILE_OFFSET_BITS=64 -D_TIME_BITS=64    -DCMAKE_BOOTSTRAP    -DCMake_HAVE_CXX_MAKE_UNIQUE=1 -DCMake_HAVE_CXX_FILESYSTEM=1   -I/data/data/com.termux/files/usr/tmp/tmpibtw600x/cmake-4.4.3/Bootstrap.cmk   -I/data/data/com.termux/files/usr/tmp/tmpibtw600x/cmake-4.4.3/Source   -I/data/data/com.termux/files/usr/tmp/tmpibtw600x/cmake-4.4.3/Source/LexerParser   -I/data/data/com.termux/files/usr/tmp/tmpibtw600x/cmake-4.4.3/Utilities/std   -I/data/data/com.termux/files/usr/tmp/tmpibtw600x/cmake-4.4.3/Utilities  -c /data/data/com.termux/files/usr/tmp/tmpibtw600x/cmake-4.4.3/Source/cmComputeLinkInformation.cxx -o cmComputeLinkInformation.o
            In file included from /data/data/com.termux/files/usr/tmp/tmpibtw600x/cmake-4.4.3/Source/cmComputeLinkInformation.cxx:13:
            /data/data/com.termux/files/usr/tmp/tmpibtw600x/cmake-4.4.3/Utilities/std/cmext/string_view:28:40: warning: identifier '_s' preceded by whitespace in a literal operator declaration is deprecated [-Wdeprecated-literal-operator]
               28 |   friend static_string_view operator"" _s(char const* data, size_t size);
                  |                             ~~~~~~~~~~~^~
                  |                             operator""_s
            /data/data/com.termux/files/usr/tmp/tmpibtw600x/cmake-4.4.3/Utilities/std/cmext/string_view:32:38: warning: identifier '_s' preceded by whitespace in a literal operator declaration is deprecated [-Wdeprecated-literal-operator]
               32 | inline static_string_view operator"" _s(char const* data, size_t size)
                  |                           ~~~~~~~~~~~^~
                  |                           operator""_s
            /data/data/com.termux/files/usr/tmp/tmpibtw600x/cmake-4.4.3/Utilities/std/cmext/string_view:39:22: warning: identifier '_s' preceded by whitespace in a literal operator declaration is deprecated [-Wdeprecated-literal-operator]
               39 | using cm::operator"" _s;
                  |           ~~~~~~~~~~~^~
                  |           operator""_s
            3 warnings generated.
            g++     -D_FILE_OFFSET_BITS=64 -D_TIME_BITS=64    -DCMAKE_BOOTSTRAP    -DCMake_HAVE_CXX_MAKE_UNIQUE=1 -DCMake_HAVE_CXX_FILESYSTEM=1   -I/data/data/com.termux/files/usr/tmp/tmpibtw600x/cmake-4.4.3/Bootstrap.cmk   -I/data/data/com.termux/files/usr/tmp/tmpibtw600x/cmake-4.4.3/Source   -I/data/data/com.termux/files/usr/tmp/tmpibtw600x/cmake-4.4.3/Source/LexerParser   -I/data/data/com.termux/files/usr/tmp/tmpibtw600x/cmake-4.4.3/Utilities/std   -I/data/data/com.termux/files/usr/tmp/tmpibtw600x/cmake-4.4.3/Utilities  -c /data/data/com.termux/files/usr/tmp/tmpibtw600x/cmake-4.4.3/Source/cmComputeTargetDepends.cxx -o cmComputeTargetDepends.o
            In file included from /data/data/com.termux/files/usr/tmp/tmpibtw600x/cmake-4.4.3/Source/cmComputeTargetDepends.cxx:14:
            In file included from /data/data/com.termux/files/usr/tmp/tmpibtw600x/cmake-4.4.3/Source/cmGlobalGenerator.h:22:
            /data/data/com.termux/files/usr/tmp/tmpibtw600x/cmake-4.4.3/Utilities/std/cmext/string_view:28:40: warning: identifier '_s' preceded by whitespace in a literal operator declaration is deprecated [-Wdeprecated-literal-operator]
               28 |   friend static_string_view operator"" _s(char const* data, size_t size);
                  |                             ~~~~~~~~~~~^~
                  |                             operator""_s
            /data/data/com.termux/files/usr/tmp/tmpibtw600x/cmake-4.4.3/Utilities/std/cmext/string_view:32:38: warning: identifier '_s' preceded by whitespace in a literal operator declaration is deprecated [-Wdeprecated-literal-operator]
               32 | inline static_string_view operator"" _s(char const* data, size_t size)
                  |                           ~~~~~~~~~~~^~
                  |                           operator""_s
            /data/data/com.termux/files/usr/tmp/tmpibtw600x/cmake-4.4.3/Utilities/std/cmext/string_view:39:22: warning: identifier '_s' preceded by whitespace in a literal operator declaration is deprecated [-Wdeprecated-literal-operator]
               39 | using cm::operator"" _s;
                  |           ~~~~~~~~~~~^~
                  |           operator""_s
            3 warnings generated.
            g++     -D_FILE_OFFSET_BITS=64 -D_TIME_BITS=64    -DCMAKE_BOOTSTRAP    -DCMake_HAVE_CXX_MAKE_UNIQUE=1 -DCMake_HAVE_CXX_FILESYSTEM=1   -I/data/data/com.termux/files/usr/tmp/tmpibtw600x/cmake-4.4.3/Bootstrap.cmk   -I/data/data/com.termux/files/usr/tmp/tmpibtw600x/cmake-4.4.3/Source   -I/data/data/com.termux/files/usr/tmp/tmpibtw600x/cmake-4.4.3/Source/LexerParser   -I/data/data/com.termux/files/usr/tmp/tmpibtw600x/cmake-4.4.3/Utilities/std   -I/data/data/com.termux/files/usr/tmp/tmpibtw600x/cmake-4.4.3/Utilities  -c /data/data/com.termux/files/usr/tmp/tmpibtw600x/cmake-4.4.3/Source/cmConditionEvaluator.cxx -o cmConditionEvaluator.o
            In file included from /data/data/com.termux/files/usr/tmp/tmpibtw600x/cmake-4.4.3/Source/cmConditionEvaluator.cxx:3:
            In file included from /data/data/com.termux/files/usr/tmp/tmpibtw600x/cmake-4.4.3/Source/cmConditionEvaluator.h:10:
            /data/data/com.termux/files/usr/tmp/tmpibtw600x/cmake-4.4.3/Utilities/std/cmext/string_view:28:40: warning: identifier '_s' preceded by whitespace in a literal operator declaration is deprecated [-Wdeprecated-literal-operator]
               28 |   friend static_string_view operator"" _s(char const* data, size_t size);
                  |                             ~~~~~~~~~~~^~
                  |                             operator""_s
            /data/data/com.termux/files/usr/tmp/tmpibtw600x/cmake-4.4.3/Utilities/std/cmext/string_view:32:38: warning: identifier '_s' preceded by whitespace in a literal operator declaration is deprecated [-Wdeprecated-literal-operator]
               32 | inline static_string_view operator"" _s(char const* data, size_t size)
                  |                           ~~~~~~~~~~~^~
                  |                           operator""_s
            /data/data/com.termux/files/usr/tmp/tmpibtw600x/cmake-4.4.3/Utilities/std/cmext/string_view:39:22: warning: identifier '_s' preceded by whitespace in a literal operator declaration is deprecated [-Wdeprecated-literal-operator]
               39 | using cm::operator"" _s;
                  |           ~~~~~~~~~~~^~
                  |           operator""_s
            3 warnings generated.
            g++     -D_FILE_OFFSET_BITS=64 -D_TIME_BITS=64    -DCMAKE_BOOTSTRAP    -DCMake_HAVE_CXX_MAKE_UNIQUE=1 -DCMake_HAVE_CXX_FILESYSTEM=1   -I/data/data/com.termux/files/usr/tmp/tmpibtw600x/cmake-4.4.3/Bootstrap.cmk   -I/data/data/com.termux/files/usr/tmp/tmpibtw600x/cmake-4.4.3/Source   -I/data/data/com.termux/files/usr/tmp/tmpibtw600x/cmake-4.4.3/Source/LexerParser   -I/data/data/com.termux/files/usr/tmp/tmpibtw600x/cmake-4.4.3/Utilities/std   -I/data/data/com.termux/files/usr/tmp/tmpibtw600x/cmake-4.4.3/Utilities  -c /data/data/com.termux/files/usr/tmp/tmpibtw600x/cmake-4.4.3/Source/cmConfigureFileCommand.cxx -o cmConfigureFileCommand.o
            In file included from /data/data/com.termux/files/usr/tmp/tmpibtw600x/cmake-4.4.3/Source/cmConfigureFileCommand.cxx:9:
            /data/data/com.termux/files/usr/tmp/tmpibtw600x/cmake-4.4.3/Utilities/std/cmext/string_view:28:40: warning: identifier '_s' preceded by whitespace in a literal operator declaration is deprecated [-Wdeprecated-literal-operator]
               28 |   friend static_string_view operator"" _s(char const* data, size_t size);
                  |                             ~~~~~~~~~~~^~
                  |                             operator""_s
            /data/data/com.termux/files/usr/tmp/tmpibtw600x/cmake-4.4.3/Utilities/std/cmext/string_view:32:38: warning: identifier '_s' preceded by whitespace in a literal operator declaration is deprecated [-Wdeprecated-literal-operator]
               32 | inline static_string_view operator"" _s(char const* data, size_t size)
                  |                           ~~~~~~~~~~~^~
                  |                           operator""_s
            /data/data/com.termux/files/usr/tmp/tmpibtw600x/cmake-4.4.3/Utilities/std/cmext/string_view:39:22: warning: identifier '_s' preceded by whitespace in a literal operator declaration is deprecated [-Wdeprecated-literal-operator]
               39 | using cm::operator"" _s;
                  |           ~~~~~~~~~~~^~
                  |           operator""_s
            3 warnings generated.
            g++     -D_FILE_OFFSET_BITS=64 -D_TIME_BITS=64    -DCMAKE_BOOTSTRAP    -DCMake_HAVE_CXX_MAKE_UNIQUE=1 -DCMake_HAVE_CXX_FILESYSTEM=1   -I/data/data/com.termux/files/usr/tmp/tmpibtw600x/cmake-4.4.3/Bootstrap.cmk   -I/data/data/com.termux/files/usr/tmp/tmpibtw600x/cmake-4.4.3/Source   -I/data/data/com.termux/files/usr/tmp/tmpibtw600x/cmake-4.4.3/Source/LexerParser   -I/data/data/com.termux/files/usr/tmp/tmpibtw600x/cmake-4.4.3/Utilities/std   -I/data/data/com.termux/files/usr/tmp/tmpibtw600x/cmake-4.4.3/Utilities  -c /data/data/com.termux/files/usr/tmp/tmpibtw600x/cmake-4.4.3/Source/cmContinueCommand.cxx -o cmContinueCommand.o
            g++     -D_FILE_OFFSET_BITS=64 -D_TIME_BITS=64    -DCMAKE_BOOTSTRAP    -DCMake_HAVE_CXX_MAKE_UNIQUE=1 -DCMake_HAVE_CXX_FILESYSTEM=1   -I/data/data/com.termux/files/usr/tmp/tmpibtw600x/cmake-4.4.3/Bootstrap.cmk   -I/data/data/com.termux/files/usr/tmp/tmpibtw600x/cmake-4.4.3/Source   -I/data/data/com.termux/files/usr/tmp/tmpibtw600x/cmake-4.4.3/Source/LexerParser   -I/data/data/com.termux/files/usr/tmp/tmpibtw600x/cmake-4.4.3/Utilities/std   -I/data/data/com.termux/files/usr/tmp/tmpibtw600x/cmake-4.4.3/Utilities  -c /data/data/com.termux/files/usr/tmp/tmpibtw600x/cmake-4.4.3/Source/cmCoreTryCompile.cxx -o cmCoreTryCompile.o
            In file included from /data/data/com.termux/files/usr/tmp/tmpibtw600x/cmake-4.4.3/Source/cmCoreTryCompile.cxx:3:
            In file included from /data/data/com.termux/files/usr/tmp/tmpibtw600x/cmake-4.4.3/Source/cmCoreTryCompile.h:15:
            In file included from /data/data/com.termux/files/usr/tmp/tmpibtw600x/cmake-4.4.3/Source/cmArgumentParser.h:19:
            /data/data/com.termux/files/usr/tmp/tmpibtw600x/cmake-4.4.3/Utilities/std/cmext/string_view:28:40: warning: identifier '_s' preceded by whitespace in a literal operator declaration is deprecated [-Wdeprecated-literal-operator]
               28 |   friend static_string_view operator"" _s(char const* data, size_t size);
                  |                             ~~~~~~~~~~~^~
                  |                             operator""_s
            /data/data/com.termux/files/usr/tmp/tmpibtw600x/cmake-4.4.3/Utilities/std/cmext/string_view:32:38: warning: identifier '_s' preceded by whitespace in a literal operator declaration is deprecated [-Wdeprecated-literal-operator]
               32 | inline static_string_view operator"" _s(char const* data, size_t size)
                  |                           ~~~~~~~~~~~^~
                  |                           operator""_s
            /data/data/com.termux/files/usr/tmp/tmpibtw600x/cmake-4.4.3/Utilities/std/cmext/string_view:39:22: warning: identifier '_s' preceded by whitespace in a literal operator declaration is deprecated [-Wdeprecated-literal-operator]
               39 | using cm::operator"" _s;
                  |           ~~~~~~~~~~~^~
                  |           operator""_s
            3 warnings generated.
            g++     -D_FILE_OFFSET_BITS=64 -D_TIME_BITS=64    -DCMAKE_BOOTSTRAP    -DCMake_HAVE_CXX_MAKE_UNIQUE=1 -DCMake_HAVE_CXX_FILESYSTEM=1   -I/data/data/com.termux/files/usr/tmp/tmpibtw600x/cmake-4.4.3/Bootstrap.cmk   -I/data/data/com.termux/files/usr/tmp/tmpibtw600x/cmake-4.4.3/Source   -I/data/data/com.termux/files/usr/tmp/tmpibtw600x/cmake-4.4.3/Source/LexerParser   -I/data/data/com.termux/files/usr/tmp/tmpibtw600x/cmake-4.4.3/Utilities/std   -I/data/data/com.termux/files/usr/tmp/tmpibtw600x/cmake-4.4.3/Utilities  -c /data/data/com.termux/files/usr/tmp/tmpibtw600x/cmake-4.4.3/Source/cmCreateTestSourceList.cxx -o cmCreateTestSourceList.o
            g++     -D_FILE_OFFSET_BITS=64 -D_TIME_BITS=64    -DCMAKE_BOOTSTRAP    -DCMake_HAVE_CXX_MAKE_UNIQUE=1 -DCMake_HAVE_CXX_FILESYSTEM=1   -I/data/data/com.termux/files/usr/tmp/tmpibtw600x/cmake-4.4.3/Bootstrap.cmk   -I/data/data/com.termux/files/usr/tmp/tmpibtw600x/cmake-4.4.3/Source   -I/data/data/com.termux/files/usr/tmp/tmpibtw600x/cmake-4.4.3/Source/LexerParser   -I/data/data/com.termux/files/usr/tmp/tmpibtw600x/cmake-4.4.3/Utilities/std   -I/data/data/com.termux/files/usr/tmp/tmpibtw600x/cmake-4.4.3/Utilities  -c /data/data/com.termux/files/usr/tmp/tmpibtw600x/cmake-4.4.3/Source/cmCryptoHash.cxx -o cmCryptoHash.o
            g++     -D_FILE_OFFSET_BITS=64 -D_TIME_BITS=64    -DCMAKE_BOOTSTRAP    -DCMake_HAVE_CXX_MAKE_UNIQUE=1 -DCMake_HAVE_CXX_FILESYSTEM=1   -I/data/data/com.termux/files/usr/tmp/tmpibtw600x/cmake-4.4.3/Bootstrap.cmk   -I/data/data/com.termux/files/usr/tmp/tmpibtw600x/cmake-4.4.3/Source   -I/data/data/com.termux/files/usr/tmp/tmpibtw600x/cmake-4.4.3/Source/LexerParser   -I/data/data/com.termux/files/usr/tmp/tmpibtw600x/cmake-4.4.3/Utilities/std   -I/data/data/com.termux/files/usr/tmp/tmpibtw600x/cmake-4.4.3/Utilities  -c /data/data/com.termux/files/usr/tmp/tmpibtw600x/cmake-4.4.3/Source/cmCustomCommand.cxx -o cmCustomCommand.o
            g++     -D_FILE_OFFSET_BITS=64 -D_TIME_BITS=64    -DCMAKE_BOOTSTRAP    -DCMake_HAVE_CXX_MAKE_UNIQUE=1 -DCMake_HAVE_CXX_FILESYSTEM=1   -I/data/data/com.termux/files/usr/tmp/tmpibtw600x/cmake-4.4.3/Bootstrap.cmk   -I/data/data/com.termux/files/usr/tmp/tmpibtw600x/cmake-4.4.3/Source   -I/data/data/com.termux/files/usr/tmp/tmpibtw600x/cmake-4.4.3/Source/LexerParser   -I/data/data/com.termux/files/usr/tmp/tmpibtw600x/cmake-4.4.3/Utilities/std   -I/data/data/com.termux/files/usr/tmp/tmpibtw600x/cmake-4.4.3/Utilities  -c /data/data/com.termux/files/usr/tmp/tmpibtw600x/cmake-4.4.3/Source/cmCustomCommandGenerator.cxx -o cmCustomCommandGenerator.o
            In file included from /data/data/com.termux/files/usr/tmp/tmpibtw600x/cmake-4.4.3/Source/cmCustomCommandGenerator.cxx:12:
            /data/data/com.termux/files/usr/tmp/tmpibtw600x/cmake-4.4.3/Utilities/std/cmext/string_view:28:40: warning: identifier '_s' preceded by whitespace in a literal operator declaration is deprecated [-Wdeprecated-literal-operator]
               28 |   friend static_string_view operator"" _s(char const* data, size_t size);
                  |                             ~~~~~~~~~~~^~
                  |                             operator""_s
            /data/data/com.termux/files/usr/tmp/tmpibtw600x/cmake-4.4.3/Utilities/std/cmext/string_view:32:38: warning: identifier '_s' preceded by whitespace in a literal operator declaration is deprecated [-Wdeprecated-literal-operator]
               32 | inline static_string_view operator"" _s(char const* data, size_t size)
                  |                           ~~~~~~~~~~~^~
                  |                           operator""_s
            /data/data/com.termux/files/usr/tmp/tmpibtw600x/cmake-4.4.3/Utilities/std/cmext/string_view:39:22: warning: identifier '_s' preceded by whitespace in a literal operator declaration is deprecated [-Wdeprecated-literal-operator]
               39 | using cm::operator"" _s;
                  |           ~~~~~~~~~~~^~
                  |           operator""_s
            3 warnings generated.
            g++     -D_FILE_OFFSET_BITS=64 -D_TIME_BITS=64    -DCMAKE_BOOTSTRAP    -DCMake_HAVE_CXX_MAKE_UNIQUE=1 -DCMake_HAVE_CXX_FILESYSTEM=1   -I/data/data/com.termux/files/usr/tmp/tmpibtw600x/cmake-4.4.3/Bootstrap.cmk   -I/data/data/com.termux/files/usr/tmp/tmpibtw600x/cmake-4.4.3/Source   -I/data/data/com.termux/files/usr/tmp/tmpibtw600x/cmake-4.4.3/Source/LexerParser   -I/data/data/com.termux/files/usr/tmp/tmpibtw600x/cmake-4.4.3/Utilities/std   -I/data/data/com.termux/files/usr/tmp/tmpibtw600x/cmake-4.4.3/Utilities  -c /data/data/com.termux/files/usr/tmp/tmpibtw600x/cmake-4.4.3/Source/cmCustomCommandLines.cxx -o cmCustomCommandLines.o
            g++     -D_FILE_OFFSET_BITS=64 -D_TIME_BITS=64    -DCMAKE_BOOTSTRAP    -DCMake_HAVE_CXX_MAKE_UNIQUE=1 -DCMake_HAVE_CXX_FILESYSTEM=1   -I/data/data/com.termux/files/usr/tmp/tmpibtw600x/cmake-4.4.3/Bootstrap.cmk   -I/data/data/com.termux/files/usr/tmp/tmpibtw600x/cmake-4.4.3/Source   -I/data/data/com.termux/files/usr/tmp/tmpibtw600x/cmake-4.4.3/Source/LexerParser   -I/data/data/com.termux/files/usr/tmp/tmpibtw600x/cmake-4.4.3/Utilities/std   -I/data/data/com.termux/files/usr/tmp/tmpibtw600x/cmake-4.4.3/Utilities  -c /data/data/com.termux/files/usr/tmp/tmpibtw600x/cmake-4.4.3/Source/cmCxxModuleMapper.cxx -o cmCxxModuleMapper.o
            In file included from /data/data/com.termux/files/usr/tmp/tmpibtw600x/cmake-4.4.3/Source/cmCxxModuleMapper.cxx:3:
            In file included from /data/data/com.termux/files/usr/tmp/tmpibtw600x/cmake-4.4.3/Source/cmCxxModuleMapper.h:14:
            /data/data/com.termux/files/usr/tmp/tmpibtw600x/cmake-4.4.3/Utilities/std/cmext/string_view:28:40: warning: identifier '_s' preceded by whitespace in a literal operator declaration is deprecated [-Wdeprecated-literal-operator]
               28 |   friend static_string_view operator"" _s(char const* data, size_t size);
                  |                             ~~~~~~~~~~~^~
                  |                             operator""_s
            /data/data/com.termux/files/usr/tmp/tmpibtw600x/cmake-4.4.3/Utilities/std/cmext/string_view:32:38: warning: identifier '_s' preceded by whitespace in a literal operator declaration is deprecated [-Wdeprecated-literal-operator]
               32 | inline static_string_view operator"" _s(char const* data, size_t size)
                  |                           ~~~~~~~~~~~^~
                  |                           operator""_s
            /data/data/com.termux/files/usr/tmp/tmpibtw600x/cmake-4.4.3/Utilities/std/cmext/string_view:39:22: warning: identifier '_s' preceded by whitespace in a literal operator declaration is deprecated [-Wdeprecated-literal-operator]
               39 | using cm::operator"" _s;
                  |           ~~~~~~~~~~~^~
                  |           operator""_s
            3 warnings generated.
            g++     -D_FILE_OFFSET_BITS=64 -D_TIME_BITS=64    -DCMAKE_BOOTSTRAP    -DCMake_HAVE_CXX_MAKE_UNIQUE=1 -DCMake_HAVE_CXX_FILESYSTEM=1   -I/data/data/com.termux/files/usr/tmp/tmpibtw600x/cmake-4.4.3/Bootstrap.cmk   -I/data/data/com.termux/files/usr/tmp/tmpibtw600x/cmake-4.4.3/Source   -I/data/data/com.termux/files/usr/tmp/tmpibtw600x/cmake-4.4.3/Source/LexerParser   -I/data/data/com.termux/files/usr/tmp/tmpibtw600x/cmake-4.4.3/Utilities/std   -I/data/data/com.termux/files/usr/tmp/tmpibtw600x/cmake-4.4.3/Utilities  -c /data/data/com.termux/files/usr/tmp/tmpibtw600x/cmake-4.4.3/Source/cmCxxModuleUsageEffects.cxx -o cmCxxModuleUsageEffects.o
            In file included from /data/data/com.termux/files/usr/tmp/tmpibtw600x/cmake-4.4.3/Source/cmCxxModuleUsageEffects.cxx:11:
            /data/data/com.termux/files/usr/tmp/tmpibtw600x/cmake-4.4.3/Utilities/std/cmext/string_view:28:40: warning: identifier '_s' preceded by whitespace in a literal operator declaration is deprecated [-Wdeprecated-literal-operator]
               28 |   friend static_string_view operator"" _s(char const* data, size_t size);
                  |                             ~~~~~~~~~~~^~
                  |                             operator""_s
            /data/data/com.termux/files/usr/tmp/tmpibtw600x/cmake-4.4.3/Utilities/std/cmext/string_view:32:38: warning: identifier '_s' preceded by whitespace in a literal operator declaration is deprecated [-Wdeprecated-literal-operator]
               32 | inline static_string_view operator"" _s(char const* data, size_t size)
                  |                           ~~~~~~~~~~~^~
                  |                           operator""_s
            /data/data/com.termux/files/usr/tmp/tmpibtw600x/cmake-4.4.3/Utilities/std/cmext/string_view:39:22: warning: identifier '_s' preceded by whitespace in a literal operator declaration is deprecated [-Wdeprecated-literal-operator]
               39 | using cm::operator"" _s;
                  |           ~~~~~~~~~~~^~
                  |           operator""_s
            3 warnings generated.
            g++     -D_FILE_OFFSET_BITS=64 -D_TIME_BITS=64    -DCMAKE_BOOTSTRAP    -DCMake_HAVE_CXX_MAKE_UNIQUE=1 -DCMake_HAVE_CXX_FILESYSTEM=1   -I/data/data/com.termux/files/usr/tmp/tmpibtw600x/cmake-4.4.3/Bootstrap.cmk   -I/data/data/com.termux/files/usr/tmp/tmpibtw600x/cmake-4.4.3/Source   -I/data/data/com.termux/files/usr/tmp/tmpibtw600x/cmake-4.4.3/Source/LexerParser   -I/data/data/com.termux/files/usr/tmp/tmpibtw600x/cmake-4.4.3/Utilities/std   -I/data/data/com.termux/files/usr/tmp/tmpibtw600x/cmake-4.4.3/Utilities  -c /data/data/com.termux/files/usr/tmp/tmpibtw600x/cmake-4.4.3/Source/cmDefinePropertyCommand.cxx -o cmDefinePropertyCommand.o
            In file included from /data/data/com.termux/files/usr/tmp/tmpibtw600x/cmake-4.4.3/Source/cmDefinePropertyCommand.cxx:8:
            /data/data/com.termux/files/usr/tmp/tmpibtw600x/cmake-4.4.3/Utilities/std/cmext/string_view:28:40: warning: identifier '_s' preceded by whitespace in a literal operator declaration is deprecated [-Wdeprecated-literal-operator]
               28 |   friend static_string_view operator"" _s(char const* data, size_t size);
                  |                             ~~~~~~~~~~~^~
                  |                             operator""_s
            /data/data/com.termux/files/usr/tmp/tmpibtw600x/cmake-4.4.3/Utilities/std/cmext/string_view:32:38: warning: identifier '_s' preceded by whitespace in a literal operator declaration is deprecated [-Wdeprecated-literal-operator]
               32 | inline static_string_view operator"" _s(char const* data, size_t size)
                  |                           ~~~~~~~~~~~^~
                  |                           operator""_s
            /data/data/com.termux/files/usr/tmp/tmpibtw600x/cmake-4.4.3/Utilities/std/cmext/string_view:39:22: warning: identifier '_s' preceded by whitespace in a literal operator declaration is deprecated [-Wdeprecated-literal-operator]
               39 | using cm::operator"" _s;
                  |           ~~~~~~~~~~~^~
                  |           operator""_s
            3 warnings generated.
            g++     -D_FILE_OFFSET_BITS=64 -D_TIME_BITS=64    -DCMAKE_BOOTSTRAP    -DCMake_HAVE_CXX_MAKE_UNIQUE=1 -DCMake_HAVE_CXX_FILESYSTEM=1   -I/data/data/com.termux/files/usr/tmp/tmpibtw600x/cmake-4.4.3/Bootstrap.cmk   -I/data/data/com.termux/files/usr/tmp/tmpibtw600x/cmake-4.4.3/Source   -I/data/data/com.termux/files/usr/tmp/tmpibtw600x/cmake-4.4.3/Source/LexerParser   -I/data/data/com.termux/files/usr/tmp/tmpibtw600x/cmake-4.4.3/Utilities/std   -I/data/data/com.termux/files/usr/tmp/tmpibtw600x/cmake-4.4.3/Utilities  -c /data/data/com.termux/files/usr/tmp/tmpibtw600x/cmake-4.4.3/Source/cmDefinitions.cxx -o cmDefinitions.o
            In file included from /data/data/com.termux/files/usr/tmp/tmpibtw600x/cmake-4.4.3/Source/cmDefinitions.cxx:3:
            In file included from /data/data/com.termux/files/usr/tmp/tmpibtw600x/cmake-4.4.3/Source/cmDefinitions.h:14:
            In file included from /data/data/com.termux/files/usr/tmp/tmpibtw600x/cmake-4.4.3/Source/cmString.hxx:17:
            /data/data/com.termux/files/usr/tmp/tmpibtw600x/cmake-4.4.3/Utilities/std/cmext/string_view:28:40: warning: identifier '_s' preceded by whitespace in a literal operator declaration is deprecated [-Wdeprecated-literal-operator]
               28 |   friend static_string_view operator"" _s(char const* data, size_t size);
                  |                             ~~~~~~~~~~~^~
                  |                             operator""_s
            /data/data/com.termux/files/usr/tmp/tmpibtw600x/cmake-4.4.3/Utilities/std/cmext/string_view:32:38: warning: identifier '_s' preceded by whitespace in a literal operator declaration is deprecated [-Wdeprecated-literal-operator]
               32 | inline static_string_view operator"" _s(char const* data, size_t size)
                  |                           ~~~~~~~~~~~^~
                  |                           operator""_s
            /data/data/com.termux/files/usr/tmp/tmpibtw600x/cmake-4.4.3/Utilities/std/cmext/string_view:39:22: warning: identifier '_s' preceded by whitespace in a literal operator declaration is deprecated [-Wdeprecated-literal-operator]
               39 | using cm::operator"" _s;
                  |           ~~~~~~~~~~~^~
                  |           operator""_s
            3 warnings generated.
            g++     -D_FILE_OFFSET_BITS=64 -D_TIME_BITS=64    -DCMAKE_BOOTSTRAP    -DCMake_HAVE_CXX_MAKE_UNIQUE=1 -DCMake_HAVE_CXX_FILESYSTEM=1   -I/data/data/com.termux/files/usr/tmp/tmpibtw600x/cmake-4.4.3/Bootstrap.cmk   -I/data/data/com.termux/files/usr/tmp/tmpibtw600x/cmake-4.4.3/Source   -I/data/data/com.termux/files/usr/tmp/tmpibtw600x/cmake-4.4.3/Source/LexerParser   -I/data/data/com.termux/files/usr/tmp/tmpibtw600x/cmake-4.4.3/Utilities/std   -I/data/data/com.termux/files/usr/tmp/tmpibtw600x/cmake-4.4.3/Utilities  -c /data/data/com.termux/files/usr/tmp/tmpibtw600x/cmake-4.4.3/Source/cmDiagnostics.cxx -o cmDiagnostics.o
            In file included from /data/data/com.termux/files/usr/tmp/tmpibtw600x/cmake-4.4.3/Source/cmDiagnostics.cxx:10:
            /data/data/com.termux/files/usr/tmp/tmpibtw600x/cmake-4.4.3/Utilities/std/cmext/string_view:28:40: warning: identifier '_s' preceded by whitespace in a literal operator declaration is deprecated [-Wdeprecated-literal-operator]
               28 |   friend static_string_view operator"" _s(char const* data, size_t size);
                  |                             ~~~~~~~~~~~^~
                  |                             operator""_s
            /data/data/com.termux/files/usr/tmp/tmpibtw600x/cmake-4.4.3/Utilities/std/cmext/string_view:32:38: warning: identifier '_s' preceded by whitespace in a literal operator declaration is deprecated [-Wdeprecated-literal-operator]
               32 | inline static_string_view operator"" _s(char const* data, size_t size)
                  |                           ~~~~~~~~~~~^~
                  |                           operator""_s
            /data/data/com.termux/files/usr/tmp/tmpibtw600x/cmake-4.4.3/Utilities/std/cmext/string_view:39:22: warning: identifier '_s' preceded by whitespace in a literal operator declaration is deprecated [-Wdeprecated-literal-operator]
               39 | using cm::operator"" _s;
                  |           ~~~~~~~~~~~^~
                  |           operator""_s
            3 warnings generated.
            g++     -D_FILE_OFFSET_BITS=64 -D_TIME_BITS=64    -DCMAKE_BOOTSTRAP    -DCMake_HAVE_CXX_MAKE_UNIQUE=1 -DCMake_HAVE_CXX_FILESYSTEM=1   -I/data/data/com.termux/files/usr/tmp/tmpibtw600x/cmake-4.4.3/Bootstrap.cmk   -I/data/data/com.termux/files/usr/tmp/tmpibtw600x/cmake-4.4.3/Source   -I/data/data/com.termux/files/usr/tmp/tmpibtw600x/cmake-4.4.3/Source/LexerParser   -I/data/data/com.termux/files/usr/tmp/tmpibtw600x/cmake-4.4.3/Utilities/std   -I/data/data/com.termux/files/usr/tmp/tmpibtw600x/cmake-4.4.3/Utilities  -c /data/data/com.termux/files/usr/tmp/tmpibtw600x/cmake-4.4.3/Source/cmDiagnosticContext.cxx -o cmDiagnosticContext.o
            g++     -D_FILE_OFFSET_BITS=64 -D_TIME_BITS=64    -DCMAKE_BOOTSTRAP    -DCMake_HAVE_CXX_MAKE_UNIQUE=1 -DCMake_HAVE_CXX_FILESYSTEM=1   -I/data/data/com.termux/files/usr/tmp/tmpibtw600x/cmake-4.4.3/Bootstrap.cmk   -I/data/data/com.termux/files/usr/tmp/tmpibtw600x/cmake-4.4.3/Source   -I/data/data/com.termux/files/usr/tmp/tmpibtw600x/cmake-4.4.3/Source/LexerParser   -I/data/data/com.termux/files/usr/tmp/tmpibtw600x/cmake-4.4.3/Utilities/std   -I/data/data/com.termux/files/usr/tmp/tmpibtw600x/cmake-4.4.3/Utilities  -c /data/data/com.termux/files/usr/tmp/tmpibtw600x/cmake-4.4.3/Source/cmDiscoverTestsCommand.cxx -o cmDiscoverTestsCommand.o
            In file included from /data/data/com.termux/files/usr/tmp/tmpibtw600x/cmake-4.4.3/Source/cmDiscoverTestsCommand.cxx:11:
            /data/data/com.termux/files/usr/tmp/tmpibtw600x/cmake-4.4.3/Utilities/std/cmext/string_view:28:40: warning: identifier '_s' preceded by whitespace in a literal operator declaration is deprecated [-Wdeprecated-literal-operator]
               28 |   friend static_string_view operator"" _s(char const* data, size_t size);
                  |                             ~~~~~~~~~~~^~
                  |                             operator""_s
            /data/data/com.termux/files/usr/tmp/tmpibtw600x/cmake-4.4.3/Utilities/std/cmext/string_view:32:38: warning: identifier '_s' preceded by whitespace in a literal operator declaration is deprecated [-Wdeprecated-literal-operator]
               32 | inline static_string_view operator"" _s(char const* data, size_t size)
                  |                           ~~~~~~~~~~~^~
                  |                           operator""_s
            /data/data/com.termux/files/usr/tmp/tmpibtw600x/cmake-4.4.3/Utilities/std/cmext/string_view:39:22: warning: identifier '_s' preceded by whitespace in a literal operator declaration is deprecated [-Wdeprecated-literal-operator]
               39 | using cm::operator"" _s;
                  |           ~~~~~~~~~~~^~
                  |           operator""_s
            3 warnings generated.
            g++     -D_FILE_OFFSET_BITS=64 -D_TIME_BITS=64    -DCMAKE_BOOTSTRAP    -DCMake_HAVE_CXX_MAKE_UNIQUE=1 -DCMake_HAVE_CXX_FILESYSTEM=1   -I/data/data/com.termux/files/usr/tmp/tmpibtw600x/cmake-4.4.3/Bootstrap.cmk   -I/data/data/com.termux/files/usr/tmp/tmpibtw600x/cmake-4.4.3/Source   -I/data/data/com.termux/files/usr/tmp/tmpibtw600x/cmake-4.4.3/Source/LexerParser   -I/data/data/com.termux/files/usr/tmp/tmpibtw600x/cmake-4.4.3/Utilities/std   -I/data/data/com.termux/files/usr/tmp/tmpibtw600x/cmake-4.4.3/Utilities  -c /data/data/com.termux/files/usr/tmp/tmpibtw600x/cmake-4.4.3/Source/cmDocumentationFormatter.cxx -o cmDocumentationFormatter.o
            In file included from /data/data/com.termux/files/usr/tmp/tmpibtw600x/cmake-4.4.3/Source/cmDocumentationFormatter.cxx:14:
            /data/data/com.termux/files/usr/tmp/tmpibtw600x/cmake-4.4.3/Utilities/std/cmext/string_view:28:40: warning: identifier '_s' preceded by whitespace in a literal operator declaration is deprecated [-Wdeprecated-literal-operator]
               28 |   friend static_string_view operator"" _s(char const* data, size_t size);
                  |                             ~~~~~~~~~~~^~
                  |                             operator""_s
            /data/data/com.termux/files/usr/tmp/tmpibtw600x/cmake-4.4.3/Utilities/std/cmext/string_view:32:38: warning: identifier '_s' preceded by whitespace in a literal operator declaration is deprecated [-Wdeprecated-literal-operator]
               32 | inline static_string_view operator"" _s(char const* data, size_t size)
                  |                           ~~~~~~~~~~~^~
                  |                           operator""_s
            /data/data/com.termux/files/usr/tmp/tmpibtw600x/cmake-4.4.3/Utilities/std/cmext/string_view:39:22: warning: identifier '_s' preceded by whitespace in a literal operator declaration is deprecated [-Wdeprecated-literal-operator]
               39 | using cm::operator"" _s;
                  |           ~~~~~~~~~~~^~
                  |           operator""_s
            3 warnings generated.
            g++     -D_FILE_OFFSET_BITS=64 -D_TIME_BITS=64    -DCMAKE_BOOTSTRAP    -DCMake_HAVE_CXX_MAKE_UNIQUE=1 -DCMake_HAVE_CXX_FILESYSTEM=1   -I/data/data/com.termux/files/usr/tmp/tmpibtw600x/cmake-4.4.3/Bootstrap.cmk   -I/data/data/com.termux/files/usr/tmp/tmpibtw600x/cmake-4.4.3/Source   -I/data/data/com.termux/files/usr/tmp/tmpibtw600x/cmake-4.4.3/Source/LexerParser   -I/data/data/com.termux/files/usr/tmp/tmpibtw600x/cmake-4.4.3/Utilities/std   -I/data/data/com.termux/files/usr/tmp/tmpibtw600x/cmake-4.4.3/Utilities  -c /data/data/com.termux/files/usr/tmp/tmpibtw600x/cmake-4.4.3/Source/cmELF.cxx -o cmELF.o
            g++     -D_FILE_OFFSET_BITS=64 -D_TIME_BITS=64    -DCMAKE_BOOTSTRAP    -DCMake_HAVE_CXX_MAKE_UNIQUE=1 -DCMake_HAVE_CXX_FILESYSTEM=1   -I/data/data/com.termux/files/usr/tmp/tmpibtw600x/cmake-4.4.3/Bootstrap.cmk   -I/data/data/com.termux/files/usr/tmp/tmpibtw600x/cmake-4.4.3/Source   -I/data/data/com.termux/files/usr/tmp/tmpibtw600x/cmake-4.4.3/Source/LexerParser   -I/data/data/com.termux/files/usr/tmp/tmpibtw600x/cmake-4.4.3/Utilities/std   -I/data/data/com.termux/files/usr/tmp/tmpibtw600x/cmake-4.4.3/Utilities  -c /data/data/com.termux/files/usr/tmp/tmpibtw600x/cmake-4.4.3/Source/cmEnableLanguageCommand.cxx -o cmEnableLanguageCommand.o
            g++     -D_FILE_OFFSET_BITS=64 -D_TIME_BITS=64    -DCMAKE_BOOTSTRAP    -DCMake_HAVE_CXX_MAKE_UNIQUE=1 -DCMake_HAVE_CXX_FILESYSTEM=1   -I/data/data/com.termux/files/usr/tmp/tmpibtw600x/cmake-4.4.3/Bootstrap.cmk   -I/data/data/com.termux/files/usr/tmp/tmpibtw600x/cmake-4.4.3/Source   -I/data/data/com.termux/files/usr/tmp/tmpibtw600x/cmake-4.4.3/Source/LexerParser   -I/data/data/com.termux/files/usr/tmp/tmpibtw600x/cmake-4.4.3/Utilities/std   -I/data/data/com.termux/files/usr/tmp/tmpibtw600x/cmake-4.4.3/Utilities  -c /data/data/com.termux/files/usr/tmp/tmpibtw600x/cmake-4.4.3/Source/cmEnableTestingCommand.cxx -o cmEnableTestingCommand.o
            g++     -D_FILE_OFFSET_BITS=64 -D_TIME_BITS=64    -DCMAKE_BOOTSTRAP    -DCMake_HAVE_CXX_MAKE_UNIQUE=1 -DCMake_HAVE_CXX_FILESYSTEM=1   -I/data/data/com.termux/files/usr/tmp/tmpibtw600x/cmake-4.4.3/Bootstrap.cmk   -I/data/data/com.termux/files/usr/tmp/tmpibtw600x/cmake-4.4.3/Source   -I/data/data/com.termux/files/usr/tmp/tmpibtw600x/cmake-4.4.3/Source/LexerParser   -I/data/data/com.termux/files/usr/tmp/tmpibtw600x/cmake-4.4.3/Utilities/std   -I/data/data/com.termux/files/usr/tmp/tmpibtw600x/cmake-4.4.3/Utilities  -c /data/data/com.termux/files/usr/tmp/tmpibtw600x/cmake-4.4.3/Source/cmEnvironment.cxx -o cmEnvironment.o
            g++     -D_FILE_OFFSET_BITS=64 -D_TIME_BITS=64    -DCMAKE_BOOTSTRAP    -DCMake_HAVE_CXX_MAKE_UNIQUE=1 -DCMake_HAVE_CXX_FILESYSTEM=1   -I/data/data/com.termux/files/usr/tmp/tmpibtw600x/cmake-4.4.3/Bootstrap.cmk   -I/data/data/com.termux/files/usr/tmp/tmpibtw600x/cmake-4.4.3/Source   -I/data/data/com.termux/files/usr/tmp/tmpibtw600x/cmake-4.4.3/Source/LexerParser   -I/data/data/com.termux/files/usr/tmp/tmpibtw600x/cmake-4.4.3/Utilities/std   -I/data/data/com.termux/files/usr/tmp/tmpibtw600x/cmake-4.4.3/Utilities  -c /data/data/com.termux/files/usr/tmp/tmpibtw600x/cmake-4.4.3/Source/cmEvaluatedTargetProperty.cxx -o cmEvaluatedTargetProperty.o
            g++     -D_FILE_OFFSET_BITS=64 -D_TIME_BITS=64    -DCMAKE_BOOTSTRAP    -DCMake_HAVE_CXX_MAKE_UNIQUE=1 -DCMake_HAVE_CXX_FILESYSTEM=1   -I/data/data/com.termux/files/usr/tmp/tmpibtw600x/cmake-4.4.3/Bootstrap.cmk   -I/data/data/com.termux/files/usr/tmp/tmpibtw600x/cmake-4.4.3/Source   -I/data/data/com.termux/files/usr/tmp/tmpibtw600x/cmake-4.4.3/Source/LexerParser   -I/data/data/com.termux/files/usr/tmp/tmpibtw600x/cmake-4.4.3/Utilities/std   -I/data/data/com.termux/files/usr/tmp/tmpibtw600x/cmake-4.4.3/Utilities  -c /data/data/com.termux/files/usr/tmp/tmpibtw600x/cmake-4.4.3/Source/cmExecProgramCommand.cxx -o cmExecProgramCommand.o
            g++     -D_FILE_OFFSET_BITS=64 -D_TIME_BITS=64    -DCMAKE_BOOTSTRAP    -DCMake_HAVE_CXX_MAKE_UNIQUE=1 -DCMake_HAVE_CXX_FILESYSTEM=1   -I/data/data/com.termux/files/usr/tmp/tmpibtw600x/cmake-4.4.3/Bootstrap.cmk   -I/data/data/com.termux/files/usr/tmp/tmpibtw600x/cmake-4.4.3/Source   -I/data/data/com.termux/files/usr/tmp/tmpibtw600x/cmake-4.4.3/Source/LexerParser   -I/data/data/com.termux/files/usr/tmp/tmpibtw600x/cmake-4.4.3/Utilities/std   -I/data/data/com.termux/files/usr/tmp/tmpibtw600x/cmake-4.4.3/Utilities  -c /data/data/com.termux/files/usr/tmp/tmpibtw600x/cmake-4.4.3/Source/cmExecuteProcessCommand.cxx -o cmExecuteProcessCommand.o
            In file included from /data/data/com.termux/files/usr/tmp/tmpibtw600x/cmake-4.4.3/Source/cmExecuteProcessCommand.cxx:17:
            /data/data/com.termux/files/usr/tmp/tmpibtw600x/cmake-4.4.3/Utilities/std/cmext/string_view:28:40: warning: identifier '_s' preceded by whitespace in a literal operator declaration is deprecated [-Wdeprecated-literal-operator]
               28 |   friend static_string_view operator"" _s(char const* data, size_t size);
                  |                             ~~~~~~~~~~~^~
                  |                             operator""_s
            /data/data/com.termux/files/usr/tmp/tmpibtw600x/cmake-4.4.3/Utilities/std/cmext/string_view:32:38: warning: identifier '_s' preceded by whitespace in a literal operator declaration is deprecated [-Wdeprecated-literal-operator]
               32 | inline static_string_view operator"" _s(char const* data, size_t size)
                  |                           ~~~~~~~~~~~^~
                  |                           operator""_s
            /data/data/com.termux/files/usr/tmp/tmpibtw600x/cmake-4.4.3/Utilities/std/cmext/string_view:39:22: warning: identifier '_s' preceded by whitespace in a literal operator declaration is deprecated [-Wdeprecated-literal-operator]
               39 | using cm::operator"" _s;
                  |           ~~~~~~~~~~~^~
                  |           operator""_s
            3 warnings generated.
            g++     -D_FILE_OFFSET_BITS=64 -D_TIME_BITS=64    -DCMAKE_BOOTSTRAP    -DCMake_HAVE_CXX_MAKE_UNIQUE=1 -DCMake_HAVE_CXX_FILESYSTEM=1   -I/data/data/com.termux/files/usr/tmp/tmpibtw600x/cmake-4.4.3/Bootstrap.cmk   -I/data/data/com.termux/files/usr/tmp/tmpibtw600x/cmake-4.4.3/Source   -I/data/data/com.termux/files/usr/tmp/tmpibtw600x/cmake-4.4.3/Source/LexerParser   -I/data/data/com.termux/files/usr/tmp/tmpibtw600x/cmake-4.4.3/Utilities/std   -I/data/data/com.termux/files/usr/tmp/tmpibtw600x/cmake-4.4.3/Utilities  -c /data/data/com.termux/files/usr/tmp/tmpibtw600x/cmake-4.4.3/Source/cmExpandedCommandArgument.cxx -o cmExpandedCommandArgument.o
            g++     -D_FILE_OFFSET_BITS=64 -D_TIME_BITS=64    -DCMAKE_BOOTSTRAP    -DCMake_HAVE_CXX_MAKE_UNIQUE=1 -DCMake_HAVE_CXX_FILESYSTEM=1   -I/data/data/com.termux/files/usr/tmp/tmpibtw600x/cmake-4.4.3/Bootstrap.cmk   -I/data/data/com.termux/files/usr/tmp/tmpibtw600x/cmake-4.4.3/Source   -I/data/data/com.termux/files/usr/tmp/tmpibtw600x/cmake-4.4.3/Source/LexerParser   -I/data/data/com.termux/files/usr/tmp/tmpibtw600x/cmake-4.4.3/Utilities/std   -I/data/data/com.termux/files/usr/tmp/tmpibtw600x/cmake-4.4.3/Utilities  -c /data/data/com.termux/files/usr/tmp/tmpibtw600x/cmake-4.4.3/Source/cmExperimental.cxx -o cmExperimental.o
            In file included from /data/data/com.termux/files/usr/tmp/tmpibtw600x/cmake-4.4.3/Source/cmExperimental.cxx:11:
            In file included from /data/data/com.termux/files/usr/tmp/tmpibtw600x/cmake-4.4.3/Source/cmGlobalGenerator.h:22:
            /data/data/com.termux/files/usr/tmp/tmpibtw600x/cmake-4.4.3/Utilities/std/cmext/string_view:28:40: warning: identifier '_s' preceded by whitespace in a literal operator declaration is deprecated [-Wdeprecated-literal-operator]
               28 |   friend static_string_view operator"" _s(char const* data, size_t size);
                  |                             ~~~~~~~~~~~^~
                  |                             operator""_s
            /data/data/com.termux/files/usr/tmp/tmpibtw600x/cmake-4.4.3/Utilities/std/cmext/string_view:32:38: warning: identifier '_s' preceded by whitespace in a literal operator declaration is deprecated [-Wdeprecated-literal-operator]
               32 | inline static_string_view operator"" _s(char const* data, size_t size)
                  |                           ~~~~~~~~~~~^~
                  |                           operator""_s
            /data/data/com.termux/files/usr/tmp/tmpibtw600x/cmake-4.4.3/Utilities/std/cmext/string_view:39:22: warning: identifier '_s' preceded by whitespace in a literal operator declaration is deprecated [-Wdeprecated-literal-operator]
               39 | using cm::operator"" _s;
                  |           ~~~~~~~~~~~^~
                  |           operator""_s
            3 warnings generated.
            g++     -D_FILE_OFFSET_BITS=64 -D_TIME_BITS=64    -DCMAKE_BOOTSTRAP    -DCMake_HAVE_CXX_MAKE_UNIQUE=1 -DCMake_HAVE_CXX_FILESYSTEM=1   -I/data/data/com.termux/files/usr/tmp/tmpibtw600x/cmake-4.4.3/Bootstrap.cmk   -I/data/data/com.termux/files/usr/tmp/tmpibtw600x/cmake-4.4.3/Source   -I/data/data/com.termux/files/usr/tmp/tmpibtw600x/cmake-4.4.3/Source/LexerParser   -I/data/data/com.termux/files/usr/tmp/tmpibtw600x/cmake-4.4.3/Utilities/std   -I/data/data/com.termux/files/usr/tmp/tmpibtw600x/cmake-4.4.3/Utilities  -c /data/data/com.termux/files/usr/tmp/tmpibtw600x/cmake-4.4.3/Source/cmExportBuildCMakeConfigGenerator.cxx -o cmExportBuildCMakeConfigGenerator.o
            g++     -D_FILE_OFFSET_BITS=64 -D_TIME_BITS=64    -DCMAKE_BOOTSTRAP    -DCMake_HAVE_CXX_MAKE_UNIQUE=1 -DCMake_HAVE_CXX_FILESYSTEM=1   -I/data/data/com.termux/files/usr/tmp/tmpibtw600x/cmake-4.4.3/Bootstrap.cmk   -I/data/data/com.termux/files/usr/tmp/tmpibtw600x/cmake-4.4.3/Source   -I/data/data/com.termux/files/usr/tmp/tmpibtw600x/cmake-4.4.3/Source/LexerParser   -I/data/data/com.termux/files/usr/tmp/tmpibtw600x/cmake-4.4.3/Utilities/std   -I/data/data/com.termux/files/usr/tmp/tmpibtw600x/cmake-4.4.3/Utilities  -c /data/data/com.termux/files/usr/tmp/tmpibtw600x/cmake-4.4.3/Source/cmExportBuildFileGenerator.cxx -o cmExportBuildFileGenerator.o
            In file included from /data/data/com.termux/files/usr/tmp/tmpibtw600x/cmake-4.4.3/Source/cmExportBuildFileGenerator.cxx:16:
            In file included from /data/data/com.termux/files/usr/tmp/tmpibtw600x/cmake-4.4.3/Source/cmGlobalGenerator.h:22:
            /data/data/com.termux/files/usr/tmp/tmpibtw600x/cmake-4.4.3/Utilities/std/cmext/string_view:28:40: warning: identifier '_s' preceded by whitespace in a literal operator declaration is deprecated [-Wdeprecated-literal-operator]
               28 |   friend static_string_view operator"" _s(char const* data, size_t size);
                  |                             ~~~~~~~~~~~^~
                  |                             operator""_s
            /data/data/com.termux/files/usr/tmp/tmpibtw600x/cmake-4.4.3/Utilities/std/cmext/string_view:32:38: warning: identifier '_s' preceded by whitespace in a literal operator declaration is deprecated [-Wdeprecated-literal-operator]
               32 | inline static_string_view operator"" _s(char const* data, size_t size)
                  |                           ~~~~~~~~~~~^~
                  |                           operator""_s
            /data/data/com.termux/files/usr/tmp/tmpibtw600x/cmake-4.4.3/Utilities/std/cmext/string_view:39:22: warning: identifier '_s' preceded by whitespace in a literal operator declaration is deprecated [-Wdeprecated-literal-operator]
               39 | using cm::operator"" _s;
                  |           ~~~~~~~~~~~^~
                  |           operator""_s
            3 warnings generated.
            g++     -D_FILE_OFFSET_BITS=64 -D_TIME_BITS=64    -DCMAKE_BOOTSTRAP    -DCMake_HAVE_CXX_MAKE_UNIQUE=1 -DCMake_HAVE_CXX_FILESYSTEM=1   -I/data/data/com.termux/files/usr/tmp/tmpibtw600x/cmake-4.4.3/Bootstrap.cmk   -I/data/data/com.termux/files/usr/tmp/tmpibtw600x/cmake-4.4.3/Source   -I/data/data/com.termux/files/usr/tmp/tmpibtw600x/cmake-4.4.3/Source/LexerParser   -I/data/data/com.termux/files/usr/tmp/tmpibtw600x/cmake-4.4.3/Utilities/std   -I/data/data/com.termux/files/usr/tmp/tmpibtw600x/cmake-4.4.3/Utilities  -c /data/data/com.termux/files/usr/tmp/tmpibtw600x/cmake-4.4.3/Source/cmExportCMakeConfigGenerator.cxx -o cmExportCMakeConfigGenerator.o
            In file included from /data/data/com.termux/files/usr/tmp/tmpibtw600x/cmake-4.4.3/Source/cmExportCMakeConfigGenerator.cxx:14:
            /data/data/com.termux/files/usr/tmp/tmpibtw600x/cmake-4.4.3/Utilities/std/cmext/string_view:28:40: warning: identifier '_s' preceded by whitespace in a literal operator declaration is deprecated [-Wdeprecated-literal-operator]
               28 |   friend static_string_view operator"" _s(char const* data, size_t size);
                  |                             ~~~~~~~~~~~^~
                  |                             operator""_s
            /data/data/com.termux/files/usr/tmp/tmpibtw600x/cmake-4.4.3/Utilities/std/cmext/string_view:32:38: warning: identifier '_s' preceded by whitespace in a literal operator declaration is deprecated [-Wdeprecated-literal-operator]
               32 | inline static_string_view operator"" _s(char const* data, size_t size)
                  |                           ~~~~~~~~~~~^~
                  |                           operator""_s
            /data/data/com.termux/files/usr/tmp/tmpibtw600x/cmake-4.4.3/Utilities/std/cmext/string_view:39:22: warning: identifier '_s' preceded by whitespace in a literal operator declaration is deprecated [-Wdeprecated-literal-operator]
               39 | using cm::operator"" _s;
                  |           ~~~~~~~~~~~^~
                  |           operator""_s
            3 warnings generated.
            g++     -D_FILE_OFFSET_BITS=64 -D_TIME_BITS=64    -DCMAKE_BOOTSTRAP    -DCMake_HAVE_CXX_MAKE_UNIQUE=1 -DCMake_HAVE_CXX_FILESYSTEM=1   -I/data/data/com.termux/files/usr/tmp/tmpibtw600x/cmake-4.4.3/Bootstrap.cmk   -I/data/data/com.termux/files/usr/tmp/tmpibtw600x/cmake-4.4.3/Source   -I/data/data/com.termux/files/usr/tmp/tmpibtw600x/cmake-4.4.3/Source/LexerParser   -I/data/data/com.termux/files/usr/tmp/tmpibtw600x/cmake-4.4.3/Utilities/std   -I/data/data/com.termux/files/usr/tmp/tmpibtw600x/cmake-4.4.3/Utilities  -c /data/data/com.termux/files/usr/tmp/tmpibtw600x/cmake-4.4.3/Source/cmExportFileGenerator.cxx -o cmExportFileGenerator.o
            In file included from /data/data/com.termux/files/usr/tmp/tmpibtw600x/cmake-4.4.3/Source/cmExportFileGenerator.cxx:14:
            /data/data/com.termux/files/usr/tmp/tmpibtw600x/cmake-4.4.3/Utilities/std/cmext/string_view:28:40: warning: identifier '_s' preceded by whitespace in a literal operator declaration is deprecated [-Wdeprecated-literal-operator]
               28 |   friend static_string_view operator"" _s(char const* data, size_t size);
                  |                             ~~~~~~~~~~~^~
                  |                             operator""_s
            /data/data/com.termux/files/usr/tmp/tmpibtw600x/cmake-4.4.3/Utilities/std/cmext/string_view:32:38: warning: identifier '_s' preceded by whitespace in a literal operator declaration is deprecated [-Wdeprecated-literal-operator]
               32 | inline static_string_view operator"" _s(char const* data, size_t size)
                  |                           ~~~~~~~~~~~^~
                  |                           operator""_s
            /data/data/com.termux/files/usr/tmp/tmpibtw600x/cmake-4.4.3/Utilities/std/cmext/string_view:39:22: warning: identifier '_s' preceded by whitespace in a literal operator declaration is deprecated [-Wdeprecated-literal-operator]
               39 | using cm::operator"" _s;
                  |           ~~~~~~~~~~~^~
                  |           operator""_s
            3 warnings generated.
            g++     -D_FILE_OFFSET_BITS=64 -D_TIME_BITS=64    -DCMAKE_BOOTSTRAP    -DCMake_HAVE_CXX_MAKE_UNIQUE=1 -DCMake_HAVE_CXX_FILESYSTEM=1   -I/data/data/com.termux/files/usr/tmp/tmpibtw600x/cmake-4.4.3/Bootstrap.cmk   -I/data/data/com.termux/files/usr/tmp/tmpibtw600x/cmake-4.4.3/Source   -I/data/data/com.termux/files/usr/tmp/tmpibtw600x/cmake-4.4.3/Source/LexerParser   -I/data/data/com.termux/files/usr/tmp/tmpibtw600x/cmake-4.4.3/Utilities/std   -I/data/data/com.termux/files/usr/tmp/tmpibtw600x/cmake-4.4.3/Utilities  -c /data/data/com.termux/files/usr/tmp/tmpibtw600x/cmake-4.4.3/Source/cmExportInstallCMakeConfigGenerator.cxx -o cmExportInstallCMakeConfigGenerator.o
            g++     -D_FILE_OFFSET_BITS=64 -D_TIME_BITS=64    -DCMAKE_BOOTSTRAP    -DCMake_HAVE_CXX_MAKE_UNIQUE=1 -DCMake_HAVE_CXX_FILESYSTEM=1   -I/data/data/com.termux/files/usr/tmp/tmpibtw600x/cmake-4.4.3/Bootstrap.cmk   -I/data/data/com.termux/files/usr/tmp/tmpibtw600x/cmake-4.4.3/Source   -I/data/data/com.termux/files/usr/tmp/tmpibtw600x/cmake-4.4.3/Source/LexerParser   -I/data/data/com.termux/files/usr/tmp/tmpibtw600x/cmake-4.4.3/Utilities/std   -I/data/data/com.termux/files/usr/tmp/tmpibtw600x/cmake-4.4.3/Utilities  -c /data/data/com.termux/files/usr/tmp/tmpibtw600x/cmake-4.4.3/Source/cmExportInstallFileGenerator.cxx -o cmExportInstallFileGenerator.o
            In file included from /data/data/com.termux/files/usr/tmp/tmpibtw600x/cmake-4.4.3/Source/cmExportInstallFileGenerator.cxx:18:
            In file included from /data/data/com.termux/files/usr/tmp/tmpibtw600x/cmake-4.4.3/Source/cmGlobalGenerator.h:22:
            /data/data/com.termux/files/usr/tmp/tmpibtw600x/cmake-4.4.3/Utilities/std/cmext/string_view:28:40: warning: identifier '_s' preceded by whitespace in a literal operator declaration is deprecated [-Wdeprecated-literal-operator]
               28 |   friend static_string_view operator"" _s(char const* data, size_t size);
                  |                             ~~~~~~~~~~~^~
                  |                             operator""_s
            /data/data/com.termux/files/usr/tmp/tmpibtw600x/cmake-4.4.3/Utilities/std/cmext/string_view:32:38: warning: identifier '_s' preceded by whitespace in a literal operator declaration is deprecated [-Wdeprecated-literal-operator]
               32 | inline static_string_view operator"" _s(char const* data, size_t size)
                  |                           ~~~~~~~~~~~^~
                  |                           operator""_s
            /data/data/com.termux/files/usr/tmp/tmpibtw600x/cmake-4.4.3/Utilities/std/cmext/string_view:39:22: warning: identifier '_s' preceded by whitespace in a literal operator declaration is deprecated [-Wdeprecated-literal-operator]
               39 | using cm::operator"" _s;
                  |           ~~~~~~~~~~~^~
                  |           operator""_s
            3 warnings generated.
            g++     -D_FILE_OFFSET_BITS=64 -D_TIME_BITS=64    -DCMAKE_BOOTSTRAP    -DCMake_HAVE_CXX_MAKE_UNIQUE=1 -DCMake_HAVE_CXX_FILESYSTEM=1   -I/data/data/com.termux/files/usr/tmp/tmpibtw600x/cmake-4.4.3/Bootstrap.cmk   -I/data/data/com.termux/files/usr/tmp/tmpibtw600x/cmake-4.4.3/Source   -I/data/data/com.termux/files/usr/tmp/tmpibtw600x/cmake-4.4.3/Source/LexerParser   -I/data/data/com.termux/files/usr/tmp/tmpibtw600x/cmake-4.4.3/Utilities/std   -I/data/data/com.termux/files/usr/tmp/tmpibtw600x/cmake-4.4.3/Utilities  -c /data/data/com.termux/files/usr/tmp/tmpibtw600x/cmake-4.4.3/Source/cmExportSet.cxx -o cmExportSet.o
            g++     -D_FILE_OFFSET_BITS=64 -D_TIME_BITS=64    -DCMAKE_BOOTSTRAP    -DCMake_HAVE_CXX_MAKE_UNIQUE=1 -DCMake_HAVE_CXX_FILESYSTEM=1   -I/data/data/com.termux/files/usr/tmp/tmpibtw600x/cmake-4.4.3/Bootstrap.cmk   -I/data/data/com.termux/files/usr/tmp/tmpibtw600x/cmake-4.4.3/Source   -I/data/data/com.termux/files/usr/tmp/tmpibtw600x/cmake-4.4.3/Source/LexerParser   -I/data/data/com.termux/files/usr/tmp/tmpibtw600x/cmake-4.4.3/Utilities/std   -I/data/data/com.termux/files/usr/tmp/tmpibtw600x/cmake-4.4.3/Utilities  -c /data/data/com.termux/files/usr/tmp/tmpibtw600x/cmake-4.4.3/Source/cmExportTryCompileFileGenerator.cxx -o cmExportTryCompileFileGenerator.o
            In file included from /data/data/com.termux/files/usr/tmp/tmpibtw600x/cmake-4.4.3/Source/cmExportTryCompileFileGenerator.cxx:10:
            /data/data/com.termux/files/usr/tmp/tmpibtw600x/cmake-4.4.3/Utilities/std/cmext/string_view:28:40: warning: identifier '_s' preceded by whitespace in a literal operator declaration is deprecated [-Wdeprecated-literal-operator]
               28 |   friend static_string_view operator"" _s(char const* data, size_t size);
                  |                             ~~~~~~~~~~~^~
                  |                             operator""_s
            /data/data/com.termux/files/usr/tmp/tmpibtw600x/cmake-4.4.3/Utilities/std/cmext/string_view:32:38: warning: identifier '_s' preceded by whitespace in a literal operator declaration is deprecated [-Wdeprecated-literal-operator]
               32 | inline static_string_view operator"" _s(char const* data, size_t size)
                  |                           ~~~~~~~~~~~^~
                  |                           operator""_s
            /data/data/com.termux/files/usr/tmp/tmpibtw600x/cmake-4.4.3/Utilities/std/cmext/string_view:39:22: warning: identifier '_s' preceded by whitespace in a literal operator declaration is deprecated [-Wdeprecated-literal-operator]
               39 | using cm::operator"" _s;
                  |           ~~~~~~~~~~~^~
                  |           operator""_s
            3 warnings generated.
            g++     -D_FILE_OFFSET_BITS=64 -D_TIME_BITS=64    -DCMAKE_BOOTSTRAP    -DCMake_HAVE_CXX_MAKE_UNIQUE=1 -DCMake_HAVE_CXX_FILESYSTEM=1   -I/data/data/com.termux/files/usr/tmp/tmpibtw600x/cmake-4.4.3/Bootstrap.cmk   -I/data/data/com.termux/files/usr/tmp/tmpibtw600x/cmake-4.4.3/Source   -I/data/data/com.termux/files/usr/tmp/tmpibtw600x/cmake-4.4.3/Source/LexerParser   -I/data/data/com.termux/files/usr/tmp/tmpibtw600x/cmake-4.4.3/Utilities/std   -I/data/data/com.termux/files/usr/tmp/tmpibtw600x/cmake-4.4.3/Utilities  -c /data/data/com.termux/files/usr/tmp/tmpibtw600x/cmake-4.4.3/Source/cmExprParserHelper.cxx -o cmExprParserHelper.o
            g++     -D_FILE_OFFSET_BITS=64 -D_TIME_BITS=64    -DCMAKE_BOOTSTRAP    -DCMake_HAVE_CXX_MAKE_UNIQUE=1 -DCMake_HAVE_CXX_FILESYSTEM=1   -I/data/data/com.termux/files/usr/tmp/tmpibtw600x/cmake-4.4.3/Bootstrap.cmk   -I/data/data/com.termux/files/usr/tmp/tmpibtw600x/cmake-4.4.3/Source   -I/data/data/com.termux/files/usr/tmp/tmpibtw600x/cmake-4.4.3/Source/LexerParser   -I/data/data/com.termux/files/usr/tmp/tmpibtw600x/cmake-4.4.3/Utilities/std   -I/data/data/com.termux/files/usr/tmp/tmpibtw600x/cmake-4.4.3/Utilities  -c /data/data/com.termux/files/usr/tmp/tmpibtw600x/cmake-4.4.3/Source/cmExternalMakefileProjectGenerator.cxx -o cmExternalMakefileProjectGenerator.o
            g++     -D_FILE_OFFSET_BITS=64 -D_TIME_BITS=64    -DCMAKE_BOOTSTRAP    -DCMake_HAVE_CXX_MAKE_UNIQUE=1 -DCMake_HAVE_CXX_FILESYSTEM=1   -I/data/data/com.termux/files/usr/tmp/tmpibtw600x/cmake-4.4.3/Bootstrap.cmk   -I/data/data/com.termux/files/usr/tmp/tmpibtw600x/cmake-4.4.3/Source   -I/data/data/com.termux/files/usr/tmp/tmpibtw600x/cmake-4.4.3/Source/LexerParser   -I/data/data/com.termux/files/usr/tmp/tmpibtw600x/cmake-4.4.3/Utilities/std   -I/data/data/com.termux/files/usr/tmp/tmpibtw600x/cmake-4.4.3/Utilities  -c /data/data/com.termux/files/usr/tmp/tmpibtw600x/cmake-4.4.3/Source/cmFileCommand.cxx -o cmFileCommand.o
            In file included from /data/data/com.termux/files/usr/tmp/tmpibtw600x/cmake-4.4.3/Source/cmFileCommand.cxx:21:
            /data/data/com.termux/files/usr/tmp/tmpibtw600x/cmake-4.4.3/Utilities/std/cmext/string_view:28:40: warning: identifier '_s' preceded by whitespace in a literal operator declaration is deprecated [-Wdeprecated-literal-operator]
               28 |   friend static_string_view operator"" _s(char const* data, size_t size);
                  |                             ~~~~~~~~~~~^~
                  |                             operator""_s
            /data/data/com.termux/files/usr/tmp/tmpibtw600x/cmake-4.4.3/Utilities/std/cmext/string_view:32:38: warning: identifier '_s' preceded by whitespace in a literal operator declaration is deprecated [-Wdeprecated-literal-operator]
               32 | inline static_string_view operator"" _s(char const* data, size_t size)
                  |                           ~~~~~~~~~~~^~
                  |                           operator""_s
            /data/data/com.termux/files/usr/tmp/tmpibtw600x/cmake-4.4.3/Utilities/std/cmext/string_view:39:22: warning: identifier '_s' preceded by whitespace in a literal operator declaration is deprecated [-Wdeprecated-literal-operator]
               39 | using cm::operator"" _s;
                  |           ~~~~~~~~~~~^~
                  |           operator""_s
            3 warnings generated.
            g++     -D_FILE_OFFSET_BITS=64 -D_TIME_BITS=64    -DCMAKE_BOOTSTRAP    -DCMake_HAVE_CXX_MAKE_UNIQUE=1 -DCMake_HAVE_CXX_FILESYSTEM=1   -I/data/data/com.termux/files/usr/tmp/tmpibtw600x/cmake-4.4.3/Bootstrap.cmk   -I/data/data/com.termux/files/usr/tmp/tmpibtw600x/cmake-4.4.3/Source   -I/data/data/com.termux/files/usr/tmp/tmpibtw600x/cmake-4.4.3/Source/LexerParser   -I/data/data/com.termux/files/usr/tmp/tmpibtw600x/cmake-4.4.3/Utilities/std   -I/data/data/com.termux/files/usr/tmp/tmpibtw600x/cmake-4.4.3/Utilities  -c /data/data/com.termux/files/usr/tmp/tmpibtw600x/cmake-4.4.3/Source/cmFileCommand_ReadMacho.cxx -o cmFileCommand_ReadMacho.o
            In file included from /data/data/com.termux/files/usr/tmp/tmpibtw600x/cmake-4.4.3/Source/cmFileCommand_ReadMacho.cxx:5:
            In file included from /data/data/com.termux/files/usr/tmp/tmpibtw600x/cmake-4.4.3/Source/cmArgumentParser.h:19:
            /data/data/com.termux/files/usr/tmp/tmpibtw600x/cmake-4.4.3/Utilities/std/cmext/string_view:28:40: warning: identifier '_s' preceded by whitespace in a literal operator declaration is deprecated [-Wdeprecated-literal-operator]
               28 |   friend static_string_view operator"" _s(char const* data, size_t size);
                  |                             ~~~~~~~~~~~^~
                  |                             operator""_s
            /data/data/com.termux/files/usr/tmp/tmpibtw600x/cmake-4.4.3/Utilities/std/cmext/string_view:32:38: warning: identifier '_s' preceded by whitespace in a literal operator declaration is deprecated [-Wdeprecated-literal-operator]
               32 | inline static_string_view operator"" _s(char const* data, size_t size)
                  |                           ~~~~~~~~~~~^~
                  |                           operator""_s
            /data/data/com.termux/files/usr/tmp/tmpibtw600x/cmake-4.4.3/Utilities/std/cmext/string_view:39:22: warning: identifier '_s' preceded by whitespace in a literal operator declaration is deprecated [-Wdeprecated-literal-operator]
               39 | using cm::operator"" _s;
                  |           ~~~~~~~~~~~^~
                  |           operator""_s
            3 warnings generated.
            g++     -D_FILE_OFFSET_BITS=64 -D_TIME_BITS=64    -DCMAKE_BOOTSTRAP    -DCMake_HAVE_CXX_MAKE_UNIQUE=1 -DCMake_HAVE_CXX_FILESYSTEM=1   -I/data/data/com.termux/files/usr/tmp/tmpibtw600x/cmake-4.4.3/Bootstrap.cmk   -I/data/data/com.termux/files/usr/tmp/tmpibtw600x/cmake-4.4.3/Source   -I/data/data/com.termux/files/usr/tmp/tmpibtw600x/cmake-4.4.3/Source/LexerParser   -I/data/data/com.termux/files/usr/tmp/tmpibtw600x/cmake-4.4.3/Utilities/std   -I/data/data/com.termux/files/usr/tmp/tmpibtw600x/cmake-4.4.3/Utilities  -c /data/data/com.termux/files/usr/tmp/tmpibtw600x/cmake-4.4.3/Source/cmFileCopier.cxx -o cmFileCopier.o
            g++     -D_FILE_OFFSET_BITS=64 -D_TIME_BITS=64    -DCMAKE_BOOTSTRAP    -DCMake_HAVE_CXX_MAKE_UNIQUE=1 -DCMake_HAVE_CXX_FILESYSTEM=1   -I/data/data/com.termux/files/usr/tmp/tmpibtw600x/cmake-4.4.3/Bootstrap.cmk   -I/data/data/com.termux/files/usr/tmp/tmpibtw600x/cmake-4.4.3/Source   -I/data/data/com.termux/files/usr/tmp/tmpibtw600x/cmake-4.4.3/Source/LexerParser   -I/data/data/com.termux/files/usr/tmp/tmpibtw600x/cmake-4.4.3/Utilities/std   -I/data/data/com.termux/files/usr/tmp/tmpibtw600x/cmake-4.4.3/Utilities  -c /data/data/com.termux/files/usr/tmp/tmpibtw600x/cmake-4.4.3/Source/cmFileInstaller.cxx -o cmFileInstaller.o
            In file included from /data/data/com.termux/files/usr/tmp/tmpibtw600x/cmake-4.4.3/Source/cmFileInstaller.cxx:12:
            /data/data/com.termux/files/usr/tmp/tmpibtw600x/cmake-4.4.3/Utilities/std/cmext/string_view:28:40: warning: identifier '_s' preceded by whitespace in a literal operator declaration is deprecated [-Wdeprecated-literal-operator]
               28 |   friend static_string_view operator"" _s(char const* data, size_t size);
                  |                             ~~~~~~~~~~~^~
                  |                             operator""_s
            /data/data/com.termux/files/usr/tmp/tmpibtw600x/cmake-4.4.3/Utilities/std/cmext/string_view:32:38: warning: identifier '_s' preceded by whitespace in a literal operator declaration is deprecated [-Wdeprecated-literal-operator]
               32 | inline static_string_view operator"" _s(char const* data, size_t size)
                  |                           ~~~~~~~~~~~^~
                  |                           operator""_s
            /data/data/com.termux/files/usr/tmp/tmpibtw600x/cmake-4.4.3/Utilities/std/cmext/string_view:39:22: warning: identifier '_s' preceded by whitespace in a literal operator declaration is deprecated [-Wdeprecated-literal-operator]
               39 | using cm::operator"" _s;
                  |           ~~~~~~~~~~~^~
                  |           operator""_s
            3 warnings generated.
            g++     -D_FILE_OFFSET_BITS=64 -D_TIME_BITS=64    -DCMAKE_BOOTSTRAP    -DCMake_HAVE_CXX_MAKE_UNIQUE=1 -DCMake_HAVE_CXX_FILESYSTEM=1   -I/data/data/com.termux/files/usr/tmp/tmpibtw600x/cmake-4.4.3/Bootstrap.cmk   -I/data/data/com.termux/files/usr/tmp/tmpibtw600x/cmake-4.4.3/Source   -I/data/data/com.termux/files/usr/tmp/tmpibtw600x/cmake-4.4.3/Source/LexerParser   -I/data/data/com.termux/files/usr/tmp/tmpibtw600x/cmake-4.4.3/Utilities/std   -I/data/data/com.termux/files/usr/tmp/tmpibtw600x/cmake-4.4.3/Utilities  -c /data/data/com.termux/files/usr/tmp/tmpibtw600x/cmake-4.4.3/Source/cmFileSet.cxx -o cmFileSet.o
            In file included from /data/data/com.termux/files/usr/tmp/tmpibtw600x/cmake-4.4.3/Source/cmFileSet.cxx:12:
            /data/data/com.termux/files/usr/tmp/tmpibtw600x/cmake-4.4.3/Utilities/std/cmext/string_view:28:40: warning: identifier '_s' preceded by whitespace in a literal operator declaration is deprecated [-Wdeprecated-literal-operator]
               28 |   friend static_string_view operator"" _s(char const* data, size_t size);
                  |                             ~~~~~~~~~~~^~
                  |                             operator""_s
            /data/data/com.termux/files/usr/tmp/tmpibtw600x/cmake-4.4.3/Utilities/std/cmext/string_view:32:38: warning: identifier '_s' preceded by whitespace in a literal operator declaration is deprecated [-Wdeprecated-literal-operator]
               32 | inline static_string_view operator"" _s(char const* data, size_t size)
                  |                           ~~~~~~~~~~~^~
                  |                           operator""_s
            /data/data/com.termux/files/usr/tmp/tmpibtw600x/cmake-4.4.3/Utilities/std/cmext/string_view:39:22: warning: identifier '_s' preceded by whitespace in a literal operator declaration is deprecated [-Wdeprecated-literal-operator]
               39 | using cm::operator"" _s;
                  |           ~~~~~~~~~~~^~
                  |           operator""_s
            3 warnings generated.
            g++     -D_FILE_OFFSET_BITS=64 -D_TIME_BITS=64    -DCMAKE_BOOTSTRAP    -DCMake_HAVE_CXX_MAKE_UNIQUE=1 -DCMake_HAVE_CXX_FILESYSTEM=1   -I/data/data/com.termux/files/usr/tmp/tmpibtw600x/cmake-4.4.3/Bootstrap.cmk   -I/data/data/com.termux/files/usr/tmp/tmpibtw600x/cmake-4.4.3/Source   -I/data/data/com.termux/files/usr/tmp/tmpibtw600x/cmake-4.4.3/Source/LexerParser   -I/data/data/com.termux/files/usr/tmp/tmpibtw600x/cmake-4.4.3/Utilities/std   -I/data/data/com.termux/files/usr/tmp/tmpibtw600x/cmake-4.4.3/Utilities  -c /data/data/com.termux/files/usr/tmp/tmpibtw600x/cmake-4.4.3/Source/cmFileSetMetadata.cxx -o cmFileSetMetadata.o
            In file included from /data/data/com.termux/files/usr/tmp/tmpibtw600x/cmake-4.4.3/Source/cmFileSetMetadata.cxx:10:
            /data/data/com.termux/files/usr/tmp/tmpibtw600x/cmake-4.4.3/Utilities/std/cmext/string_view:28:40: warning: identifier '_s' preceded by whitespace in a literal operator declaration is deprecated [-Wdeprecated-literal-operator]
               28 |   friend static_string_view operator"" _s(char const* data, size_t size);
                  |                             ~~~~~~~~~~~^~
                  |                             operator""_s
            /data/data/com.termux/files/usr/tmp/tmpibtw600x/cmake-4.4.3/Utilities/std/cmext/string_view:32:38: warning: identifier '_s' preceded by whitespace in a literal operator declaration is deprecated [-Wdeprecated-literal-operator]
               32 | inline static_string_view operator"" _s(char const* data, size_t size)
                  |                           ~~~~~~~~~~~^~
                  |                           operator""_s
            /data/data/com.termux/files/usr/tmp/tmpibtw600x/cmake-4.4.3/Utilities/std/cmext/string_view:39:22: warning: identifier '_s' preceded by whitespace in a literal operator declaration is deprecated [-Wdeprecated-literal-operator]
               39 | using cm::operator"" _s;
                  |           ~~~~~~~~~~~^~
                  |           operator""_s
            3 warnings generated.
            g++     -D_FILE_OFFSET_BITS=64 -D_TIME_BITS=64    -DCMAKE_BOOTSTRAP    -DCMake_HAVE_CXX_MAKE_UNIQUE=1 -DCMake_HAVE_CXX_FILESYSTEM=1   -I/data/data/com.termux/files/usr/tmp/tmpibtw600x/cmake-4.4.3/Bootstrap.cmk   -I/data/data/com.termux/files/usr/tmp/tmpibtw600x/cmake-4.4.3/Source   -I/data/data/com.termux/files/usr/tmp/tmpibtw600x/cmake-4.4.3/Source/LexerParser   -I/data/data/com.termux/files/usr/tmp/tmpibtw600x/cmake-4.4.3/Utilities/std   -I/data/data/com.termux/files/usr/tmp/tmpibtw600x/cmake-4.4.3/Utilities  -c /data/data/com.termux/files/usr/tmp/tmpibtw600x/cmake-4.4.3/Source/cmFileTime.cxx -o cmFileTime.o
            g++     -D_FILE_OFFSET_BITS=64 -D_TIME_BITS=64    -DCMAKE_BOOTSTRAP    -DCMake_HAVE_CXX_MAKE_UNIQUE=1 -DCMake_HAVE_CXX_FILESYSTEM=1   -I/data/data/com.termux/files/usr/tmp/tmpibtw600x/cmake-4.4.3/Bootstrap.cmk   -I/data/data/com.termux/files/usr/tmp/tmpibtw600x/cmake-4.4.3/Source   -I/data/data/com.termux/files/usr/tmp/tmpibtw600x/cmake-4.4.3/Source/LexerParser   -I/data/data/com.termux/files/usr/tmp/tmpibtw600x/cmake-4.4.3/Utilities/std   -I/data/data/com.termux/files/usr/tmp/tmpibtw600x/cmake-4.4.3/Utilities  -c /data/data/com.termux/files/usr/tmp/tmpibtw600x/cmake-4.4.3/Source/cmFileTimeCache.cxx -o cmFileTimeCache.o
            g++     -D_FILE_OFFSET_BITS=64 -D_TIME_BITS=64    -DCMAKE_BOOTSTRAP    -DCMake_HAVE_CXX_MAKE_UNIQUE=1 -DCMake_HAVE_CXX_FILESYSTEM=1   -I/data/data/com.termux/files/usr/tmp/tmpibtw600x/cmake-4.4.3/Bootstrap.cmk   -I/data/data/com.termux/files/usr/tmp/tmpibtw600x/cmake-4.4.3/Source   -I/data/data/com.termux/files/usr/tmp/tmpibtw600x/cmake-4.4.3/Source/LexerParser   -I/data/data/com.termux/files/usr/tmp/tmpibtw600x/cmake-4.4.3/Utilities/std   -I/data/data/com.termux/files/usr/tmp/tmpibtw600x/cmake-4.4.3/Utilities  -c /data/data/com.termux/files/usr/tmp/tmpibtw600x/cmake-4.4.3/Source/cmFileTimes.cxx -o cmFileTimes.o
            g++     -D_FILE_OFFSET_BITS=64 -D_TIME_BITS=64    -DCMAKE_BOOTSTRAP    -DCMake_HAVE_CXX_MAKE_UNIQUE=1 -DCMake_HAVE_CXX_FILESYSTEM=1   -I/data/data/com.termux/files/usr/tmp/tmpibtw600x/cmake-4.4.3/Bootstrap.cmk   -I/data/data/com.termux/files/usr/tmp/tmpibtw600x/cmake-4.4.3/Source   -I/data/data/com.termux/files/usr/tmp/tmpibtw600x/cmake-4.4.3/Source/LexerParser   -I/data/data/com.termux/files/usr/tmp/tmpibtw600x/cmake-4.4.3/Utilities/std   -I/data/data/com.termux/files/usr/tmp/tmpibtw600x/cmake-4.4.3/Utilities  -c /data/data/com.termux/files/usr/tmp/tmpibtw600x/cmake-4.4.3/Source/cmFindBase.cxx -o cmFindBase.o
            In file included from /data/data/com.termux/files/usr/tmp/tmpibtw600x/cmake-4.4.3/Source/cmFindBase.cxx:3:
            In file included from /data/data/com.termux/files/usr/tmp/tmpibtw600x/cmake-4.4.3/Source/cmFindBase.h:11:
            In file included from /data/data/com.termux/files/usr/tmp/tmpibtw600x/cmake-4.4.3/Source/cmFindCommon.h:16:
            In file included from /data/data/com.termux/files/usr/tmp/tmpibtw600x/cmake-4.4.3/Source/cmWindowsRegistry.h:14:
            /data/data/com.termux/files/usr/tmp/tmpibtw600x/cmake-4.4.3/Utilities/std/cmext/string_view:28:40: warning: identifier '_s' preceded by whitespace in a literal operator declaration is deprecated [-Wdeprecated-literal-operator]
               28 |   friend static_string_view operator"" _s(char const* data, size_t size);
                  |                             ~~~~~~~~~~~^~
                  |                             operator""_s
            /data/data/com.termux/files/usr/tmp/tmpibtw600x/cmake-4.4.3/Utilities/std/cmext/string_view:32:38: warning: identifier '_s' preceded by whitespace in a literal operator declaration is deprecated [-Wdeprecated-literal-operator]
               32 | inline static_string_view operator"" _s(char const* data, size_t size)
                  |                           ~~~~~~~~~~~^~
                  |                           operator""_s
            /data/data/com.termux/files/usr/tmp/tmpibtw600x/cmake-4.4.3/Utilities/std/cmext/string_view:39:22: warning: identifier '_s' preceded by whitespace in a literal operator declaration is deprecated [-Wdeprecated-literal-operator]
               39 | using cm::operator"" _s;
                  |           ~~~~~~~~~~~^~
                  |           operator""_s
            3 warnings generated.
            g++     -D_FILE_OFFSET_BITS=64 -D_TIME_BITS=64    -DCMAKE_BOOTSTRAP    -DCMake_HAVE_CXX_MAKE_UNIQUE=1 -DCMake_HAVE_CXX_FILESYSTEM=1   -I/data/data/com.termux/files/usr/tmp/tmpibtw600x/cmake-4.4.3/Bootstrap.cmk   -I/data/data/com.termux/files/usr/tmp/tmpibtw600x/cmake-4.4.3/Source   -I/data/data/com.termux/files/usr/tmp/tmpibtw600x/cmake-4.4.3/Source/LexerParser   -I/data/data/com.termux/files/usr/tmp/tmpibtw600x/cmake-4.4.3/Utilities/std   -I/data/data/com.termux/files/usr/tmp/tmpibtw600x/cmake-4.4.3/Utilities  -c /data/data/com.termux/files/usr/tmp/tmpibtw600x/cmake-4.4.3/Source/cmFindCommon.cxx -o cmFindCommon.o
            In file included from /data/data/com.termux/files/usr/tmp/tmpibtw600x/cmake-4.4.3/Source/cmFindCommon.cxx:3:
            In file included from /data/data/com.termux/files/usr/tmp/tmpibtw600x/cmake-4.4.3/Source/cmFindCommon.h:16:
            In file included from /data/data/com.termux/files/usr/tmp/tmpibtw600x/cmake-4.4.3/Source/cmWindowsRegistry.h:14:
            /data/data/com.termux/files/usr/tmp/tmpibtw600x/cmake-4.4.3/Utilities/std/cmext/string_view:28:40: warning: identifier '_s' preceded by whitespace in a literal operator declaration is deprecated [-Wdeprecated-literal-operator]
               28 |   friend static_string_view operator"" _s(char const* data, size_t size);
                  |                             ~~~~~~~~~~~^~
                  |                             operator""_s
            /data/data/com.termux/files/usr/tmp/tmpibtw600x/cmake-4.4.3/Utilities/std/cmext/string_view:32:38: warning: identifier '_s' preceded by whitespace in a literal operator declaration is deprecated [-Wdeprecated-literal-operator]
               32 | inline static_string_view operator"" _s(char const* data, size_t size)
                  |                           ~~~~~~~~~~~^~
                  |                           operator""_s
            /data/data/com.termux/files/usr/tmp/tmpibtw600x/cmake-4.4.3/Utilities/std/cmext/string_view:39:22: warning: identifier '_s' preceded by whitespace in a literal operator declaration is deprecated [-Wdeprecated-literal-operator]
               39 | using cm::operator"" _s;
                  |           ~~~~~~~~~~~^~
                  |           operator""_s
            3 warnings generated.
            g++     -D_FILE_OFFSET_BITS=64 -D_TIME_BITS=64    -DCMAKE_BOOTSTRAP    -DCMake_HAVE_CXX_MAKE_UNIQUE=1 -DCMake_HAVE_CXX_FILESYSTEM=1   -I/data/data/com.termux/files/usr/tmp/tmpibtw600x/cmake-4.4.3/Bootstrap.cmk   -I/data/data/com.termux/files/usr/tmp/tmpibtw600x/cmake-4.4.3/Source   -I/data/data/com.termux/files/usr/tmp/tmpibtw600x/cmake-4.4.3/Source/LexerParser   -I/data/data/com.termux/files/usr/tmp/tmpibtw600x/cmake-4.4.3/Utilities/std   -I/data/data/com.termux/files/usr/tmp/tmpibtw600x/cmake-4.4.3/Utilities  -c /data/data/com.termux/files/usr/tmp/tmpibtw600x/cmake-4.4.3/Source/cmFindFileCommand.cxx -o cmFindFileCommand.o
            In file included from /data/data/com.termux/files/usr/tmp/tmpibtw600x/cmake-4.4.3/Source/cmFindFileCommand.cxx:3:
            In file included from /data/data/com.termux/files/usr/tmp/tmpibtw600x/cmake-4.4.3/Source/cmFindFileCommand.h:10:
            In file included from /data/data/com.termux/files/usr/tmp/tmpibtw600x/cmake-4.4.3/Source/cmFindPathCommand.h:10:
            In file included from /data/data/com.termux/files/usr/tmp/tmpibtw600x/cmake-4.4.3/Source/cmFindBase.h:11:
            In file included from /data/data/com.termux/files/usr/tmp/tmpibtw600x/cmake-4.4.3/Source/cmFindCommon.h:16:
            In file included from /data/data/com.termux/files/usr/tmp/tmpibtw600x/cmake-4.4.3/Source/cmWindowsRegistry.h:14:
            /data/data/com.termux/files/usr/tmp/tmpibtw600x/cmake-4.4.3/Utilities/std/cmext/string_view:28:40: warning: identifier '_s' preceded by whitespace in a literal operator declaration is deprecated [-Wdeprecated-literal-operator]
               28 |   friend static_string_view operator"" _s(char const* data, size_t size);
                  |                             ~~~~~~~~~~~^~
                  |                             operator""_s
            /data/data/com.termux/files/usr/tmp/tmpibtw600x/cmake-4.4.3/Utilities/std/cmext/string_view:32:38: warning: identifier '_s' preceded by whitespace in a literal operator declaration is deprecated [-Wdeprecated-literal-operator]
               32 | inline static_string_view operator"" _s(char const* data, size_t size)
                  |                           ~~~~~~~~~~~^~
                  |                           operator""_s
            /data/data/com.termux/files/usr/tmp/tmpibtw600x/cmake-4.4.3/Utilities/std/cmext/string_view:39:22: warning: identifier '_s' preceded by whitespace in a literal operator declaration is deprecated [-Wdeprecated-literal-operator]
               39 | using cm::operator"" _s;
                  |           ~~~~~~~~~~~^~
                  |           operator""_s
            3 warnings generated.
            g++     -D_FILE_OFFSET_BITS=64 -D_TIME_BITS=64    -DCMAKE_BOOTSTRAP    -DCMake_HAVE_CXX_MAKE_UNIQUE=1 -DCMake_HAVE_CXX_FILESYSTEM=1   -I/data/data/com.termux/files/usr/tmp/tmpibtw600x/cmake-4.4.3/Bootstrap.cmk   -I/data/data/com.termux/files/usr/tmp/tmpibtw600x/cmake-4.4.3/Source   -I/data/data/com.termux/files/usr/tmp/tmpibtw600x/cmake-4.4.3/Source/LexerParser   -I/data/data/com.termux/files/usr/tmp/tmpibtw600x/cmake-4.4.3/Utilities/std   -I/data/data/com.termux/files/usr/tmp/tmpibtw600x/cmake-4.4.3/Utilities  -c /data/data/com.termux/files/usr/tmp/tmpibtw600x/cmake-4.4.3/Source/cmFindLibraryCommand.cxx -o cmFindLibraryCommand.o
            In file included from /data/data/com.termux/files/usr/tmp/tmpibtw600x/cmake-4.4.3/Source/cmFindLibraryCommand.cxx:3:
            In file included from /data/data/com.termux/files/usr/tmp/tmpibtw600x/cmake-4.4.3/Source/cmFindLibraryCommand.h:10:
            In file included from /data/data/com.termux/files/usr/tmp/tmpibtw600x/cmake-4.4.3/Source/cmFindBase.h:11:
            In file included from /data/data/com.termux/files/usr/tmp/tmpibtw600x/cmake-4.4.3/Source/cmFindCommon.h:16:
            In file included from /data/data/com.termux/files/usr/tmp/tmpibtw600x/cmake-4.4.3/Source/cmWindowsRegistry.h:14:
            /data/data/com.termux/files/usr/tmp/tmpibtw600x/cmake-4.4.3/Utilities/std/cmext/string_view:28:40: warning: identifier '_s' preceded by whitespace in a literal operator declaration is deprecated [-Wdeprecated-literal-operator]
               28 |   friend static_string_view operator"" _s(char const* data, size_t size);
                  |                             ~~~~~~~~~~~^~
                  |                             operator""_s
            /data/data/com.termux/files/usr/tmp/tmpibtw600x/cmake-4.4.3/Utilities/std/cmext/string_view:32:38: warning: identifier '_s' preceded by whitespace in a literal operator declaration is deprecated [-Wdeprecated-literal-operator]
               32 | inline static_string_view operator"" _s(char const* data, size_t size)
                  |                           ~~~~~~~~~~~^~
                  |                           operator""_s
            /data/data/com.termux/files/usr/tmp/tmpibtw600x/cmake-4.4.3/Utilities/std/cmext/string_view:39:22: warning: identifier '_s' preceded by whitespace in a literal operator declaration is deprecated [-Wdeprecated-literal-operator]
               39 | using cm::operator"" _s;
                  |           ~~~~~~~~~~~^~
                  |           operator""_s
            3 warnings generated.
            g++     -D_FILE_OFFSET_BITS=64 -D_TIME_BITS=64    -DCMAKE_BOOTSTRAP    -DCMake_HAVE_CXX_MAKE_UNIQUE=1 -DCMake_HAVE_CXX_FILESYSTEM=1   -I/data/data/com.termux/files/usr/tmp/tmpibtw600x/cmake-4.4.3/Bootstrap.cmk   -I/data/data/com.termux/files/usr/tmp/tmpibtw600x/cmake-4.4.3/Source   -I/data/data/com.termux/files/usr/tmp/tmpibtw600x/cmake-4.4.3/Source/LexerParser   -I/data/data/com.termux/files/usr/tmp/tmpibtw600x/cmake-4.4.3/Utilities/std   -I/data/data/com.termux/files/usr/tmp/tmpibtw600x/cmake-4.4.3/Utilities  -c /data/data/com.termux/files/usr/tmp/tmpibtw600x/cmake-4.4.3/Source/cmFindPackageCommand.cxx -o cmFindPackageCommand.o
            In file included from /data/data/com.termux/files/usr/tmp/tmpibtw600x/cmake-4.4.3/Source/cmFindPackageCommand.cxx:3:
            In file included from /data/data/com.termux/files/usr/tmp/tmpibtw600x/cmake-4.4.3/Source/cmFindPackageCommand.h:20:
            In file included from /data/data/com.termux/files/usr/tmp/tmpibtw600x/cmake-4.4.3/Source/cmFindCommon.h:16:
            In file included from /data/data/com.termux/files/usr/tmp/tmpibtw600x/cmake-4.4.3/Source/cmWindowsRegistry.h:14:
            /data/data/com.termux/files/usr/tmp/tmpibtw600x/cmake-4.4.3/Utilities/std/cmext/string_view:28:40: warning: identifier '_s' preceded by whitespace in a literal operator declaration is deprecated [-Wdeprecated-literal-operator]
               28 |   friend static_string_view operator"" _s(char const* data, size_t size);
                  |                             ~~~~~~~~~~~^~
                  |                             operator""_s
            /data/data/com.termux/files/usr/tmp/tmpibtw600x/cmake-4.4.3/Utilities/std/cmext/string_view:32:38: warning: identifier '_s' preceded by whitespace in a literal operator declaration is deprecated [-Wdeprecated-literal-operator]
               32 | inline static_string_view operator"" _s(char const* data, size_t size)
                  |                           ~~~~~~~~~~~^~
                  |                           operator""_s
            /data/data/com.termux/files/usr/tmp/tmpibtw600x/cmake-4.4.3/Utilities/std/cmext/string_view:39:22: warning: identifier '_s' preceded by whitespace in a literal operator declaration is deprecated [-Wdeprecated-literal-operator]
               39 | using cm::operator"" _s;
                  |           ~~~~~~~~~~~^~
                  |           operator""_s
            3 warnings generated.
            g++     -D_FILE_OFFSET_BITS=64 -D_TIME_BITS=64    -DCMAKE_BOOTSTRAP    -DCMake_HAVE_CXX_MAKE_UNIQUE=1 -DCMake_HAVE_CXX_FILESYSTEM=1   -I/data/data/com.termux/files/usr/tmp/tmpibtw600x/cmake-4.4.3/Bootstrap.cmk   -I/data/data/com.termux/files/usr/tmp/tmpibtw600x/cmake-4.4.3/Source   -I/data/data/com.termux/files/usr/tmp/tmpibtw600x/cmake-4.4.3/Source/LexerParser   -I/data/data/com.termux/files/usr/tmp/tmpibtw600x/cmake-4.4.3/Utilities/std   -I/data/data/com.termux/files/usr/tmp/tmpibtw600x/cmake-4.4.3/Utilities  -c /data/data/com.termux/files/usr/tmp/tmpibtw600x/cmake-4.4.3/Source/cmFindPackageStack.cxx -o cmFindPackageStack.o
            g++     -D_FILE_OFFSET_BITS=64 -D_TIME_BITS=64    -DCMAKE_BOOTSTRAP    -DCMake_HAVE_CXX_MAKE_UNIQUE=1 -DCMake_HAVE_CXX_FILESYSTEM=1   -I/data/data/com.termux/files/usr/tmp/tmpibtw600x/cmake-4.4.3/Bootstrap.cmk   -I/data/data/com.termux/files/usr/tmp/tmpibtw600x/cmake-4.4.3/Source   -I/data/data/com.termux/files/usr/tmp/tmpibtw600x/cmake-4.4.3/Source/LexerParser   -I/data/data/com.termux/files/usr/tmp/tmpibtw600x/cmake-4.4.3/Utilities/std   -I/data/data/com.termux/files/usr/tmp/tmpibtw600x/cmake-4.4.3/Utilities  -c /data/data/com.termux/files/usr/tmp/tmpibtw600x/cmake-4.4.3/Source/cmFindPathCommand.cxx -o cmFindPathCommand.o
            In file included from /data/data/com.termux/files/usr/tmp/tmpibtw600x/cmake-4.4.3/Source/cmFindPathCommand.cxx:3:
            In file included from /data/data/com.termux/files/usr/tmp/tmpibtw600x/cmake-4.4.3/Source/cmFindPathCommand.h:10:
            In file included from /data/data/com.termux/files/usr/tmp/tmpibtw600x/cmake-4.4.3/Source/cmFindBase.h:11:
            In file included from /data/data/com.termux/files/usr/tmp/tmpibtw600x/cmake-4.4.3/Source/cmFindCommon.h:16:
            In file included from /data/data/com.termux/files/usr/tmp/tmpibtw600x/cmake-4.4.3/Source/cmWindowsRegistry.h:14:
            /data/data/com.termux/files/usr/tmp/tmpibtw600x/cmake-4.4.3/Utilities/std/cmext/string_view:28:40: warning: identifier '_s' preceded by whitespace in a literal operator declaration is deprecated [-Wdeprecated-literal-operator]
               28 |   friend static_string_view operator"" _s(char const* data, size_t size);
                  |                             ~~~~~~~~~~~^~
                  |                             operator""_s
            /data/data/com.termux/files/usr/tmp/tmpibtw600x/cmake-4.4.3/Utilities/std/cmext/string_view:32:38: warning: identifier '_s' preceded by whitespace in a literal operator declaration is deprecated [-Wdeprecated-literal-operator]
               32 | inline static_string_view operator"" _s(char const* data, size_t size)
                  |                           ~~~~~~~~~~~^~
                  |                           operator""_s
            /data/data/com.termux/files/usr/tmp/tmpibtw600x/cmake-4.4.3/Utilities/std/cmext/string_view:39:22: warning: identifier '_s' preceded by whitespace in a literal operator declaration is deprecated [-Wdeprecated-literal-operator]
               39 | using cm::operator"" _s;
                  |           ~~~~~~~~~~~^~
                  |           operator""_s
            3 warnings generated.
            g++     -D_FILE_OFFSET_BITS=64 -D_TIME_BITS=64    -DCMAKE_BOOTSTRAP    -DCMake_HAVE_CXX_MAKE_UNIQUE=1 -DCMake_HAVE_CXX_FILESYSTEM=1   -I/data/data/com.termux/files/usr/tmp/tmpibtw600x/cmake-4.4.3/Bootstrap.cmk   -I/data/data/com.termux/files/usr/tmp/tmpibtw600x/cmake-4.4.3/Source   -I/data/data/com.termux/files/usr/tmp/tmpibtw600x/cmake-4.4.3/Source/LexerParser   -I/data/data/com.termux/files/usr/tmp/tmpibtw600x/cmake-4.4.3/Utilities/std   -I/data/data/com.termux/files/usr/tmp/tmpibtw600x/cmake-4.4.3/Utilities  -c /data/data/com.termux/files/usr/tmp/tmpibtw600x/cmake-4.4.3/Source/cmFindProgramCommand.cxx -o cmFindProgramCommand.o
            In file included from /data/data/com.termux/files/usr/tmp/tmpibtw600x/cmake-4.4.3/Source/cmFindProgramCommand.cxx:3:
            In file included from /data/data/com.termux/files/usr/tmp/tmpibtw600x/cmake-4.4.3/Source/cmFindProgramCommand.h:10:
            In file included from /data/data/com.termux/files/usr/tmp/tmpibtw600x/cmake-4.4.3/Source/cmFindBase.h:11:
            In file included from /data/data/com.termux/files/usr/tmp/tmpibtw600x/cmake-4.4.3/Source/cmFindCommon.h:16:
            In file included from /data/data/com.termux/files/usr/tmp/tmpibtw600x/cmake-4.4.3/Source/cmWindowsRegistry.h:14:
            /data/data/com.termux/files/usr/tmp/tmpibtw600x/cmake-4.4.3/Utilities/std/cmext/string_view:28:40: warning: identifier '_s' preceded by whitespace in a literal operator declaration is deprecated [-Wdeprecated-literal-operator]
               28 |   friend static_string_view operator"" _s(char const* data, size_t size);
                  |                             ~~~~~~~~~~~^~
                  |                             operator""_s
            /data/data/com.termux/files/usr/tmp/tmpibtw600x/cmake-4.4.3/Utilities/std/cmext/string_view:32:38: warning: identifier '_s' preceded by whitespace in a literal operator declaration is deprecated [-Wdeprecated-literal-operator]
               32 | inline static_string_view operator"" _s(char const* data, size_t size)
                  |                           ~~~~~~~~~~~^~
                  |                           operator""_s
            /data/data/com.termux/files/usr/tmp/tmpibtw600x/cmake-4.4.3/Utilities/std/cmext/string_view:39:22: warning: identifier '_s' preceded by whitespace in a literal operator declaration is deprecated [-Wdeprecated-literal-operator]
               39 | using cm::operator"" _s;
                  |           ~~~~~~~~~~~^~
                  |           operator""_s
            3 warnings generated.
            g++     -D_FILE_OFFSET_BITS=64 -D_TIME_BITS=64    -DCMAKE_BOOTSTRAP    -DCMake_HAVE_CXX_MAKE_UNIQUE=1 -DCMake_HAVE_CXX_FILESYSTEM=1   -I/data/data/com.termux/files/usr/tmp/tmpibtw600x/cmake-4.4.3/Bootstrap.cmk   -I/data/data/com.termux/files/usr/tmp/tmpibtw600x/cmake-4.4.3/Source   -I/data/data/com.termux/files/usr/tmp/tmpibtw600x/cmake-4.4.3/Source/LexerParser   -I/data/data/com.termux/files/usr/tmp/tmpibtw600x/cmake-4.4.3/Utilities/std   -I/data/data/com.termux/files/usr/tmp/tmpibtw600x/cmake-4.4.3/Utilities  -c /data/data/com.termux/files/usr/tmp/tmpibtw600x/cmake-4.4.3/Source/cmForEachCommand.cxx -o cmForEachCommand.o
            In file included from /data/data/com.termux/files/usr/tmp/tmpibtw600x/cmake-4.4.3/Source/cmForEachCommand.cxx:21:
            /data/data/com.termux/files/usr/tmp/tmpibtw600x/cmake-4.4.3/Utilities/std/cmext/string_view:28:40: warning: identifier '_s' preceded by whitespace in a literal operator declaration is deprecated [-Wdeprecated-literal-operator]
               28 |   friend static_string_view operator"" _s(char const* data, size_t size);
                  |                             ~~~~~~~~~~~^~
                  |                             operator""_s
            /data/data/com.termux/files/usr/tmp/tmpibtw600x/cmake-4.4.3/Utilities/std/cmext/string_view:32:38: warning: identifier '_s' preceded by whitespace in a literal operator declaration is deprecated [-Wdeprecated-literal-operator]
               32 | inline static_string_view operator"" _s(char const* data, size_t size)
                  |                           ~~~~~~~~~~~^~
                  |                           operator""_s
            /data/data/com.termux/files/usr/tmp/tmpibtw600x/cmake-4.4.3/Utilities/std/cmext/string_view:39:22: warning: identifier '_s' preceded by whitespace in a literal operator declaration is deprecated [-Wdeprecated-literal-operator]
               39 | using cm::operator"" _s;
                  |           ~~~~~~~~~~~^~
                  |           operator""_s
            3 warnings generated.
            g++     -D_FILE_OFFSET_BITS=64 -D_TIME_BITS=64    -DCMAKE_BOOTSTRAP    -DCMake_HAVE_CXX_MAKE_UNIQUE=1 -DCMake_HAVE_CXX_FILESYSTEM=1   -I/data/data/com.termux/files/usr/tmp/tmpibtw600x/cmake-4.4.3/Bootstrap.cmk   -I/data/data/com.termux/files/usr/tmp/tmpibtw600x/cmake-4.4.3/Source   -I/data/data/com.termux/files/usr/tmp/tmpibtw600x/cmake-4.4.3/Source/LexerParser   -I/data/data/com.termux/files/usr/tmp/tmpibtw600x/cmake-4.4.3/Utilities/std   -I/data/data/com.termux/files/usr/tmp/tmpibtw600x/cmake-4.4.3/Utilities  -c /data/data/com.termux/files/usr/tmp/tmpibtw600x/cmake-4.4.3/Source/cmFunctionBlocker.cxx -o cmFunctionBlocker.o
            In file included from /data/data/com.termux/files/usr/tmp/tmpibtw600x/cmake-4.4.3/Source/cmFunctionBlocker.cxx:14:
            In file included from /data/data/com.termux/files/usr/tmp/tmpibtw600x/cmake-4.4.3/Source/cmake.h:19:
            /data/data/com.termux/files/usr/tmp/tmpibtw600x/cmake-4.4.3/Utilities/std/cmext/string_view:28:40: warning: identifier '_s' preceded by whitespace in a literal operator declaration is deprecated [-Wdeprecated-literal-operator]
               28 |   friend static_string_view operator"" _s(char const* data, size_t size);
                  |                             ~~~~~~~~~~~^~
                  |                             operator""_s
            /data/data/com.termux/files/usr/tmp/tmpibtw600x/cmake-4.4.3/Utilities/std/cmext/string_view:32:38: warning: identifier '_s' preceded by whitespace in a literal operator declaration is deprecated [-Wdeprecated-literal-operator]
               32 | inline static_string_view operator"" _s(char const* data, size_t size)
                  |                           ~~~~~~~~~~~^~
                  |                           operator""_s
            /data/data/com.termux/files/usr/tmp/tmpibtw600x/cmake-4.4.3/Utilities/std/cmext/string_view:39:22: warning: identifier '_s' preceded by whitespace in a literal operator declaration is deprecated [-Wdeprecated-literal-operator]
               39 | using cm::operator"" _s;
                  |           ~~~~~~~~~~~^~
                  |           operator""_s
            3 warnings generated.
            g++     -D_FILE_OFFSET_BITS=64 -D_TIME_BITS=64    -DCMAKE_BOOTSTRAP    -DCMake_HAVE_CXX_MAKE_UNIQUE=1 -DCMake_HAVE_CXX_FILESYSTEM=1   -I/data/data/com.termux/files/usr/tmp/tmpibtw600x/cmake-4.4.3/Bootstrap.cmk   -I/data/data/com.termux/files/usr/tmp/tmpibtw600x/cmake-4.4.3/Source   -I/data/data/com.termux/files/usr/tmp/tmpibtw600x/cmake-4.4.3/Source/LexerParser   -I/data/data/com.termux/files/usr/tmp/tmpibtw600x/cmake-4.4.3/Utilities/std   -I/data/data/com.termux/files/usr/tmp/tmpibtw600x/cmake-4.4.3/Utilities  -c /data/data/com.termux/files/usr/tmp/tmpibtw600x/cmake-4.4.3/Source/cmFunctionCommand.cxx -o cmFunctionCommand.o
            In file included from /data/data/com.termux/files/usr/tmp/tmpibtw600x/cmake-4.4.3/Source/cmFunctionCommand.cxx:11:
            /data/data/com.termux/files/usr/tmp/tmpibtw600x/cmake-4.4.3/Utilities/std/cmext/string_view:28:40: warning: identifier '_s' preceded by whitespace in a literal operator declaration is deprecated [-Wdeprecated-literal-operator]
               28 |   friend static_string_view operator"" _s(char const* data, size_t size);
                  |                             ~~~~~~~~~~~^~
                  |                             operator""_s
            /data/data/com.termux/files/usr/tmp/tmpibtw600x/cmake-4.4.3/Utilities/std/cmext/string_view:32:38: warning: identifier '_s' preceded by whitespace in a literal operator declaration is deprecated [-Wdeprecated-literal-operator]
               32 | inline static_string_view operator"" _s(char const* data, size_t size)
                  |                           ~~~~~~~~~~~^~
                  |                           operator""_s
            /data/data/com.termux/files/usr/tmp/tmpibtw600x/cmake-4.4.3/Utilities/std/cmext/string_view:39:22: warning: identifier '_s' preceded by whitespace in a literal operator declaration is deprecated [-Wdeprecated-literal-operator]
               39 | using cm::operator"" _s;
                  |           ~~~~~~~~~~~^~
                  |           operator""_s
            3 warnings generated.
            g++     -D_FILE_OFFSET_BITS=64 -D_TIME_BITS=64    -DCMAKE_BOOTSTRAP    -DCMake_HAVE_CXX_MAKE_UNIQUE=1 -DCMake_HAVE_CXX_FILESYSTEM=1   -I/data/data/com.termux/files/usr/tmp/tmpibtw600x/cmake-4.4.3/Bootstrap.cmk   -I/data/data/com.termux/files/usr/tmp/tmpibtw600x/cmake-4.4.3/Source   -I/data/data/com.termux/files/usr/tmp/tmpibtw600x/cmake-4.4.3/Source/LexerParser   -I/data/data/com.termux/files/usr/tmp/tmpibtw600x/cmake-4.4.3/Utilities/std   -I/data/data/com.termux/files/usr/tmp/tmpibtw600x/cmake-4.4.3/Utilities  -c /data/data/com.termux/files/usr/tmp/tmpibtw600x/cmake-4.4.3/Source/cmFSPermissions.cxx -o cmFSPermissions.o
            g++     -D_FILE_OFFSET_BITS=64 -D_TIME_BITS=64    -DCMAKE_BOOTSTRAP    -DCMake_HAVE_CXX_MAKE_UNIQUE=1 -DCMake_HAVE_CXX_FILESYSTEM=1   -I/data/data/com.termux/files/usr/tmp/tmpibtw600x/cmake-4.4.3/Bootstrap.cmk   -I/data/data/com.termux/files/usr/tmp/tmpibtw600x/cmake-4.4.3/Source   -I/data/data/com.termux/files/usr/tmp/tmpibtw600x/cmake-4.4.3/Source/LexerParser   -I/data/data/com.termux/files/usr/tmp/tmpibtw600x/cmake-4.4.3/Utilities/std   -I/data/data/com.termux/files/usr/tmp/tmpibtw600x/cmake-4.4.3/Utilities  -c /data/data/com.termux/files/usr/tmp/tmpibtw600x/cmake-4.4.3/Source/cmGeneratedFileStream.cxx -o cmGeneratedFileStream.o
            g++     -D_FILE_OFFSET_BITS=64 -D_TIME_BITS=64    -DCMAKE_BOOTSTRAP    -DCMake_HAVE_CXX_MAKE_UNIQUE=1 -DCMake_HAVE_CXX_FILESYSTEM=1   -I/data/data/com.termux/files/usr/tmp/tmpibtw600x/cmake-4.4.3/Bootstrap.cmk   -I/data/data/com.termux/files/usr/tmp/tmpibtw600x/cmake-4.4.3/Source   -I/data/data/com.termux/files/usr/tmp/tmpibtw600x/cmake-4.4.3/Source/LexerParser   -I/data/data/com.termux/files/usr/tmp/tmpibtw600x/cmake-4.4.3/Utilities/std   -I/data/data/com.termux/files/usr/tmp/tmpibtw600x/cmake-4.4.3/Utilities  -c /data/data/com.termux/files/usr/tmp/tmpibtw600x/cmake-4.4.3/Source/cmGenExContext.cxx -o cmGenExContext.o
            g++     -D_FILE_OFFSET_BITS=64 -D_TIME_BITS=64    -DCMAKE_BOOTSTRAP    -DCMake_HAVE_CXX_MAKE_UNIQUE=1 -DCMake_HAVE_CXX_FILESYSTEM=1   -I/data/data/com.termux/files/usr/tmp/tmpibtw600x/cmake-4.4.3/Bootstrap.cmk   -I/data/data/com.termux/files/usr/tmp/tmpibtw600x/cmake-4.4.3/Source   -I/data/data/com.termux/files/usr/tmp/tmpibtw600x/cmake-4.4.3/Source/LexerParser   -I/data/data/com.termux/files/usr/tmp/tmpibtw600x/cmake-4.4.3/Utilities/std   -I/data/data/com.termux/files/usr/tmp/tmpibtw600x/cmake-4.4.3/Utilities  -c /data/data/com.termux/files/usr/tmp/tmpibtw600x/cmake-4.4.3/Source/cmGenExEvaluation.cxx -o cmGenExEvaluation.o
            g++     -D_FILE_OFFSET_BITS=64 -D_TIME_BITS=64    -DCMAKE_BOOTSTRAP    -DCMake_HAVE_CXX_MAKE_UNIQUE=1 -DCMake_HAVE_CXX_FILESYSTEM=1   -I/data/data/com.termux/files/usr/tmp/tmpibtw600x/cmake-4.4.3/Bootstrap.cmk   -I/data/data/com.termux/files/usr/tmp/tmpibtw600x/cmake-4.4.3/Source   -I/data/data/com.termux/files/usr/tmp/tmpibtw600x/cmake-4.4.3/Source/LexerParser   -I/data/data/com.termux/files/usr/tmp/tmpibtw600x/cmake-4.4.3/Utilities/std   -I/data/data/com.termux/files/usr/tmp/tmpibtw600x/cmake-4.4.3/Utilities  -c /data/data/com.termux/files/usr/tmp/tmpibtw600x/cmake-4.4.3/Source/cmGeneratorExpression.cxx -o cmGeneratorExpression.o
            In file included from /data/data/com.termux/files/usr/tmp/tmpibtw600x/cmake-4.4.3/Source/cmGeneratorExpression.cxx:29:
            In file included from /data/data/com.termux/files/usr/tmp/tmpibtw600x/cmake-4.4.3/Source/cmake.h:19:
            /data/data/com.termux/files/usr/tmp/tmpibtw600x/cmake-4.4.3/Utilities/std/cmext/string_view:28:40: warning: identifier '_s' preceded by whitespace in a literal operator declaration is deprecated [-Wdeprecated-literal-operator]
               28 |   friend static_string_view operator"" _s(char const* data, size_t size);
                  |                             ~~~~~~~~~~~^~
                  |                             operator""_s
            /data/data/com.termux/files/usr/tmp/tmpibtw600x/cmake-4.4.3/Utilities/std/cmext/string_view:32:38: warning: identifier '_s' preceded by whitespace in a literal operator declaration is deprecated [-Wdeprecated-literal-operator]
               32 | inline static_string_view operator"" _s(char const* data, size_t size)
                  |                           ~~~~~~~~~~~^~
                  |                           operator""_s
            /data/data/com.termux/files/usr/tmp/tmpibtw600x/cmake-4.4.3/Utilities/std/cmext/string_view:39:22: warning: identifier '_s' preceded by whitespace in a literal operator declaration is deprecated [-Wdeprecated-literal-operator]
               39 | using cm::operator"" _s;
                  |           ~~~~~~~~~~~^~
                  |           operator""_s
            3 warnings generated.
            g++     -D_FILE_OFFSET_BITS=64 -D_TIME_BITS=64    -DCMAKE_BOOTSTRAP    -DCMake_HAVE_CXX_MAKE_UNIQUE=1 -DCMake_HAVE_CXX_FILESYSTEM=1   -I/data/data/com.termux/files/usr/tmp/tmpibtw600x/cmake-4.4.3/Bootstrap.cmk   -I/data/data/com.termux/files/usr/tmp/tmpibtw600x/cmake-4.4.3/Source   -I/data/data/com.termux/files/usr/tmp/tmpibtw600x/cmake-4.4.3/Source/LexerParser   -I/data/data/com.termux/files/usr/tmp/tmpibtw600x/cmake-4.4.3/Utilities/std   -I/data/data/com.termux/files/usr/tmp/tmpibtw600x/cmake-4.4.3/Utilities  -c /data/data/com.termux/files/usr/tmp/tmpibtw600x/cmake-4.4.3/Source/cmGeneratorExpressionDAGChecker.cxx -o cmGeneratorExpressionDAGChecker.o
            In file included from /data/data/com.termux/files/usr/tmp/tmpibtw600x/cmake-4.4.3/Source/cmGeneratorExpressionDAGChecker.cxx:10:
            /data/data/com.termux/files/usr/tmp/tmpibtw600x/cmake-4.4.3/Utilities/std/cmext/string_view:28:40: warning: identifier '_s' preceded by whitespace in a literal operator declaration is deprecated [-Wdeprecated-literal-operator]
               28 |   friend static_string_view operator"" _s(char const* data, size_t size);
                  |                             ~~~~~~~~~~~^~
                  |                             operator""_s
            /data/data/com.termux/files/usr/tmp/tmpibtw600x/cmake-4.4.3/Utilities/std/cmext/string_view:32:38: warning: identifier '_s' preceded by whitespace in a literal operator declaration is deprecated [-Wdeprecated-literal-operator]
               32 | inline static_string_view operator"" _s(char const* data, size_t size)
                  |                           ~~~~~~~~~~~^~
                  |                           operator""_s
            /data/data/com.termux/files/usr/tmp/tmpibtw600x/cmake-4.4.3/Utilities/std/cmext/string_view:39:22: warning: identifier '_s' preceded by whitespace in a literal operator declaration is deprecated [-Wdeprecated-literal-operator]
               39 | using cm::operator"" _s;
                  |           ~~~~~~~~~~~^~
                  |           operator""_s
            3 warnings generated.
            g++     -D_FILE_OFFSET_BITS=64 -D_TIME_BITS=64    -DCMAKE_BOOTSTRAP    -DCMake_HAVE_CXX_MAKE_UNIQUE=1 -DCMake_HAVE_CXX_FILESYSTEM=1   -I/data/data/com.termux/files/usr/tmp/tmpibtw600x/cmake-4.4.3/Bootstrap.cmk   -I/data/data/com.termux/files/usr/tmp/tmpibtw600x/cmake-4.4.3/Source   -I/data/data/com.termux/files/usr/tmp/tmpibtw600x/cmake-4.4.3/Source/LexerParser   -I/data/data/com.termux/files/usr/tmp/tmpibtw600x/cmake-4.4.3/Utilities/std   -I/data/data/com.termux/files/usr/tmp/tmpibtw600x/cmake-4.4.3/Utilities  -c /data/data/com.termux/files/usr/tmp/tmpibtw600x/cmake-4.4.3/Source/cmGeneratorExpressionEvaluationFile.cxx -o cmGeneratorExpressionEvaluationFile.o
            In file included from /data/data/com.termux/files/usr/tmp/tmpibtw600x/cmake-4.4.3/Source/cmGeneratorExpressionEvaluationFile.cxx:9:
            /data/data/com.termux/files/usr/tmp/tmpibtw600x/cmake-4.4.3/Utilities/std/cmext/string_view:28:40: warning: identifier '_s' preceded by whitespace in a literal operator declaration is deprecated [-Wdeprecated-literal-operator]
               28 |   friend static_string_view operator"" _s(char const* data, size_t size);
                  |                             ~~~~~~~~~~~^~
                  |                             operator""_s
            /data/data/com.termux/files/usr/tmp/tmpibtw600x/cmake-4.4.3/Utilities/std/cmext/string_view:32:38: warning: identifier '_s' preceded by whitespace in a literal operator declaration is deprecated [-Wdeprecated-literal-operator]
               32 | inline static_string_view operator"" _s(char const* data, size_t size)
                  |                           ~~~~~~~~~~~^~
                  |                           operator""_s
            /data/data/com.termux/files/usr/tmp/tmpibtw600x/cmake-4.4.3/Utilities/std/cmext/string_view:39:22: warning: identifier '_s' preceded by whitespace in a literal operator declaration is deprecated [-Wdeprecated-literal-operator]
               39 | using cm::operator"" _s;
                  |           ~~~~~~~~~~~^~
                  |           operator""_s
            3 warnings generated.
            g++     -D_FILE_OFFSET_BITS=64 -D_TIME_BITS=64    -DCMAKE_BOOTSTRAP    -DCMake_HAVE_CXX_MAKE_UNIQUE=1 -DCMake_HAVE_CXX_FILESYSTEM=1   -I/data/data/com.termux/files/usr/tmp/tmpibtw600x/cmake-4.4.3/Bootstrap.cmk   -I/data/data/com.termux/files/usr/tmp/tmpibtw600x/cmake-4.4.3/Source   -I/data/data/com.termux/files/usr/tmp/tmpibtw600x/cmake-4.4.3/Source/LexerParser   -I/data/data/com.termux/files/usr/tmp/tmpibtw600x/cmake-4.4.3/Utilities/std   -I/data/data/com.termux/files/usr/tmp/tmpibtw600x/cmake-4.4.3/Utilities  -c /data/data/com.termux/files/usr/tmp/tmpibtw600x/cmake-4.4.3/Source/cmGeneratorExpressionEvaluator.cxx -o cmGeneratorExpressionEvaluator.o
            In file included from /data/data/com.termux/files/usr/tmp/tmpibtw600x/cmake-4.4.3/Source/cmGeneratorExpressionEvaluator.cxx:13:
            In file included from /data/data/com.termux/files/usr/tmp/tmpibtw600x/cmake-4.4.3/Source/cmake.h:19:
            /data/data/com.termux/files/usr/tmp/tmpibtw600x/cmake-4.4.3/Utilities/std/cmext/string_view:28:40: warning: identifier '_s' preceded by whitespace in a literal operator declaration is deprecated [-Wdeprecated-literal-operator]
               28 |   friend static_string_view operator"" _s(char const* data, size_t size);
                  |                             ~~~~~~~~~~~^~
                  |                             operator""_s
            /data/data/com.termux/files/usr/tmp/tmpibtw600x/cmake-4.4.3/Utilities/std/cmext/string_view:32:38: warning: identifier '_s' preceded by whitespace in a literal operator declaration is deprecated [-Wdeprecated-literal-operator]
               32 | inline static_string_view operator"" _s(char const* data, size_t size)
                  |                           ~~~~~~~~~~~^~
                  |                           operator""_s
            /data/data/com.termux/files/usr/tmp/tmpibtw600x/cmake-4.4.3/Utilities/std/cmext/string_view:39:22: warning: identifier '_s' preceded by whitespace in a literal operator declaration is deprecated [-Wdeprecated-literal-operator]
               39 | using cm::operator"" _s;
                  |           ~~~~~~~~~~~^~
                  |           operator""_s
            3 warnings generated.
            g++     -D_FILE_OFFSET_BITS=64 -D_TIME_BITS=64    -DCMAKE_BOOTSTRAP    -DCMake_HAVE_CXX_MAKE_UNIQUE=1 -DCMake_HAVE_CXX_FILESYSTEM=1   -I/data/data/com.termux/files/usr/tmp/tmpibtw600x/cmake-4.4.3/Bootstrap.cmk   -I/data/data/com.termux/files/usr/tmp/tmpibtw600x/cmake-4.4.3/Source   -I/data/data/com.termux/files/usr/tmp/tmpibtw600x/cmake-4.4.3/Source/LexerParser   -I/data/data/com.termux/files/usr/tmp/tmpibtw600x/cmake-4.4.3/Utilities/std   -I/data/data/com.termux/files/usr/tmp/tmpibtw600x/cmake-4.4.3/Utilities  -c /data/data/com.termux/files/usr/tmp/tmpibtw600x/cmake-4.4.3/Source/cmGeneratorExpressionLexer.cxx -o cmGeneratorExpressionLexer.o
            g++     -D_FILE_OFFSET_BITS=64 -D_TIME_BITS=64    -DCMAKE_BOOTSTRAP    -DCMake_HAVE_CXX_MAKE_UNIQUE=1 -DCMake_HAVE_CXX_FILESYSTEM=1   -I/data/data/com.termux/files/usr/tmp/tmpibtw600x/cmake-4.4.3/Bootstrap.cmk   -I/data/data/com.termux/files/usr/tmp/tmpibtw600x/cmake-4.4.3/Source   -I/data/data/com.termux/files/usr/tmp/tmpibtw600x/cmake-4.4.3/Source/LexerParser   -I/data/data/com.termux/files/usr/tmp/tmpibtw600x/cmake-4.4.3/Utilities/std   -I/data/data/com.termux/files/usr/tmp/tmpibtw600x/cmake-4.4.3/Utilities  -c /data/data/com.termux/files/usr/tmp/tmpibtw600x/cmake-4.4.3/Source/cmGeneratorExpressionNode.cxx -o cmGeneratorExpressionNode.o
            In file included from /data/data/com.termux/files/usr/tmp/tmpibtw600x/cmake-4.4.3/Source/cmGeneratorExpressionNode.cxx:24:
            /data/data/com.termux/files/usr/tmp/tmpibtw600x/cmake-4.4.3/Utilities/std/cmext/string_view:28:40: warning: identifier '_s' preceded by whitespace in a literal operator declaration is deprecated [-Wdeprecated-literal-operator]
               28 |   friend static_string_view operator"" _s(char const* data, size_t size);
                  |                             ~~~~~~~~~~~^~
                  |                             operator""_s
            /data/data/com.termux/files/usr/tmp/tmpibtw600x/cmake-4.4.3/Utilities/std/cmext/string_view:32:38: warning: identifier '_s' preceded by whitespace in a literal operator declaration is deprecated [-Wdeprecated-literal-operator]
               32 | inline static_string_view operator"" _s(char const* data, size_t size)
                  |                           ~~~~~~~~~~~^~
                  |                           operator""_s
            /data/data/com.termux/files/usr/tmp/tmpibtw600x/cmake-4.4.3/Utilities/std/cmext/string_view:39:22: warning: identifier '_s' preceded by whitespace in a literal operator declaration is deprecated [-Wdeprecated-literal-operator]
               39 | using cm::operator"" _s;
                  |           ~~~~~~~~~~~^~
                  |           operator""_s
            3 warnings generated.
            g++     -D_FILE_OFFSET_BITS=64 -D_TIME_BITS=64    -DCMAKE_BOOTSTRAP    -DCMake_HAVE_CXX_MAKE_UNIQUE=1 -DCMake_HAVE_CXX_FILESYSTEM=1   -I/data/data/com.termux/files/usr/tmp/tmpibtw600x/cmake-4.4.3/Bootstrap.cmk   -I/data/data/com.termux/files/usr/tmp/tmpibtw600x/cmake-4.4.3/Source   -I/data/data/com.termux/files/usr/tmp/tmpibtw600x/cmake-4.4.3/Source/LexerParser   -I/data/data/com.termux/files/usr/tmp/tmpibtw600x/cmake-4.4.3/Utilities/std   -I/data/data/com.termux/files/usr/tmp/tmpibtw600x/cmake-4.4.3/Utilities  -c /data/data/com.termux/files/usr/tmp/tmpibtw600x/cmake-4.4.3/Source/cmGeneratorExpressionParser.cxx -o cmGeneratorExpressionParser.o
            g++     -D_FILE_OFFSET_BITS=64 -D_TIME_BITS=64    -DCMAKE_BOOTSTRAP    -DCMake_HAVE_CXX_MAKE_UNIQUE=1 -DCMake_HAVE_CXX_FILESYSTEM=1   -I/data/data/com.termux/files/usr/tmp/tmpibtw600x/cmake-4.4.3/Bootstrap.cmk   -I/data/data/com.termux/files/usr/tmp/tmpibtw600x/cmake-4.4.3/Source   -I/data/data/com.termux/files/usr/tmp/tmpibtw600x/cmake-4.4.3/Source/LexerParser   -I/data/data/com.termux/files/usr/tmp/tmpibtw600x/cmake-4.4.3/Utilities/std   -I/data/data/com.termux/files/usr/tmp/tmpibtw600x/cmake-4.4.3/Utilities  -c /data/data/com.termux/files/usr/tmp/tmpibtw600x/cmake-4.4.3/Source/cmGeneratorFileSet.cxx -o cmGeneratorFileSet.o
            In file included from /data/data/com.termux/files/usr/tmp/tmpibtw600x/cmake-4.4.3/Source/cmGeneratorFileSet.cxx:16:
            /data/data/com.termux/files/usr/tmp/tmpibtw600x/cmake-4.4.3/Utilities/std/cmext/string_view:28:40: warning: identifier '_s' preceded by whitespace in a literal operator declaration is deprecated [-Wdeprecated-literal-operator]
               28 |   friend static_string_view operator"" _s(char const* data, size_t size);
                  |                             ~~~~~~~~~~~^~
                  |                             operator""_s
            /data/data/com.termux/files/usr/tmp/tmpibtw600x/cmake-4.4.3/Utilities/std/cmext/string_view:32:38: warning: identifier '_s' preceded by whitespace in a literal operator declaration is deprecated [-Wdeprecated-literal-operator]
               32 | inline static_string_view operator"" _s(char const* data, size_t size)
                  |                           ~~~~~~~~~~~^~
                  |                           operator""_s
            /data/data/com.termux/files/usr/tmp/tmpibtw600x/cmake-4.4.3/Utilities/std/cmext/string_view:39:22: warning: identifier '_s' preceded by whitespace in a literal operator declaration is deprecated [-Wdeprecated-literal-operator]
               39 | using cm::operator"" _s;
                  |           ~~~~~~~~~~~^~
                  |           operator""_s
            3 warnings generated.
            g++     -D_FILE_OFFSET_BITS=64 -D_TIME_BITS=64    -DCMAKE_BOOTSTRAP    -DCMake_HAVE_CXX_MAKE_UNIQUE=1 -DCMake_HAVE_CXX_FILESYSTEM=1   -I/data/data/com.termux/files/usr/tmp/tmpibtw600x/cmake-4.4.3/Bootstrap.cmk   -I/data/data/com.termux/files/usr/tmp/tmpibtw600x/cmake-4.4.3/Source   -I/data/data/com.termux/files/usr/tmp/tmpibtw600x/cmake-4.4.3/Source/LexerParser   -I/data/data/com.termux/files/usr/tmp/tmpibtw600x/cmake-4.4.3/Utilities/std   -I/data/data/com.termux/files/usr/tmp/tmpibtw600x/cmake-4.4.3/Utilities  -c /data/data/com.termux/files/usr/tmp/tmpibtw600x/cmake-4.4.3/Source/cmGeneratorFileSets.cxx -o cmGeneratorFileSets.o
            g++     -D_FILE_OFFSET_BITS=64 -D_TIME_BITS=64    -DCMAKE_BOOTSTRAP    -DCMake_HAVE_CXX_MAKE_UNIQUE=1 -DCMake_HAVE_CXX_FILESYSTEM=1   -I/data/data/com.termux/files/usr/tmp/tmpibtw600x/cmake-4.4.3/Bootstrap.cmk   -I/data/data/com.termux/files/usr/tmp/tmpibtw600x/cmake-4.4.3/Source   -I/data/data/com.termux/files/usr/tmp/tmpibtw600x/cmake-4.4.3/Source/LexerParser   -I/data/data/com.termux/files/usr/tmp/tmpibtw600x/cmake-4.4.3/Utilities/std   -I/data/data/com.termux/files/usr/tmp/tmpibtw600x/cmake-4.4.3/Utilities  -c /data/data/com.termux/files/usr/tmp/tmpibtw600x/cmake-4.4.3/Source/cmGeneratorTarget.cxx -o cmGeneratorTarget.o
            In file included from /data/data/com.termux/files/usr/tmp/tmpibtw600x/cmake-4.4.3/Source/cmGeneratorTarget.cxx:20:
            /data/data/com.termux/files/usr/tmp/tmpibtw600x/cmake-4.4.3/Utilities/std/cmext/string_view:28:40: warning: identifier '_s' preceded by whitespace in a literal operator declaration is deprecated [-Wdeprecated-literal-operator]
               28 |   friend static_string_view operator"" _s(char const* data, size_t size);
                  |                             ~~~~~~~~~~~^~
                  |                             operator""_s
            /data/data/com.termux/files/usr/tmp/tmpibtw600x/cmake-4.4.3/Utilities/std/cmext/string_view:32:38: warning: identifier '_s' preceded by whitespace in a literal operator declaration is deprecated [-Wdeprecated-literal-operator]
               32 | inline static_string_view operator"" _s(char const* data, size_t size)
                  |                           ~~~~~~~~~~~^~
                  |                           operator""_s
            /data/data/com.termux/files/usr/tmp/tmpibtw600x/cmake-4.4.3/Utilities/std/cmext/string_view:39:22: warning: identifier '_s' preceded by whitespace in a literal operator declaration is deprecated [-Wdeprecated-literal-operator]
               39 | using cm::operator"" _s;
                  |           ~~~~~~~~~~~^~
                  |           operator""_s
            3 warnings generated.
            g++     -D_FILE_OFFSET_BITS=64 -D_TIME_BITS=64    -DCMAKE_BOOTSTRAP    -DCMake_HAVE_CXX_MAKE_UNIQUE=1 -DCMake_HAVE_CXX_FILESYSTEM=1   -I/data/data/com.termux/files/usr/tmp/tmpibtw600x/cmake-4.4.3/Bootstrap.cmk   -I/data/data/com.termux/files/usr/tmp/tmpibtw600x/cmake-4.4.3/Source   -I/data/data/com.termux/files/usr/tmp/tmpibtw600x/cmake-4.4.3/Source/LexerParser   -I/data/data/com.termux/files/usr/tmp/tmpibtw600x/cmake-4.4.3/Utilities/std   -I/data/data/com.termux/files/usr/tmp/tmpibtw600x/cmake-4.4.3/Utilities  -c /data/data/com.termux/files/usr/tmp/tmpibtw600x/cmake-4.4.3/Source/cmGeneratorTarget_CompatibleInterface.cxx -o cmGeneratorTarget_CompatibleInterface.o
            g++     -D_FILE_OFFSET_BITS=64 -D_TIME_BITS=64    -DCMAKE_BOOTSTRAP    -DCMake_HAVE_CXX_MAKE_UNIQUE=1 -DCMake_HAVE_CXX_FILESYSTEM=1   -I/data/data/com.termux/files/usr/tmp/tmpibtw600x/cmake-4.4.3/Bootstrap.cmk   -I/data/data/com.termux/files/usr/tmp/tmpibtw600x/cmake-4.4.3/Source   -I/data/data/com.termux/files/usr/tmp/tmpibtw600x/cmake-4.4.3/Source/LexerParser   -I/data/data/com.termux/files/usr/tmp/tmpibtw600x/cmake-4.4.3/Utilities/std   -I/data/data/com.termux/files/usr/tmp/tmpibtw600x/cmake-4.4.3/Utilities  -c /data/data/com.termux/files/usr/tmp/tmpibtw600x/cmake-4.4.3/Source/cmGeneratorTarget_HeaderSetVerification.cxx -o cmGeneratorTarget_HeaderSetVerification.o
            In file included from /data/data/com.termux/files/usr/tmp/tmpibtw600x/cmake-4.4.3/Source/cmGeneratorTarget_HeaderSetVerification.cxx:20:
            /data/data/com.termux/files/usr/tmp/tmpibtw600x/cmake-4.4.3/Utilities/std/cmext/string_view:28:40: warning: identifier '_s' preceded by whitespace in a literal operator declaration is deprecated [-Wdeprecated-literal-operator]
               28 |   friend static_string_view operator"" _s(char const* data, size_t size);
                  |                             ~~~~~~~~~~~^~
                  |                             operator""_s
            /data/data/com.termux/files/usr/tmp/tmpibtw600x/cmake-4.4.3/Utilities/std/cmext/string_view:32:38: warning: identifier '_s' preceded by whitespace in a literal operator declaration is deprecated [-Wdeprecated-literal-operator]
               32 | inline static_string_view operator"" _s(char const* data, size_t size)
                  |                           ~~~~~~~~~~~^~
                  |                           operator""_s
            /data/data/com.termux/files/usr/tmp/tmpibtw600x/cmake-4.4.3/Utilities/std/cmext/string_view:39:22: warning: identifier '_s' preceded by whitespace in a literal operator declaration is deprecated [-Wdeprecated-literal-operator]
               39 | using cm::operator"" _s;
                  |           ~~~~~~~~~~~^~
                  |           operator""_s
            3 warnings generated.
            g++     -D_FILE_OFFSET_BITS=64 -D_TIME_BITS=64    -DCMAKE_BOOTSTRAP    -DCMake_HAVE_CXX_MAKE_UNIQUE=1 -DCMake_HAVE_CXX_FILESYSTEM=1   -I/data/data/com.termux/files/usr/tmp/tmpibtw600x/cmake-4.4.3/Bootstrap.cmk   -I/data/data/com.termux/files/usr/tmp/tmpibtw600x/cmake-4.4.3/Source   -I/data/data/com.termux/files/usr/tmp/tmpibtw600x/cmake-4.4.3/Source/LexerParser   -I/data/data/com.termux/files/usr/tmp/tmpibtw600x/cmake-4.4.3/Utilities/std   -I/data/data/com.termux/files/usr/tmp/tmpibtw600x/cmake-4.4.3/Utilities  -c /data/data/com.termux/files/usr/tmp/tmpibtw600x/cmake-4.4.3/Source/cmGeneratorTarget_IncludeDirectories.cxx -o cmGeneratorTarget_IncludeDirectories.o
            In file included from /data/data/com.termux/files/usr/tmp/tmpibtw600x/cmake-4.4.3/Source/cmGeneratorTarget_IncludeDirectories.cxx:22:
            In file included from /data/data/com.termux/files/usr/tmp/tmpibtw600x/cmake-4.4.3/Source/cmGlobalGenerator.h:22:
            /data/data/com.termux/files/usr/tmp/tmpibtw600x/cmake-4.4.3/Utilities/std/cmext/string_view:28:40: warning: identifier '_s' preceded by whitespace in a literal operator declaration is deprecated [-Wdeprecated-literal-operator]
               28 |   friend static_string_view operator"" _s(char const* data, size_t size);
                  |                             ~~~~~~~~~~~^~
                  |                             operator""_s
            /data/data/com.termux/files/usr/tmp/tmpibtw600x/cmake-4.4.3/Utilities/std/cmext/string_view:32:38: warning: identifier '_s' preceded by whitespace in a literal operator declaration is deprecated [-Wdeprecated-literal-operator]
               32 | inline static_string_view operator"" _s(char const* data, size_t size)
                  |                           ~~~~~~~~~~~^~
                  |                           operator""_s
            /data/data/com.termux/files/usr/tmp/tmpibtw600x/cmake-4.4.3/Utilities/std/cmext/string_view:39:22: warning: identifier '_s' preceded by whitespace in a literal operator declaration is deprecated [-Wdeprecated-literal-operator]
               39 | using cm::operator"" _s;
                  |           ~~~~~~~~~~~^~
                  |           operator""_s
            3 warnings generated.
            g++     -D_FILE_OFFSET_BITS=64 -D_TIME_BITS=64    -DCMAKE_BOOTSTRAP    -DCMake_HAVE_CXX_MAKE_UNIQUE=1 -DCMake_HAVE_CXX_FILESYSTEM=1   -I/data/data/com.termux/files/usr/tmp/tmpibtw600x/cmake-4.4.3/Bootstrap.cmk   -I/data/data/com.termux/files/usr/tmp/tmpibtw600x/cmake-4.4.3/Source   -I/data/data/com.termux/files/usr/tmp/tmpibtw600x/cmake-4.4.3/Source/LexerParser   -I/data/data/com.termux/files/usr/tmp/tmpibtw600x/cmake-4.4.3/Utilities/std   -I/data/data/com.termux/files/usr/tmp/tmpibtw600x/cmake-4.4.3/Utilities  -c /data/data/com.termux/files/usr/tmp/tmpibtw600x/cmake-4.4.3/Source/cmGeneratorTarget_Link.cxx -o cmGeneratorTarget_Link.o
            In file included from /data/data/com.termux/files/usr/tmp/tmpibtw600x/cmake-4.4.3/Source/cmGeneratorTarget_Link.cxx:23:
            /data/data/com.termux/files/usr/tmp/tmpibtw600x/cmake-4.4.3/Utilities/std/cmext/string_view:28:40: warning: identifier '_s' preceded by whitespace in a literal operator declaration is deprecated [-Wdeprecated-literal-operator]
               28 |   friend static_string_view operator"" _s(char const* data, size_t size);
                  |                             ~~~~~~~~~~~^~
                  |                             operator""_s
            /data/data/com.termux/files/usr/tmp/tmpibtw600x/cmake-4.4.3/Utilities/std/cmext/string_view:32:38: warning: identifier '_s' preceded by whitespace in a literal operator declaration is deprecated [-Wdeprecated-literal-operator]
               32 | inline static_string_view operator"" _s(char const* data, size_t size)
                  |                           ~~~~~~~~~~~^~
                  |                           operator""_s
            /data/data/com.termux/files/usr/tmp/tmpibtw600x/cmake-4.4.3/Utilities/std/cmext/string_view:39:22: warning: identifier '_s' preceded by whitespace in a literal operator declaration is deprecated [-Wdeprecated-literal-operator]
               39 | using cm::operator"" _s;
                  |           ~~~~~~~~~~~^~
                  |           operator""_s
            3 warnings generated.
            g++     -D_FILE_OFFSET_BITS=64 -D_TIME_BITS=64    -DCMAKE_BOOTSTRAP    -DCMake_HAVE_CXX_MAKE_UNIQUE=1 -DCMake_HAVE_CXX_FILESYSTEM=1   -I/data/data/com.termux/files/usr/tmp/tmpibtw600x/cmake-4.4.3/Bootstrap.cmk   -I/data/data/com.termux/files/usr/tmp/tmpibtw600x/cmake-4.4.3/Source   -I/data/data/com.termux/files/usr/tmp/tmpibtw600x/cmake-4.4.3/Source/LexerParser   -I/data/data/com.termux/files/usr/tmp/tmpibtw600x/cmake-4.4.3/Utilities/std   -I/data/data/com.termux/files/usr/tmp/tmpibtw600x/cmake-4.4.3/Utilities  -c /data/data/com.termux/files/usr/tmp/tmpibtw600x/cmake-4.4.3/Source/cmGeneratorTarget_LinkDirectories.cxx -o cmGeneratorTarget_LinkDirectories.o
            In file included from /data/data/com.termux/files/usr/tmp/tmpibtw600x/cmake-4.4.3/Source/cmGeneratorTarget_LinkDirectories.cxx:28:
            In file included from /data/data/com.termux/files/usr/tmp/tmpibtw600x/cmake-4.4.3/Source/cmake.h:19:
            /data/data/com.termux/files/usr/tmp/tmpibtw600x/cmake-4.4.3/Utilities/std/cmext/string_view:28:40: warning: identifier '_s' preceded by whitespace in a literal operator declaration is deprecated [-Wdeprecated-literal-operator]
               28 |   friend static_string_view operator"" _s(char const* data, size_t size);
                  |                             ~~~~~~~~~~~^~
                  |                             operator""_s
            /data/data/com.termux/files/usr/tmp/tmpibtw600x/cmake-4.4.3/Utilities/std/cmext/string_view:32:38: warning: identifier '_s' preceded by whitespace in a literal operator declaration is deprecated [-Wdeprecated-literal-operator]
               32 | inline static_string_view operator"" _s(char const* data, size_t size)
                  |                           ~~~~~~~~~~~^~
                  |                           operator""_s
            /data/data/com.termux/files/usr/tmp/tmpibtw600x/cmake-4.4.3/Utilities/std/cmext/string_view:39:22: warning: identifier '_s' preceded by whitespace in a literal operator declaration is deprecated [-Wdeprecated-literal-operator]
               39 | using cm::operator"" _s;
                  |           ~~~~~~~~~~~^~
                  |           operator""_s
            3 warnings generated.
            g++     -D_FILE_OFFSET_BITS=64 -D_TIME_BITS=64    -DCMAKE_BOOTSTRAP    -DCMake_HAVE_CXX_MAKE_UNIQUE=1 -DCMake_HAVE_CXX_FILESYSTEM=1   -I/data/data/com.termux/files/usr/tmp/tmpibtw600x/cmake-4.4.3/Bootstrap.cmk   -I/data/data/com.termux/files/usr/tmp/tmpibtw600x/cmake-4.4.3/Source   -I/data/data/com.termux/files/usr/tmp/tmpibtw600x/cmake-4.4.3/Source/LexerParser   -I/data/data/com.termux/files/usr/tmp/tmpibtw600x/cmake-4.4.3/Utilities/std   -I/data/data/com.termux/files/usr/tmp/tmpibtw600x/cmake-4.4.3/Utilities  -c /data/data/com.termux/files/usr/tmp/tmpibtw600x/cmake-4.4.3/Source/cmGeneratorTarget_Options.cxx -o cmGeneratorTarget_Options.o
            In file included from /data/data/com.termux/files/usr/tmp/tmpibtw600x/cmake-4.4.3/Source/cmGeneratorTarget_Options.cxx:18:
            /data/data/com.termux/files/usr/tmp/tmpibtw600x/cmake-4.4.3/Utilities/std/cmext/string_view:28:40: warning: identifier '_s' preceded by whitespace in a literal operator declaration is deprecated [-Wdeprecated-literal-operator]
               28 |   friend static_string_view operator"" _s(char const* data, size_t size);
                  |                             ~~~~~~~~~~~^~
                  |                             operator""_s
            /data/data/com.termux/files/usr/tmp/tmpibtw600x/cmake-4.4.3/Utilities/std/cmext/string_view:32:38: warning: identifier '_s' preceded by whitespace in a literal operator declaration is deprecated [-Wdeprecated-literal-operator]
               32 | inline static_string_view operator"" _s(char const* data, size_t size)
                  |                           ~~~~~~~~~~~^~
                  |                           operator""_s
            /data/data/com.termux/files/usr/tmp/tmpibtw600x/cmake-4.4.3/Utilities/std/cmext/string_view:39:22: warning: identifier '_s' preceded by whitespace in a literal operator declaration is deprecated [-Wdeprecated-literal-operator]
               39 | using cm::operator"" _s;
                  |           ~~~~~~~~~~~^~
                  |           operator""_s
            3 warnings generated.
            g++     -D_FILE_OFFSET_BITS=64 -D_TIME_BITS=64    -DCMAKE_BOOTSTRAP    -DCMake_HAVE_CXX_MAKE_UNIQUE=1 -DCMake_HAVE_CXX_FILESYSTEM=1   -I/data/data/com.termux/files/usr/tmp/tmpibtw600x/cmake-4.4.3/Bootstrap.cmk   -I/data/data/com.termux/files/usr/tmp/tmpibtw600x/cmake-4.4.3/Source   -I/data/data/com.termux/files/usr/tmp/tmpibtw600x/cmake-4.4.3/Source/LexerParser   -I/data/data/com.termux/files/usr/tmp/tmpibtw600x/cmake-4.4.3/Utilities/std   -I/data/data/com.termux/files/usr/tmp/tmpibtw600x/cmake-4.4.3/Utilities  -c /data/data/com.termux/files/usr/tmp/tmpibtw600x/cmake-4.4.3/Source/cmGeneratorTarget_Sources.cxx -o cmGeneratorTarget_Sources.o
            In file included from /data/data/com.termux/files/usr/tmp/tmpibtw600x/cmake-4.4.3/Source/cmGeneratorTarget_Sources.cxx:33:
            In file included from /data/data/com.termux/files/usr/tmp/tmpibtw600x/cmake-4.4.3/Source/cmGlobalGenerator.h:22:
            /data/data/com.termux/files/usr/tmp/tmpibtw600x/cmake-4.4.3/Utilities/std/cmext/string_view:28:40: warning: identifier '_s' preceded by whitespace in a literal operator declaration is deprecated [-Wdeprecated-literal-operator]
               28 |   friend static_string_view operator"" _s(char const* data, size_t size);
                  |                             ~~~~~~~~~~~^~
                  |                             operator""_s
            /data/data/com.termux/files/usr/tmp/tmpibtw600x/cmake-4.4.3/Utilities/std/cmext/string_view:32:38: warning: identifier '_s' preceded by whitespace in a literal operator declaration is deprecated [-Wdeprecated-literal-operator]
               32 | inline static_string_view operator"" _s(char const* data, size_t size)
                  |                           ~~~~~~~~~~~^~
                  |                           operator""_s
            /data/data/com.termux/files/usr/tmp/tmpibtw600x/cmake-4.4.3/Utilities/std/cmext/string_view:39:22: warning: identifier '_s' preceded by whitespace in a literal operator declaration is deprecated [-Wdeprecated-literal-operator]
               39 | using cm::operator"" _s;
                  |           ~~~~~~~~~~~^~
                  |           operator""_s
            3 warnings generated.
            g++     -D_FILE_OFFSET_BITS=64 -D_TIME_BITS=64    -DCMAKE_BOOTSTRAP    -DCMake_HAVE_CXX_MAKE_UNIQUE=1 -DCMake_HAVE_CXX_FILESYSTEM=1   -I/data/data/com.termux/files/usr/tmp/tmpibtw600x/cmake-4.4.3/Bootstrap.cmk   -I/data/data/com.termux/files/usr/tmp/tmpibtw600x/cmake-4.4.3/Source   -I/data/data/com.termux/files/usr/tmp/tmpibtw600x/cmake-4.4.3/Source/LexerParser   -I/data/data/com.termux/files/usr/tmp/tmpibtw600x/cmake-4.4.3/Utilities/std   -I/data/data/com.termux/files/usr/tmp/tmpibtw600x/cmake-4.4.3/Utilities  -c /data/data/com.termux/files/usr/tmp/tmpibtw600x/cmake-4.4.3/Source/cmGeneratorTarget_TransitiveProperty.cxx -o cmGeneratorTarget_TransitiveProperty.o
            In file included from /data/data/com.termux/files/usr/tmp/tmpibtw600x/cmake-4.4.3/Source/cmGeneratorTarget_TransitiveProperty.cxx:16:
            /data/data/com.termux/files/usr/tmp/tmpibtw600x/cmake-4.4.3/Utilities/std/cmext/string_view:28:40: warning: identifier '_s' preceded by whitespace in a literal operator declaration is deprecated [-Wdeprecated-literal-operator]
               28 |   friend static_string_view operator"" _s(char const* data, size_t size);
                  |                             ~~~~~~~~~~~^~
                  |                             operator""_s
            /data/data/com.termux/files/usr/tmp/tmpibtw600x/cmake-4.4.3/Utilities/std/cmext/string_view:32:38: warning: identifier '_s' preceded by whitespace in a literal operator declaration is deprecated [-Wdeprecated-literal-operator]
               32 | inline static_string_view operator"" _s(char const* data, size_t size)
                  |                           ~~~~~~~~~~~^~
                  |                           operator""_s
            /data/data/com.termux/files/usr/tmp/tmpibtw600x/cmake-4.4.3/Utilities/std/cmext/string_view:39:22: warning: identifier '_s' preceded by whitespace in a literal operator declaration is deprecated [-Wdeprecated-literal-operator]
               39 | using cm::operator"" _s;
                  |           ~~~~~~~~~~~^~
                  |           operator""_s
            3 warnings generated.
            g++     -D_FILE_OFFSET_BITS=64 -D_TIME_BITS=64    -DCMAKE_BOOTSTRAP    -DCMake_HAVE_CXX_MAKE_UNIQUE=1 -DCMake_HAVE_CXX_FILESYSTEM=1   -I/data/data/com.termux/files/usr/tmp/tmpibtw600x/cmake-4.4.3/Bootstrap.cmk   -I/data/data/com.termux/files/usr/tmp/tmpibtw600x/cmake-4.4.3/Source   -I/data/data/com.termux/files/usr/tmp/tmpibtw600x/cmake-4.4.3/Source/LexerParser   -I/data/data/com.termux/files/usr/tmp/tmpibtw600x/cmake-4.4.3/Utilities/std   -I/data/data/com.termux/files/usr/tmp/tmpibtw600x/cmake-4.4.3/Utilities  -c /data/data/com.termux/files/usr/tmp/tmpibtw600x/cmake-4.4.3/Source/cmGetCMakePropertyCommand.cxx -o cmGetCMakePropertyCommand.o
            In file included from /data/data/com.termux/files/usr/tmp/tmpibtw600x/cmake-4.4.3/Source/cmGetCMakePropertyCommand.cxx:8:
            In file included from /data/data/com.termux/files/usr/tmp/tmpibtw600x/cmake-4.4.3/Source/cmGlobalGenerator.h:22:
            /data/data/com.termux/files/usr/tmp/tmpibtw600x/cmake-4.4.3/Utilities/std/cmext/string_view:28:40: warning: identifier '_s' preceded by whitespace in a literal operator declaration is deprecated [-Wdeprecated-literal-operator]
               28 |   friend static_string_view operator"" _s(char const* data, size_t size);
                  |                             ~~~~~~~~~~~^~
                  |                             operator""_s
            /data/data/com.termux/files/usr/tmp/tmpibtw600x/cmake-4.4.3/Utilities/std/cmext/string_view:32:38: warning: identifier '_s' preceded by whitespace in a literal operator declaration is deprecated [-Wdeprecated-literal-operator]
               32 | inline static_string_view operator"" _s(char const* data, size_t size)
                  |                           ~~~~~~~~~~~^~
                  |                           operator""_s
            /data/data/com.termux/files/usr/tmp/tmpibtw600x/cmake-4.4.3/Utilities/std/cmext/string_view:39:22: warning: identifier '_s' preceded by whitespace in a literal operator declaration is deprecated [-Wdeprecated-literal-operator]
               39 | using cm::operator"" _s;
                  |           ~~~~~~~~~~~^~
                  |           operator""_s
            3 warnings generated.
            g++     -D_FILE_OFFSET_BITS=64 -D_TIME_BITS=64    -DCMAKE_BOOTSTRAP    -DCMake_HAVE_CXX_MAKE_UNIQUE=1 -DCMake_HAVE_CXX_FILESYSTEM=1   -I/data/data/com.termux/files/usr/tmp/tmpibtw600x/cmake-4.4.3/Bootstrap.cmk   -I/data/data/com.termux/files/usr/tmp/tmpibtw600x/cmake-4.4.3/Source   -I/data/data/com.termux/files/usr/tmp/tmpibtw600x/cmake-4.4.3/Source/LexerParser   -I/data/data/com.termux/files/usr/tmp/tmpibtw600x/cmake-4.4.3/Utilities/std   -I/data/data/com.termux/files/usr/tmp/tmpibtw600x/cmake-4.4.3/Utilities  -c /data/data/com.termux/files/usr/tmp/tmpibtw600x/cmake-4.4.3/Source/cmGetDirectoryPropertyCommand.cxx -o cmGetDirectoryPropertyCommand.o
            In file included from /data/data/com.termux/files/usr/tmp/tmpibtw600x/cmake-4.4.3/Source/cmGetDirectoryPropertyCommand.cxx:6:
            In file included from /data/data/com.termux/files/usr/tmp/tmpibtw600x/cmake-4.4.3/Source/cmGlobalGenerator.h:22:
            /data/data/com.termux/files/usr/tmp/tmpibtw600x/cmake-4.4.3/Utilities/std/cmext/string_view:28:40: warning: identifier '_s' preceded by whitespace in a literal operator declaration is deprecated [-Wdeprecated-literal-operator]
               28 |   friend static_string_view operator"" _s(char const* data, size_t size);
                  |                             ~~~~~~~~~~~^~
                  |                             operator""_s
            /data/data/com.termux/files/usr/tmp/tmpibtw600x/cmake-4.4.3/Utilities/std/cmext/string_view:32:38: warning: identifier '_s' preceded by whitespace in a literal operator declaration is deprecated [-Wdeprecated-literal-operator]
               32 | inline static_string_view operator"" _s(char const* data, size_t size)
                  |                           ~~~~~~~~~~~^~
                  |                           operator""_s
            /data/data/com.termux/files/usr/tmp/tmpibtw600x/cmake-4.4.3/Utilities/std/cmext/string_view:39:22: warning: identifier '_s' preceded by whitespace in a literal operator declaration is deprecated [-Wdeprecated-literal-operator]
               39 | using cm::operator"" _s;
                  |           ~~~~~~~~~~~^~
                  |           operator""_s
            3 warnings generated.
            g++     -D_FILE_OFFSET_BITS=64 -D_TIME_BITS=64    -DCMAKE_BOOTSTRAP    -DCMake_HAVE_CXX_MAKE_UNIQUE=1 -DCMake_HAVE_CXX_FILESYSTEM=1   -I/data/data/com.termux/files/usr/tmp/tmpibtw600x/cmake-4.4.3/Bootstrap.cmk   -I/data/data/com.termux/files/usr/tmp/tmpibtw600x/cmake-4.4.3/Source   -I/data/data/com.termux/files/usr/tmp/tmpibtw600x/cmake-4.4.3/Source/LexerParser   -I/data/data/com.termux/files/usr/tmp/tmpibtw600x/cmake-4.4.3/Utilities/std   -I/data/data/com.termux/files/usr/tmp/tmpibtw600x/cmake-4.4.3/Utilities  -c /data/data/com.termux/files/usr/tmp/tmpibtw600x/cmake-4.4.3/Source/cmGetFilenameComponentCommand.cxx -o cmGetFilenameComponentCommand.o
            g++     -D_FILE_OFFSET_BITS=64 -D_TIME_BITS=64    -DCMAKE_BOOTSTRAP    -DCMake_HAVE_CXX_MAKE_UNIQUE=1 -DCMake_HAVE_CXX_FILESYSTEM=1   -I/data/data/com.termux/files/usr/tmp/tmpibtw600x/cmake-4.4.3/Bootstrap.cmk   -I/data/data/com.termux/files/usr/tmp/tmpibtw600x/cmake-4.4.3/Source   -I/data/data/com.termux/files/usr/tmp/tmpibtw600x/cmake-4.4.3/Source/LexerParser   -I/data/data/com.termux/files/usr/tmp/tmpibtw600x/cmake-4.4.3/Utilities/std   -I/data/data/com.termux/files/usr/tmp/tmpibtw600x/cmake-4.4.3/Utilities  -c /data/data/com.termux/files/usr/tmp/tmpibtw600x/cmake-4.4.3/Source/cmGetPipes.cxx -o cmGetPipes.o
            g++     -D_FILE_OFFSET_BITS=64 -D_TIME_BITS=64    -DCMAKE_BOOTSTRAP    -DCMake_HAVE_CXX_MAKE_UNIQUE=1 -DCMake_HAVE_CXX_FILESYSTEM=1   -I/data/data/com.termux/files/usr/tmp/tmpibtw600x/cmake-4.4.3/Bootstrap.cmk   -I/data/data/com.termux/files/usr/tmp/tmpibtw600x/cmake-4.4.3/Source   -I/data/data/com.termux/files/usr/tmp/tmpibtw600x/cmake-4.4.3/Source/LexerParser   -I/data/data/com.termux/files/usr/tmp/tmpibtw600x/cmake-4.4.3/Utilities/std   -I/data/data/com.termux/files/usr/tmp/tmpibtw600x/cmake-4.4.3/Utilities  -c /data/data/com.termux/files/usr/tmp/tmpibtw600x/cmake-4.4.3/Source/cmGetPropertyCommand.cxx -o cmGetPropertyCommand.o
            In file included from /data/data/com.termux/files/usr/tmp/tmpibtw600x/cmake-4.4.3/Source/cmGetPropertyCommand.cxx:9:
            /data/data/com.termux/files/usr/tmp/tmpibtw600x/cmake-4.4.3/Utilities/std/cmext/string_view:28:40: warning: identifier '_s' preceded by whitespace in a literal operator declaration is deprecated [-Wdeprecated-literal-operator]
               28 |   friend static_string_view operator"" _s(char const* data, size_t size);
                  |                             ~~~~~~~~~~~^~
                  |                             operator""_s
            /data/data/com.termux/files/usr/tmp/tmpibtw600x/cmake-4.4.3/Utilities/std/cmext/string_view:32:38: warning: identifier '_s' preceded by whitespace in a literal operator declaration is deprecated [-Wdeprecated-literal-operator]
               32 | inline static_string_view operator"" _s(char const* data, size_t size)
                  |                           ~~~~~~~~~~~^~
                  |                           operator""_s
            /data/data/com.termux/files/usr/tmp/tmpibtw600x/cmake-4.4.3/Utilities/std/cmext/string_view:39:22: warning: identifier '_s' preceded by whitespace in a literal operator declaration is deprecated [-Wdeprecated-literal-operator]
               39 | using cm::operator"" _s;
                  |           ~~~~~~~~~~~^~
                  |           operator""_s
            3 warnings generated.
            g++     -D_FILE_OFFSET_BITS=64 -D_TIME_BITS=64    -DCMAKE_BOOTSTRAP    -DCMake_HAVE_CXX_MAKE_UNIQUE=1 -DCMake_HAVE_CXX_FILESYSTEM=1   -I/data/data/com.termux/files/usr/tmp/tmpibtw600x/cmake-4.4.3/Bootstrap.cmk   -I/data/data/com.termux/files/usr/tmp/tmpibtw600x/cmake-4.4.3/Source   -I/data/data/com.termux/files/usr/tmp/tmpibtw600x/cmake-4.4.3/Source/LexerParser   -I/data/data/com.termux/files/usr/tmp/tmpibtw600x/cmake-4.4.3/Utilities/std   -I/data/data/com.termux/files/usr/tmp/tmpibtw600x/cmake-4.4.3/Utilities  -c /data/data/com.termux/files/usr/tmp/tmpibtw600x/cmake-4.4.3/Source/cmGetSourceFilePropertyCommand.cxx -o cmGetSourceFilePropertyCommand.o
            In file included from /data/data/com.termux/files/usr/tmp/tmpibtw600x/cmake-4.4.3/Source/cmGetSourceFilePropertyCommand.cxx:8:
            /data/data/com.termux/files/usr/tmp/tmpibtw600x/cmake-4.4.3/Utilities/std/cmext/string_view:28:40: warning: identifier '_s' preceded by whitespace in a literal operator declaration is deprecated [-Wdeprecated-literal-operator]
               28 |   friend static_string_view operator"" _s(char const* data, size_t size);
                  |                             ~~~~~~~~~~~^~
                  |                             operator""_s
            /data/data/com.termux/files/usr/tmp/tmpibtw600x/cmake-4.4.3/Utilities/std/cmext/string_view:32:38: warning: identifier '_s' preceded by whitespace in a literal operator declaration is deprecated [-Wdeprecated-literal-operator]
               32 | inline static_string_view operator"" _s(char const* data, size_t size)
                  |                           ~~~~~~~~~~~^~
                  |                           operator""_s
            /data/data/com.termux/files/usr/tmp/tmpibtw600x/cmake-4.4.3/Utilities/std/cmext/string_view:39:22: warning: identifier '_s' preceded by whitespace in a literal operator declaration is deprecated [-Wdeprecated-literal-operator]
               39 | using cm::operator"" _s;
                  |           ~~~~~~~~~~~^~
                  |           operator""_s
            3 warnings generated.
            g++     -D_FILE_OFFSET_BITS=64 -D_TIME_BITS=64    -DCMAKE_BOOTSTRAP    -DCMake_HAVE_CXX_MAKE_UNIQUE=1 -DCMake_HAVE_CXX_FILESYSTEM=1   -I/data/data/com.termux/files/usr/tmp/tmpibtw600x/cmake-4.4.3/Bootstrap.cmk   -I/data/data/com.termux/files/usr/tmp/tmpibtw600x/cmake-4.4.3/Source   -I/data/data/com.termux/files/usr/tmp/tmpibtw600x/cmake-4.4.3/Source/LexerParser   -I/data/data/com.termux/files/usr/tmp/tmpibtw600x/cmake-4.4.3/Utilities/std   -I/data/data/com.termux/files/usr/tmp/tmpibtw600x/cmake-4.4.3/Utilities  -c /data/data/com.termux/files/usr/tmp/tmpibtw600x/cmake-4.4.3/Source/cmGetTargetPropertyCommand.cxx -o cmGetTargetPropertyCommand.o
            In file included from /data/data/com.termux/files/usr/tmp/tmpibtw600x/cmake-4.4.3/Source/cmGetTargetPropertyCommand.cxx:6:
            In file included from /data/data/com.termux/files/usr/tmp/tmpibtw600x/cmake-4.4.3/Source/cmGlobalGenerator.h:22:
            /data/data/com.termux/files/usr/tmp/tmpibtw600x/cmake-4.4.3/Utilities/std/cmext/string_view:28:40: warning: identifier '_s' preceded by whitespace in a literal operator declaration is deprecated [-Wdeprecated-literal-operator]
               28 |   friend static_string_view operator"" _s(char const* data, size_t size);
                  |                             ~~~~~~~~~~~^~
                  |                             operator""_s
            /data/data/com.termux/files/usr/tmp/tmpibtw600x/cmake-4.4.3/Utilities/std/cmext/string_view:32:38: warning: identifier '_s' preceded by whitespace in a literal operator declaration is deprecated [-Wdeprecated-literal-operator]
               32 | inline static_string_view operator"" _s(char const* data, size_t size)
                  |                           ~~~~~~~~~~~^~
                  |                           operator""_s
            /data/data/com.termux/files/usr/tmp/tmpibtw600x/cmake-4.4.3/Utilities/std/cmext/string_view:39:22: warning: identifier '_s' preceded by whitespace in a literal operator declaration is deprecated [-Wdeprecated-literal-operator]
               39 | using cm::operator"" _s;
                  |           ~~~~~~~~~~~^~
                  |           operator""_s
            3 warnings generated.
            g++     -D_FILE_OFFSET_BITS=64 -D_TIME_BITS=64    -DCMAKE_BOOTSTRAP    -DCMake_HAVE_CXX_MAKE_UNIQUE=1 -DCMake_HAVE_CXX_FILESYSTEM=1   -I/data/data/com.termux/files/usr/tmp/tmpibtw600x/cmake-4.4.3/Bootstrap.cmk   -I/data/data/com.termux/files/usr/tmp/tmpibtw600x/cmake-4.4.3/Source   -I/data/data/com.termux/files/usr/tmp/tmpibtw600x/cmake-4.4.3/Source/LexerParser   -I/data/data/com.termux/files/usr/tmp/tmpibtw600x/cmake-4.4.3/Utilities/std   -I/data/data/com.termux/files/usr/tmp/tmpibtw600x/cmake-4.4.3/Utilities  -c /data/data/com.termux/files/usr/tmp/tmpibtw600x/cmake-4.4.3/Source/cmGetTestPropertyCommand.cxx -o cmGetTestPropertyCommand.o
            g++     -D_FILE_OFFSET_BITS=64 -D_TIME_BITS=64    -DCMAKE_BOOTSTRAP    -DCMake_HAVE_CXX_MAKE_UNIQUE=1 -DCMake_HAVE_CXX_FILESYSTEM=1   -I/data/data/com.termux/files/usr/tmp/tmpibtw600x/cmake-4.4.3/Bootstrap.cmk   -I/data/data/com.termux/files/usr/tmp/tmpibtw600x/cmake-4.4.3/Source   -I/data/data/com.termux/files/usr/tmp/tmpibtw600x/cmake-4.4.3/Source/LexerParser   -I/data/data/com.termux/files/usr/tmp/tmpibtw600x/cmake-4.4.3/Utilities/std   -I/data/data/com.termux/files/usr/tmp/tmpibtw600x/cmake-4.4.3/Utilities  -c /data/data/com.termux/files/usr/tmp/tmpibtw600x/cmake-4.4.3/Source/cmGlobalCommonGenerator.cxx -o cmGlobalCommonGenerator.o
            In file included from /data/data/com.termux/files/usr/tmp/tmpibtw600x/cmake-4.4.3/Source/cmGlobalCommonGenerator.cxx:3:
            In file included from /data/data/com.termux/files/usr/tmp/tmpibtw600x/cmake-4.4.3/Source/cmGlobalCommonGenerator.h:12:
            In file included from /data/data/com.termux/files/usr/tmp/tmpibtw600x/cmake-4.4.3/Source/cmGlobalGenerator.h:22:
            /data/data/com.termux/files/usr/tmp/tmpibtw600x/cmake-4.4.3/Utilities/std/cmext/string_view:28:40: warning: identifier '_s' preceded by whitespace in a literal operator declaration is deprecated [-Wdeprecated-literal-operator]
               28 |   friend static_string_view operator"" _s(char const* data, size_t size);
                  |                             ~~~~~~~~~~~^~
                  |                             operator""_s
            /data/data/com.termux/files/usr/tmp/tmpibtw600x/cmake-4.4.3/Utilities/std/cmext/string_view:32:38: warning: identifier '_s' preceded by whitespace in a literal operator declaration is deprecated [-Wdeprecated-literal-operator]
               32 | inline static_string_view operator"" _s(char const* data, size_t size)
                  |                           ~~~~~~~~~~~^~
                  |                           operator""_s
            /data/data/com.termux/files/usr/tmp/tmpibtw600x/cmake-4.4.3/Utilities/std/cmext/string_view:39:22: warning: identifier '_s' preceded by whitespace in a literal operator declaration is deprecated [-Wdeprecated-literal-operator]
               39 | using cm::operator"" _s;
                  |           ~~~~~~~~~~~^~
                  |           operator""_s
            3 warnings generated.
            g++     -D_FILE_OFFSET_BITS=64 -D_TIME_BITS=64    -DCMAKE_BOOTSTRAP    -DCMake_HAVE_CXX_MAKE_UNIQUE=1 -DCMake_HAVE_CXX_FILESYSTEM=1   -I/data/data/com.termux/files/usr/tmp/tmpibtw600x/cmake-4.4.3/Bootstrap.cmk   -I/data/data/com.termux/files/usr/tmp/tmpibtw600x/cmake-4.4.3/Source   -I/data/data/com.termux/files/usr/tmp/tmpibtw600x/cmake-4.4.3/Source/LexerParser   -I/data/data/com.termux/files/usr/tmp/tmpibtw600x/cmake-4.4.3/Utilities/std   -I/data/data/com.termux/files/usr/tmp/tmpibtw600x/cmake-4.4.3/Utilities  -c /data/data/com.termux/files/usr/tmp/tmpibtw600x/cmake-4.4.3/Source/cmGlobalGenerator.cxx -o cmGlobalGenerator.o
            In file included from /data/data/com.termux/files/usr/tmp/tmpibtw600x/cmake-4.4.3/Source/cmGlobalGenerator.cxx:3:
            In file included from /data/data/com.termux/files/usr/tmp/tmpibtw600x/cmake-4.4.3/Source/cmGlobalGenerator.h:22:
            /data/data/com.termux/files/usr/tmp/tmpibtw600x/cmake-4.4.3/Utilities/std/cmext/string_view:28:40: warning: identifier '_s' preceded by whitespace in a literal operator declaration is deprecated [-Wdeprecated-literal-operator]
               28 |   friend static_string_view operator"" _s(char const* data, size_t size);
                  |                             ~~~~~~~~~~~^~
                  |                             operator""_s
            /data/data/com.termux/files/usr/tmp/tmpibtw600x/cmake-4.4.3/Utilities/std/cmext/string_view:32:38: warning: identifier '_s' preceded by whitespace in a literal operator declaration is deprecated [-Wdeprecated-literal-operator]
               32 | inline static_string_view operator"" _s(char const* data, size_t size)
                  |                           ~~~~~~~~~~~^~
                  |                           operator""_s
            /data/data/com.termux/files/usr/tmp/tmpibtw600x/cmake-4.4.3/Utilities/std/cmext/string_view:39:22: warning: identifier '_s' preceded by whitespace in a literal operator declaration is deprecated [-Wdeprecated-literal-operator]
               39 | using cm::operator"" _s;
                  |           ~~~~~~~~~~~^~
                  |           operator""_s
            3 warnings generated.
            g++     -D_FILE_OFFSET_BITS=64 -D_TIME_BITS=64    -DCMAKE_BOOTSTRAP    -DCMake_HAVE_CXX_MAKE_UNIQUE=1 -DCMake_HAVE_CXX_FILESYSTEM=1   -I/data/data/com.termux/files/usr/tmp/tmpibtw600x/cmake-4.4.3/Bootstrap.cmk   -I/data/data/com.termux/files/usr/tmp/tmpibtw600x/cmake-4.4.3/Source   -I/data/data/com.termux/files/usr/tmp/tmpibtw600x/cmake-4.4.3/Source/LexerParser   -I/data/data/com.termux/files/usr/tmp/tmpibtw600x/cmake-4.4.3/Utilities/std   -I/data/data/com.termux/files/usr/tmp/tmpibtw600x/cmake-4.4.3/Utilities  -c /data/data/com.termux/files/usr/tmp/tmpibtw600x/cmake-4.4.3/Source/cmGlobVerificationManager.cxx -o cmGlobVerificationManager.o
            g++     -D_FILE_OFFSET_BITS=64 -D_TIME_BITS=64    -DCMAKE_BOOTSTRAP    -DCMake_HAVE_CXX_MAKE_UNIQUE=1 -DCMake_HAVE_CXX_FILESYSTEM=1   -I/data/data/com.termux/files/usr/tmp/tmpibtw600x/cmake-4.4.3/Bootstrap.cmk   -I/data/data/com.termux/files/usr/tmp/tmpibtw600x/cmake-4.4.3/Source   -I/data/data/com.termux/files/usr/tmp/tmpibtw600x/cmake-4.4.3/Source/LexerParser   -I/data/data/com.termux/files/usr/tmp/tmpibtw600x/cmake-4.4.3/Utilities/std   -I/data/data/com.termux/files/usr/tmp/tmpibtw600x/cmake-4.4.3/Utilities  -c /data/data/com.termux/files/usr/tmp/tmpibtw600x/cmake-4.4.3/Source/cmHexFileConverter.cxx -o cmHexFileConverter.o
            g++     -D_FILE_OFFSET_BITS=64 -D_TIME_BITS=64    -DCMAKE_BOOTSTRAP    -DCMake_HAVE_CXX_MAKE_UNIQUE=1 -DCMake_HAVE_CXX_FILESYSTEM=1   -I/data/data/com.termux/files/usr/tmp/tmpibtw600x/cmake-4.4.3/Bootstrap.cmk   -I/data/data/com.termux/files/usr/tmp/tmpibtw600x/cmake-4.4.3/Source   -I/data/data/com.termux/files/usr/tmp/tmpibtw600x/cmake-4.4.3/Source/LexerParser   -I/data/data/com.termux/files/usr/tmp/tmpibtw600x/cmake-4.4.3/Utilities/std   -I/data/data/com.termux/files/usr/tmp/tmpibtw600x/cmake-4.4.3/Utilities  -c /data/data/com.termux/files/usr/tmp/tmpibtw600x/cmake-4.4.3/Source/cmIfCommand.cxx -o cmIfCommand.o
            In file included from /data/data/com.termux/files/usr/tmp/tmpibtw600x/cmake-4.4.3/Source/cmIfCommand.cxx:10:
            /data/data/com.termux/files/usr/tmp/tmpibtw600x/cmake-4.4.3/Utilities/std/cmext/string_view:28:40: warning: identifier '_s' preceded by whitespace in a literal operator declaration is deprecated [-Wdeprecated-literal-operator]
               28 |   friend static_string_view operator"" _s(char const* data, size_t size);
                  |                             ~~~~~~~~~~~^~
                  |                             operator""_s
            /data/data/com.termux/files/usr/tmp/tmpibtw600x/cmake-4.4.3/Utilities/std/cmext/string_view:32:38: warning: identifier '_s' preceded by whitespace in a literal operator declaration is deprecated [-Wdeprecated-literal-operator]
               32 | inline static_string_view operator"" _s(char const* data, size_t size)
                  |                           ~~~~~~~~~~~^~
                  |                           operator""_s
            /data/data/com.termux/files/usr/tmp/tmpibtw600x/cmake-4.4.3/Utilities/std/cmext/string_view:39:22: warning: identifier '_s' preceded by whitespace in a literal operator declaration is deprecated [-Wdeprecated-literal-operator]
               39 | using cm::operator"" _s;
                  |           ~~~~~~~~~~~^~
                  |           operator""_s
            3 warnings generated.
            g++     -D_FILE_OFFSET_BITS=64 -D_TIME_BITS=64    -DCMAKE_BOOTSTRAP    -DCMake_HAVE_CXX_MAKE_UNIQUE=1 -DCMake_HAVE_CXX_FILESYSTEM=1   -I/data/data/com.termux/files/usr/tmp/tmpibtw600x/cmake-4.4.3/Bootstrap.cmk   -I/data/data/com.termux/files/usr/tmp/tmpibtw600x/cmake-4.4.3/Source   -I/data/data/com.termux/files/usr/tmp/tmpibtw600x/cmake-4.4.3/Source/LexerParser   -I/data/data/com.termux/files/usr/tmp/tmpibtw600x/cmake-4.4.3/Utilities/std   -I/data/data/com.termux/files/usr/tmp/tmpibtw600x/cmake-4.4.3/Utilities  -c /data/data/com.termux/files/usr/tmp/tmpibtw600x/cmake-4.4.3/Source/cmImportedCxxModuleInfo.cxx -o cmImportedCxxModuleInfo.o
            g++     -D_FILE_OFFSET_BITS=64 -D_TIME_BITS=64    -DCMAKE_BOOTSTRAP    -DCMake_HAVE_CXX_MAKE_UNIQUE=1 -DCMake_HAVE_CXX_FILESYSTEM=1   -I/data/data/com.termux/files/usr/tmp/tmpibtw600x/cmake-4.4.3/Bootstrap.cmk   -I/data/data/com.termux/files/usr/tmp/tmpibtw600x/cmake-4.4.3/Source   -I/data/data/com.termux/files/usr/tmp/tmpibtw600x/cmake-4.4.3/Source/LexerParser   -I/data/data/com.termux/files/usr/tmp/tmpibtw600x/cmake-4.4.3/Utilities/std   -I/data/data/com.termux/files/usr/tmp/tmpibtw600x/cmake-4.4.3/Utilities  -c /data/data/com.termux/files/usr/tmp/tmpibtw600x/cmake-4.4.3/Source/cmIncludeCommand.cxx -o cmIncludeCommand.o
            In file included from /data/data/com.termux/files/usr/tmp/tmpibtw600x/cmake-4.4.3/Source/cmIncludeCommand.cxx:10:
            In file included from /data/data/com.termux/files/usr/tmp/tmpibtw600x/cmake-4.4.3/Source/cmGlobalGenerator.h:22:
            /data/data/com.termux/files/usr/tmp/tmpibtw600x/cmake-4.4.3/Utilities/std/cmext/string_view:28:40: warning: identifier '_s' preceded by whitespace in a literal operator declaration is deprecated [-Wdeprecated-literal-operator]
               28 |   friend static_string_view operator"" _s(char const* data, size_t size);
                  |                             ~~~~~~~~~~~^~
                  |                             operator""_s
            /data/data/com.termux/files/usr/tmp/tmpibtw600x/cmake-4.4.3/Utilities/std/cmext/string_view:32:38: warning: identifier '_s' preceded by whitespace in a literal operator declaration is deprecated [-Wdeprecated-literal-operator]
               32 | inline static_string_view operator"" _s(char const* data, size_t size)
                  |                           ~~~~~~~~~~~^~
                  |                           operator""_s
            /data/data/com.termux/files/usr/tmp/tmpibtw600x/cmake-4.4.3/Utilities/std/cmext/string_view:39:22: warning: identifier '_s' preceded by whitespace in a literal operator declaration is deprecated [-Wdeprecated-literal-operator]
               39 | using cm::operator"" _s;
                  |           ~~~~~~~~~~~^~
                  |           operator""_s
            3 warnings generated.
            g++     -D_FILE_OFFSET_BITS=64 -D_TIME_BITS=64    -DCMAKE_BOOTSTRAP    -DCMake_HAVE_CXX_MAKE_UNIQUE=1 -DCMake_HAVE_CXX_FILESYSTEM=1   -I/data/data/com.termux/files/usr/tmp/tmpibtw600x/cmake-4.4.3/Bootstrap.cmk   -I/data/data/com.termux/files/usr/tmp/tmpibtw600x/cmake-4.4.3/Source   -I/data/data/com.termux/files/usr/tmp/tmpibtw600x/cmake-4.4.3/Source/LexerParser   -I/data/data/com.termux/files/usr/tmp/tmpibtw600x/cmake-4.4.3/Utilities/std   -I/data/data/com.termux/files/usr/tmp/tmpibtw600x/cmake-4.4.3/Utilities  -c /data/data/com.termux/files/usr/tmp/tmpibtw600x/cmake-4.4.3/Source/cmIncludeGuardCommand.cxx -o cmIncludeGuardCommand.o
            In file included from /data/data/com.termux/files/usr/tmp/tmpibtw600x/cmake-4.4.3/Source/cmIncludeGuardCommand.cxx:8:
            In file included from /data/data/com.termux/files/usr/tmp/tmpibtw600x/cmake-4.4.3/Source/cmStateDirectory.h:14:
            In file included from /data/data/com.termux/files/usr/tmp/tmpibtw600x/cmake-4.4.3/Source/cmStatePrivate.h:13:
            In file included from /data/data/com.termux/files/usr/tmp/tmpibtw600x/cmake-4.4.3/Source/cmDefinitions.h:14:
            In file included from /data/data/com.termux/files/usr/tmp/tmpibtw600x/cmake-4.4.3/Source/cmString.hxx:17:
            /data/data/com.termux/files/usr/tmp/tmpibtw600x/cmake-4.4.3/Utilities/std/cmext/string_view:28:40: warning: identifier '_s' preceded by whitespace in a literal operator declaration is deprecated [-Wdeprecated-literal-operator]
               28 |   friend static_string_view operator"" _s(char const* data, size_t size);
                  |                             ~~~~~~~~~~~^~
                  |                             operator""_s
            /data/data/com.termux/files/usr/tmp/tmpibtw600x/cmake-4.4.3/Utilities/std/cmext/string_view:32:38: warning: identifier '_s' preceded by whitespace in a literal operator declaration is deprecated [-Wdeprecated-literal-operator]
               32 | inline static_string_view operator"" _s(char const* data, size_t size)
                  |                           ~~~~~~~~~~~^~
                  |                           operator""_s
            /data/data/com.termux/files/usr/tmp/tmpibtw600x/cmake-4.4.3/Utilities/std/cmext/string_view:39:22: warning: identifier '_s' preceded by whitespace in a literal operator declaration is deprecated [-Wdeprecated-literal-operator]
               39 | using cm::operator"" _s;
                  |           ~~~~~~~~~~~^~
                  |           operator""_s
            3 warnings generated.
            g++     -D_FILE_OFFSET_BITS=64 -D_TIME_BITS=64    -DCMAKE_BOOTSTRAP    -DCMake_HAVE_CXX_MAKE_UNIQUE=1 -DCMake_HAVE_CXX_FILESYSTEM=1   -I/data/data/com.termux/files/usr/tmp/tmpibtw600x/cmake-4.4.3/Bootstrap.cmk   -I/data/data/com.termux/files/usr/tmp/tmpibtw600x/cmake-4.4.3/Source   -I/data/data/com.termux/files/usr/tmp/tmpibtw600x/cmake-4.4.3/Source/LexerParser   -I/data/data/com.termux/files/usr/tmp/tmpibtw600x/cmake-4.4.3/Utilities/std   -I/data/data/com.termux/files/usr/tmp/tmpibtw600x/cmake-4.4.3/Utilities  -c /data/data/com.termux/files/usr/tmp/tmpibtw600x/cmake-4.4.3/Source/cmIncludeDirectoryCommand.cxx -o cmIncludeDirectoryCommand.o
            g++     -D_FILE_OFFSET_BITS=64 -D_TIME_BITS=64    -DCMAKE_BOOTSTRAP    -DCMake_HAVE_CXX_MAKE_UNIQUE=1 -DCMake_HAVE_CXX_FILESYSTEM=1   -I/data/data/com.termux/files/usr/tmp/tmpibtw600x/cmake-4.4.3/Bootstrap.cmk   -I/data/data/com.termux/files/usr/tmp/tmpibtw600x/cmake-4.4.3/Source   -I/data/data/com.termux/files/usr/tmp/tmpibtw600x/cmake-4.4.3/Source/LexerParser   -I/data/data/com.termux/files/usr/tmp/tmpibtw600x/cmake-4.4.3/Utilities/std   -I/data/data/com.termux/files/usr/tmp/tmpibtw600x/cmake-4.4.3/Utilities  -c /data/data/com.termux/files/usr/tmp/tmpibtw600x/cmake-4.4.3/Source/cmIncludeRegularExpressionCommand.cxx -o cmIncludeRegularExpressionCommand.o
            g++     -D_FILE_OFFSET_BITS=64 -D_TIME_BITS=64    -DCMAKE_BOOTSTRAP    -DCMake_HAVE_CXX_MAKE_UNIQUE=1 -DCMake_HAVE_CXX_FILESYSTEM=1   -I/data/data/com.termux/files/usr/tmp/tmpibtw600x/cmake-4.4.3/Bootstrap.cmk   -I/data/data/com.termux/files/usr/tmp/tmpibtw600x/cmake-4.4.3/Source   -I/data/data/com.termux/files/usr/tmp/tmpibtw600x/cmake-4.4.3/Source/LexerParser   -I/data/data/com.termux/files/usr/tmp/tmpibtw600x/cmake-4.4.3/Utilities/std   -I/data/data/com.termux/files/usr/tmp/tmpibtw600x/cmake-4.4.3/Utilities  -c /data/data/com.termux/files/usr/tmp/tmpibtw600x/cmake-4.4.3/Source/cmInstallCMakeConfigExportGenerator.cxx -o cmInstallCMakeConfigExportGenerator.o
            g++     -D_FILE_OFFSET_BITS=64 -D_TIME_BITS=64    -DCMAKE_BOOTSTRAP    -DCMake_HAVE_CXX_MAKE_UNIQUE=1 -DCMake_HAVE_CXX_FILESYSTEM=1   -I/data/data/com.termux/files/usr/tmp/tmpibtw600x/cmake-4.4.3/Bootstrap.cmk   -I/data/data/com.termux/files/usr/tmp/tmpibtw600x/cmake-4.4.3/Source   -I/data/data/com.termux/files/usr/tmp/tmpibtw600x/cmake-4.4.3/Source/LexerParser   -I/data/data/com.termux/files/usr/tmp/tmpibtw600x/cmake-4.4.3/Utilities/std   -I/data/data/com.termux/files/usr/tmp/tmpibtw600x/cmake-4.4.3/Utilities  -c /data/data/com.termux/files/usr/tmp/tmpibtw600x/cmake-4.4.3/Source/cmInstallCommand.cxx -o cmInstallCommand.o
            In file included from /data/data/com.termux/files/usr/tmp/tmpibtw600x/cmake-4.4.3/Source/cmInstallCommand.cxx:16:
            /data/data/com.termux/files/usr/tmp/tmpibtw600x/cmake-4.4.3/Utilities/std/cmext/string_view:28:40: warning: identifier '_s' preceded by whitespace in a literal operator declaration is deprecated [-Wdeprecated-literal-operator]
               28 |   friend static_string_view operator"" _s(char const* data, size_t size);
                  |                             ~~~~~~~~~~~^~
                  |                             operator""_s
            /data/data/com.termux/files/usr/tmp/tmpibtw600x/cmake-4.4.3/Utilities/std/cmext/string_view:32:38: warning: identifier '_s' preceded by whitespace in a literal operator declaration is deprecated [-Wdeprecated-literal-operator]
               32 | inline static_string_view operator"" _s(char const* data, size_t size)
                  |                           ~~~~~~~~~~~^~
                  |                           operator""_s
            /data/data/com.termux/files/usr/tmp/tmpibtw600x/cmake-4.4.3/Utilities/std/cmext/string_view:39:22: warning: identifier '_s' preceded by whitespace in a literal operator declaration is deprecated [-Wdeprecated-literal-operator]
               39 | using cm::operator"" _s;
                  |           ~~~~~~~~~~~^~
                  |           operator""_s
            3 warnings generated.
            g++     -D_FILE_OFFSET_BITS=64 -D_TIME_BITS=64    -DCMAKE_BOOTSTRAP    -DCMake_HAVE_CXX_MAKE_UNIQUE=1 -DCMake_HAVE_CXX_FILESYSTEM=1   -I/data/data/com.termux/files/usr/tmp/tmpibtw600x/cmake-4.4.3/Bootstrap.cmk   -I/data/data/com.termux/files/usr/tmp/tmpibtw600x/cmake-4.4.3/Source   -I/data/data/com.termux/files/usr/tmp/tmpibtw600x/cmake-4.4.3/Source/LexerParser   -I/data/data/com.termux/files/usr/tmp/tmpibtw600x/cmake-4.4.3/Utilities/std   -I/data/data/com.termux/files/usr/tmp/tmpibtw600x/cmake-4.4.3/Utilities  -c /data/data/com.termux/files/usr/tmp/tmpibtw600x/cmake-4.4.3/Source/cmInstallCommandArguments.cxx -o cmInstallCommandArguments.o
            In file included from /data/data/com.termux/files/usr/tmp/tmpibtw600x/cmake-4.4.3/Source/cmInstallCommandArguments.cxx:3:
            In file included from /data/data/com.termux/files/usr/tmp/tmpibtw600x/cmake-4.4.3/Source/cmInstallCommandArguments.h:10:
            In file included from /data/data/com.termux/files/usr/tmp/tmpibtw600x/cmake-4.4.3/Source/cmArgumentParser.h:19:
            /data/data/com.termux/files/usr/tmp/tmpibtw600x/cmake-4.4.3/Utilities/std/cmext/string_view:28:40: warning: identifier '_s' preceded by whitespace in a literal operator declaration is deprecated [-Wdeprecated-literal-operator]
               28 |   friend static_string_view operator"" _s(char const* data, size_t size);
                  |                             ~~~~~~~~~~~^~
                  |                             operator""_s
            /data/data/com.termux/files/usr/tmp/tmpibtw600x/cmake-4.4.3/Utilities/std/cmext/string_view:32:38: warning: identifier '_s' preceded by whitespace in a literal operator declaration is deprecated [-Wdeprecated-literal-operator]
               32 | inline static_string_view operator"" _s(char const* data, size_t size)
                  |                           ~~~~~~~~~~~^~
                  |                           operator""_s
            /data/data/com.termux/files/usr/tmp/tmpibtw600x/cmake-4.4.3/Utilities/std/cmext/string_view:39:22: warning: identifier '_s' preceded by whitespace in a literal operator declaration is deprecated [-Wdeprecated-literal-operator]
               39 | using cm::operator"" _s;
                  |           ~~~~~~~~~~~^~
                  |           operator""_s
            3 warnings generated.
            g++     -D_FILE_OFFSET_BITS=64 -D_TIME_BITS=64    -DCMAKE_BOOTSTRAP    -DCMake_HAVE_CXX_MAKE_UNIQUE=1 -DCMake_HAVE_CXX_FILESYSTEM=1   -I/data/data/com.termux/files/usr/tmp/tmpibtw600x/cmake-4.4.3/Bootstrap.cmk   -I/data/data/com.termux/files/usr/tmp/tmpibtw600x/cmake-4.4.3/Source   -I/data/data/com.termux/files/usr/tmp/tmpibtw600x/cmake-4.4.3/Source/LexerParser   -I/data/data/com.termux/files/usr/tmp/tmpibtw600x/cmake-4.4.3/Utilities/std   -I/data/data/com.termux/files/usr/tmp/tmpibtw600x/cmake-4.4.3/Utilities  -c /data/data/com.termux/files/usr/tmp/tmpibtw600x/cmake-4.4.3/Source/cmInstallCxxModuleBmiGenerator.cxx -o cmInstallCxxModuleBmiGenerator.o
            In file included from /data/data/com.termux/files/usr/tmp/tmpibtw600x/cmake-4.4.3/Source/cmInstallCxxModuleBmiGenerator.cxx:11:
            In file included from /data/data/com.termux/files/usr/tmp/tmpibtw600x/cmake-4.4.3/Source/cmGlobalGenerator.h:22:
            /data/data/com.termux/files/usr/tmp/tmpibtw600x/cmake-4.4.3/Utilities/std/cmext/string_view:28:40: warning: identifier '_s' preceded by whitespace in a literal operator declaration is deprecated [-Wdeprecated-literal-operator]
               28 |   friend static_string_view operator"" _s(char const* data, size_t size);
                  |                             ~~~~~~~~~~~^~
                  |                             operator""_s
            /data/data/com.termux/files/usr/tmp/tmpibtw600x/cmake-4.4.3/Utilities/std/cmext/string_view:32:38: warning: identifier '_s' preceded by whitespace in a literal operator declaration is deprecated [-Wdeprecated-literal-operator]
               32 | inline static_string_view operator"" _s(char const* data, size_t size)
                  |                           ~~~~~~~~~~~^~
                  |                           operator""_s
            /data/data/com.termux/files/usr/tmp/tmpibtw600x/cmake-4.4.3/Utilities/std/cmext/string_view:39:22: warning: identifier '_s' preceded by whitespace in a literal operator declaration is deprecated [-Wdeprecated-literal-operator]
               39 | using cm::operator"" _s;
                  |           ~~~~~~~~~~~^~
                  |           operator""_s
            3 warnings generated.
            g++     -D_FILE_OFFSET_BITS=64 -D_TIME_BITS=64    -DCMAKE_BOOTSTRAP    -DCMake_HAVE_CXX_MAKE_UNIQUE=1 -DCMake_HAVE_CXX_FILESYSTEM=1   -I/data/data/com.termux/files/usr/tmp/tmpibtw600x/cmake-4.4.3/Bootstrap.cmk   -I/data/data/com.termux/files/usr/tmp/tmpibtw600x/cmake-4.4.3/Source   -I/data/data/com.termux/files/usr/tmp/tmpibtw600x/cmake-4.4.3/Source/LexerParser   -I/data/data/com.termux/files/usr/tmp/tmpibtw600x/cmake-4.4.3/Utilities/std   -I/data/data/com.termux/files/usr/tmp/tmpibtw600x/cmake-4.4.3/Utilities  -c /data/data/com.termux/files/usr/tmp/tmpibtw600x/cmake-4.4.3/Source/cmInstallDirectoryGenerator.cxx -o cmInstallDirectoryGenerator.o
            g++     -D_FILE_OFFSET_BITS=64 -D_TIME_BITS=64    -DCMAKE_BOOTSTRAP    -DCMake_HAVE_CXX_MAKE_UNIQUE=1 -DCMake_HAVE_CXX_FILESYSTEM=1   -I/data/data/com.termux/files/usr/tmp/tmpibtw600x/cmake-4.4.3/Bootstrap.cmk   -I/data/data/com.termux/files/usr/tmp/tmpibtw600x/cmake-4.4.3/Source   -I/data/data/com.termux/files/usr/tmp/tmpibtw600x/cmake-4.4.3/Source/LexerParser   -I/data/data/com.termux/files/usr/tmp/tmpibtw600x/cmake-4.4.3/Utilities/std   -I/data/data/com.termux/files/usr/tmp/tmpibtw600x/cmake-4.4.3/Utilities  -c /data/data/com.termux/files/usr/tmp/tmpibtw600x/cmake-4.4.3/Source/cmInstallExportGenerator.cxx -o cmInstallExportGenerator.o
            g++     -D_FILE_OFFSET_BITS=64 -D_TIME_BITS=64    -DCMAKE_BOOTSTRAP    -DCMake_HAVE_CXX_MAKE_UNIQUE=1 -DCMake_HAVE_CXX_FILESYSTEM=1   -I/data/data/com.termux/files/usr/tmp/tmpibtw600x/cmake-4.4.3/Bootstrap.cmk   -I/data/data/com.termux/files/usr/tmp/tmpibtw600x/cmake-4.4.3/Source   -I/data/data/com.termux/files/usr/tmp/tmpibtw600x/cmake-4.4.3/Source/LexerParser   -I/data/data/com.termux/files/usr/tmp/tmpibtw600x/cmake-4.4.3/Utilities/std   -I/data/data/com.termux/files/usr/tmp/tmpibtw600x/cmake-4.4.3/Utilities  -c /data/data/com.termux/files/usr/tmp/tmpibtw600x/cmake-4.4.3/Source/cmInstallFileSetGenerator.cxx -o cmInstallFileSetGenerator.o
            In file included from /data/data/com.termux/files/usr/tmp/tmpibtw600x/cmake-4.4.3/Source/cmInstallFileSetGenerator.cxx:20:
            In file included from /data/data/com.termux/files/usr/tmp/tmpibtw600x/cmake-4.4.3/Source/cmGlobalGenerator.h:22:
            /data/data/com.termux/files/usr/tmp/tmpibtw600x/cmake-4.4.3/Utilities/std/cmext/string_view:28:40: warning: identifier '_s' preceded by whitespace in a literal operator declaration is deprecated [-Wdeprecated-literal-operator]
               28 |   friend static_string_view operator"" _s(char const* data, size_t size);
                  |                             ~~~~~~~~~~~^~
                  |                             operator""_s
            /data/data/com.termux/files/usr/tmp/tmpibtw600x/cmake-4.4.3/Utilities/std/cmext/string_view:32:38: warning: identifier '_s' preceded by whitespace in a literal operator declaration is deprecated [-Wdeprecated-literal-operator]
               32 | inline static_string_view operator"" _s(char const* data, size_t size)
                  |                           ~~~~~~~~~~~^~
                  |                           operator""_s
            /data/data/com.termux/files/usr/tmp/tmpibtw600x/cmake-4.4.3/Utilities/std/cmext/string_view:39:22: warning: identifier '_s' preceded by whitespace in a literal operator declaration is deprecated [-Wdeprecated-literal-operator]
               39 | using cm::operator"" _s;
                  |           ~~~~~~~~~~~^~
                  |           operator""_s
            3 warnings generated.
            g++     -D_FILE_OFFSET_BITS=64 -D_TIME_BITS=64    -DCMAKE_BOOTSTRAP    -DCMake_HAVE_CXX_MAKE_UNIQUE=1 -DCMake_HAVE_CXX_FILESYSTEM=1   -I/data/data/com.termux/files/usr/tmp/tmpibtw600x/cmake-4.4.3/Bootstrap.cmk   -I/data/data/com.termux/files/usr/tmp/tmpibtw600x/cmake-4.4.3/Source   -I/data/data/com.termux/files/usr/tmp/tmpibtw600x/cmake-4.4.3/Source/LexerParser   -I/data/data/com.termux/files/usr/tmp/tmpibtw600x/cmake-4.4.3/Utilities/std   -I/data/data/com.termux/files/usr/tmp/tmpibtw600x/cmake-4.4.3/Utilities  -c /data/data/com.termux/files/usr/tmp/tmpibtw600x/cmake-4.4.3/Source/cmInstallFilesCommand.cxx -o cmInstallFilesCommand.o
            In file included from /data/data/com.termux/files/usr/tmp/tmpibtw600x/cmake-4.4.3/Source/cmInstallFilesCommand.cxx:9:
            In file included from /data/data/com.termux/files/usr/tmp/tmpibtw600x/cmake-4.4.3/Source/cmGlobalGenerator.h:22:
            /data/data/com.termux/files/usr/tmp/tmpibtw600x/cmake-4.4.3/Utilities/std/cmext/string_view:28:40: warning: identifier '_s' preceded by whitespace in a literal operator declaration is deprecated [-Wdeprecated-literal-operator]
               28 |   friend static_string_view operator"" _s(char const* data, size_t size);
                  |                             ~~~~~~~~~~~^~
                  |                             operator""_s
            /data/data/com.termux/files/usr/tmp/tmpibtw600x/cmake-4.4.3/Utilities/std/cmext/string_view:32:38: warning: identifier '_s' preceded by whitespace in a literal operator declaration is deprecated [-Wdeprecated-literal-operator]
               32 | inline static_string_view operator"" _s(char const* data, size_t size)
                  |                           ~~~~~~~~~~~^~
                  |                           operator""_s
            /data/data/com.termux/files/usr/tmp/tmpibtw600x/cmake-4.4.3/Utilities/std/cmext/string_view:39:22: warning: identifier '_s' preceded by whitespace in a literal operator declaration is deprecated [-Wdeprecated-literal-operator]
               39 | using cm::operator"" _s;
                  |           ~~~~~~~~~~~^~
                  |           operator""_s
            3 warnings generated.
            g++     -D_FILE_OFFSET_BITS=64 -D_TIME_BITS=64    -DCMAKE_BOOTSTRAP    -DCMake_HAVE_CXX_MAKE_UNIQUE=1 -DCMake_HAVE_CXX_FILESYSTEM=1   -I/data/data/com.termux/files/usr/tmp/tmpibtw600x/cmake-4.4.3/Bootstrap.cmk   -I/data/data/com.termux/files/usr/tmp/tmpibtw600x/cmake-4.4.3/Source   -I/data/data/com.termux/files/usr/tmp/tmpibtw600x/cmake-4.4.3/Source/LexerParser   -I/data/data/com.termux/files/usr/tmp/tmpibtw600x/cmake-4.4.3/Utilities/std   -I/data/data/com.termux/files/usr/tmp/tmpibtw600x/cmake-4.4.3/Utilities  -c /data/data/com.termux/files/usr/tmp/tmpibtw600x/cmake-4.4.3/Source/cmInstallFilesGenerator.cxx -o cmInstallFilesGenerator.o
            g++     -D_FILE_OFFSET_BITS=64 -D_TIME_BITS=64    -DCMAKE_BOOTSTRAP    -DCMake_HAVE_CXX_MAKE_UNIQUE=1 -DCMake_HAVE_CXX_FILESYSTEM=1   -I/data/data/com.termux/files/usr/tmp/tmpibtw600x/cmake-4.4.3/Bootstrap.cmk   -I/data/data/com.termux/files/usr/tmp/tmpibtw600x/cmake-4.4.3/Source   -I/data/data/com.termux/files/usr/tmp/tmpibtw600x/cmake-4.4.3/Source/LexerParser   -I/data/data/com.termux/files/usr/tmp/tmpibtw600x/cmake-4.4.3/Utilities/std   -I/data/data/com.termux/files/usr/tmp/tmpibtw600x/cmake-4.4.3/Utilities  -c /data/data/com.termux/files/usr/tmp/tmpibtw600x/cmake-4.4.3/Source/cmInstallGenerator.cxx -o cmInstallGenerator.o
            g++     -D_FILE_OFFSET_BITS=64 -D_TIME_BITS=64    -DCMAKE_BOOTSTRAP    -DCMake_HAVE_CXX_MAKE_UNIQUE=1 -DCMake_HAVE_CXX_FILESYSTEM=1   -I/data/data/com.termux/files/usr/tmp/tmpibtw600x/cmake-4.4.3/Bootstrap.cmk   -I/data/data/com.termux/files/usr/tmp/tmpibtw600x/cmake-4.4.3/Source   -I/data/data/com.termux/files/usr/tmp/tmpibtw600x/cmake-4.4.3/Source/LexerParser   -I/data/data/com.termux/files/usr/tmp/tmpibtw600x/cmake-4.4.3/Utilities/std   -I/data/data/com.termux/files/usr/tmp/tmpibtw600x/cmake-4.4.3/Utilities  -c /data/data/com.termux/files/usr/tmp/tmpibtw600x/cmake-4.4.3/Source/cmInstallGetRuntimeDependenciesGenerator.cxx -o cmInstallGetRuntimeDependenciesGenerator.o
            In file included from /data/data/com.termux/files/usr/tmp/tmpibtw600x/cmake-4.4.3/Source/cmInstallGetRuntimeDependenciesGenerator.cxx:14:
            /data/data/com.termux/files/usr/tmp/tmpibtw600x/cmake-4.4.3/Utilities/std/cmext/string_view:28:40: warning: identifier '_s' preceded by whitespace in a literal operator declaration is deprecated [-Wdeprecated-literal-operator]
               28 |   friend static_string_view operator"" _s(char const* data, size_t size);
                  |                             ~~~~~~~~~~~^~
                  |                             operator""_s
            /data/data/com.termux/files/usr/tmp/tmpibtw600x/cmake-4.4.3/Utilities/std/cmext/string_view:32:38: warning: identifier '_s' preceded by whitespace in a literal operator declaration is deprecated [-Wdeprecated-literal-operator]
               32 | inline static_string_view operator"" _s(char const* data, size_t size)
                  |                           ~~~~~~~~~~~^~
                  |                           operator""_s
            /data/data/com.termux/files/usr/tmp/tmpibtw600x/cmake-4.4.3/Utilities/std/cmext/string_view:39:22: warning: identifier '_s' preceded by whitespace in a literal operator declaration is deprecated [-Wdeprecated-literal-operator]
               39 | using cm::operator"" _s;
                  |           ~~~~~~~~~~~^~
                  |           operator""_s
            3 warnings generated.
            g++     -D_FILE_OFFSET_BITS=64 -D_TIME_BITS=64    -DCMAKE_BOOTSTRAP    -DCMake_HAVE_CXX_MAKE_UNIQUE=1 -DCMake_HAVE_CXX_FILESYSTEM=1   -I/data/data/com.termux/files/usr/tmp/tmpibtw600x/cmake-4.4.3/Bootstrap.cmk   -I/data/data/com.termux/files/usr/tmp/tmpibtw600x/cmake-4.4.3/Source   -I/data/data/com.termux/files/usr/tmp/tmpibtw600x/cmake-4.4.3/Source/LexerParser   -I/data/data/com.termux/files/usr/tmp/tmpibtw600x/cmake-4.4.3/Utilities/std   -I/data/data/com.termux/files/usr/tmp/tmpibtw600x/cmake-4.4.3/Utilities  -c /data/data/com.termux/files/usr/tmp/tmpibtw600x/cmake-4.4.3/Source/cmInstallImportedRuntimeArtifactsGenerator.cxx -o cmInstallImportedRuntimeArtifactsGenerator.o
            In file included from /data/data/com.termux/files/usr/tmp/tmpibtw600x/cmake-4.4.3/Source/cmInstallImportedRuntimeArtifactsGenerator.cxx:14:
            In file included from /data/data/com.termux/files/usr/tmp/tmpibtw600x/cmake-4.4.3/Source/cmGlobalGenerator.h:22:
            /data/data/com.termux/files/usr/tmp/tmpibtw600x/cmake-4.4.3/Utilities/std/cmext/string_view:28:40: warning: identifier '_s' preceded by whitespace in a literal operator declaration is deprecated [-Wdeprecated-literal-operator]
               28 |   friend static_string_view operator"" _s(char const* data, size_t size);
                  |                             ~~~~~~~~~~~^~
                  |                             operator""_s
            /data/data/com.termux/files/usr/tmp/tmpibtw600x/cmake-4.4.3/Utilities/std/cmext/string_view:32:38: warning: identifier '_s' preceded by whitespace in a literal operator declaration is deprecated [-Wdeprecated-literal-operator]
               32 | inline static_string_view operator"" _s(char const* data, size_t size)
                  |                           ~~~~~~~~~~~^~
                  |                           operator""_s
            /data/data/com.termux/files/usr/tmp/tmpibtw600x/cmake-4.4.3/Utilities/std/cmext/string_view:39:22: warning: identifier '_s' preceded by whitespace in a literal operator declaration is deprecated [-Wdeprecated-literal-operator]
               39 | using cm::operator"" _s;
                  |           ~~~~~~~~~~~^~
                  |           operator""_s
            3 warnings generated.
            g++     -D_FILE_OFFSET_BITS=64 -D_TIME_BITS=64    -DCMAKE_BOOTSTRAP    -DCMake_HAVE_CXX_MAKE_UNIQUE=1 -DCMake_HAVE_CXX_FILESYSTEM=1   -I/data/data/com.termux/files/usr/tmp/tmpibtw600x/cmake-4.4.3/Bootstrap.cmk   -I/data/data/com.termux/files/usr/tmp/tmpibtw600x/cmake-4.4.3/Source   -I/data/data/com.termux/files/usr/tmp/tmpibtw600x/cmake-4.4.3/Source/LexerParser   -I/data/data/com.termux/files/usr/tmp/tmpibtw600x/cmake-4.4.3/Utilities/std   -I/data/data/com.termux/files/usr/tmp/tmpibtw600x/cmake-4.4.3/Utilities  -c /data/data/com.termux/files/usr/tmp/tmpibtw600x/cmake-4.4.3/Source/cmInstallDirs.cxx -o cmInstallDirs.o
            In file included from /data/data/com.termux/files/usr/tmp/tmpibtw600x/cmake-4.4.3/Source/cmInstallDirs.cxx:5:
            /data/data/com.termux/files/usr/tmp/tmpibtw600x/cmake-4.4.3/Utilities/std/cmext/string_view:28:40: warning: identifier '_s' preceded by whitespace in a literal operator declaration is deprecated [-Wdeprecated-literal-operator]
               28 |   friend static_string_view operator"" _s(char const* data, size_t size);
                  |                             ~~~~~~~~~~~^~
                  |                             operator""_s
            /data/data/com.termux/files/usr/tmp/tmpibtw600x/cmake-4.4.3/Utilities/std/cmext/string_view:32:38: warning: identifier '_s' preceded by whitespace in a literal operator declaration is deprecated [-Wdeprecated-literal-operator]
               32 | inline static_string_view operator"" _s(char const* data, size_t size)
                  |                           ~~~~~~~~~~~^~
                  |                           operator""_s
            /data/data/com.termux/files/usr/tmp/tmpibtw600x/cmake-4.4.3/Utilities/std/cmext/string_view:39:22: warning: identifier '_s' preceded by whitespace in a literal operator declaration is deprecated [-Wdeprecated-literal-operator]
               39 | using cm::operator"" _s;
                  |           ~~~~~~~~~~~^~
                  |           operator""_s
            3 warnings generated.
            g++     -D_FILE_OFFSET_BITS=64 -D_TIME_BITS=64    -DCMAKE_BOOTSTRAP    -DCMake_HAVE_CXX_MAKE_UNIQUE=1 -DCMake_HAVE_CXX_FILESYSTEM=1   -I/data/data/com.termux/files/usr/tmp/tmpibtw600x/cmake-4.4.3/Bootstrap.cmk   -I/data/data/com.termux/files/usr/tmp/tmpibtw600x/cmake-4.4.3/Source   -I/data/data/com.termux/files/usr/tmp/tmpibtw600x/cmake-4.4.3/Source/LexerParser   -I/data/data/com.termux/files/usr/tmp/tmpibtw600x/cmake-4.4.3/Utilities/std   -I/data/data/com.termux/files/usr/tmp/tmpibtw600x/cmake-4.4.3/Utilities  -c /data/data/com.termux/files/usr/tmp/tmpibtw600x/cmake-4.4.3/Source/cmInstallRuntimeDependencySet.cxx -o cmInstallRuntimeDependencySet.o
            In file included from /data/data/com.termux/files/usr/tmp/tmpibtw600x/cmake-4.4.3/Source/cmInstallRuntimeDependencySet.cxx:3:
            In file included from /data/data/com.termux/files/usr/tmp/tmpibtw600x/cmake-4.4.3/Source/cmInstallRuntimeDependencySet.h:12:
            /data/data/com.termux/files/usr/tmp/tmpibtw600x/cmake-4.4.3/Utilities/std/cmext/string_view:28:40: warning: identifier '_s' preceded by whitespace in a literal operator declaration is deprecated [-Wdeprecated-literal-operator]
               28 |   friend static_string_view operator"" _s(char const* data, size_t size);
                  |                             ~~~~~~~~~~~^~
                  |                             operator""_s
            /data/data/com.termux/files/usr/tmp/tmpibtw600x/cmake-4.4.3/Utilities/std/cmext/string_view:32:38: warning: identifier '_s' preceded by whitespace in a literal operator declaration is deprecated [-Wdeprecated-literal-operator]
               32 | inline static_string_view operator"" _s(char const* data, size_t size)
                  |                           ~~~~~~~~~~~^~
                  |                           operator""_s
            /data/data/com.termux/files/usr/tmp/tmpibtw600x/cmake-4.4.3/Utilities/std/cmext/string_view:39:22: warning: identifier '_s' preceded by whitespace in a literal operator declaration is deprecated [-Wdeprecated-literal-operator]
               39 | using cm::operator"" _s;
                  |           ~~~~~~~~~~~^~
                  |           operator""_s
            3 warnings generated.
            g++     -D_FILE_OFFSET_BITS=64 -D_TIME_BITS=64    -DCMAKE_BOOTSTRAP    -DCMake_HAVE_CXX_MAKE_UNIQUE=1 -DCMake_HAVE_CXX_FILESYSTEM=1   -I/data/data/com.termux/files/usr/tmp/tmpibtw600x/cmake-4.4.3/Bootstrap.cmk   -I/data/data/com.termux/files/usr/tmp/tmpibtw600x/cmake-4.4.3/Source   -I/data/data/com.termux/files/usr/tmp/tmpibtw600x/cmake-4.4.3/Source/LexerParser   -I/data/data/com.termux/files/usr/tmp/tmpibtw600x/cmake-4.4.3/Utilities/std   -I/data/data/com.termux/files/usr/tmp/tmpibtw600x/cmake-4.4.3/Utilities  -c /data/data/com.termux/files/usr/tmp/tmpibtw600x/cmake-4.4.3/Source/cmInstallRuntimeDependencySetGenerator.cxx -o cmInstallRuntimeDependencySetGenerator.o
            In file included from /data/data/com.termux/files/usr/tmp/tmpibtw600x/cmake-4.4.3/Source/cmInstallRuntimeDependencySetGenerator.cxx:19:
            In file included from /data/data/com.termux/files/usr/tmp/tmpibtw600x/cmake-4.4.3/Source/cmake.h:19:
            /data/data/com.termux/files/usr/tmp/tmpibtw600x/cmake-4.4.3/Utilities/std/cmext/string_view:28:40: warning: identifier '_s' preceded by whitespace in a literal operator declaration is deprecated [-Wdeprecated-literal-operator]
               28 |   friend static_string_view operator"" _s(char const* data, size_t size);
                  |                             ~~~~~~~~~~~^~
                  |                             operator""_s
            /data/data/com.termux/files/usr/tmp/tmpibtw600x/cmake-4.4.3/Utilities/std/cmext/string_view:32:38: warning: identifier '_s' preceded by whitespace in a literal operator declaration is deprecated [-Wdeprecated-literal-operator]
               32 | inline static_string_view operator"" _s(char const* data, size_t size)
                  |                           ~~~~~~~~~~~^~
                  |                           operator""_s
            /data/data/com.termux/files/usr/tmp/tmpibtw600x/cmake-4.4.3/Utilities/std/cmext/string_view:39:22: warning: identifier '_s' preceded by whitespace in a literal operator declaration is deprecated [-Wdeprecated-literal-operator]
               39 | using cm::operator"" _s;
                  |           ~~~~~~~~~~~^~
                  |           operator""_s
            3 warnings generated.
            g++     -D_FILE_OFFSET_BITS=64 -D_TIME_BITS=64    -DCMAKE_BOOTSTRAP    -DCMake_HAVE_CXX_MAKE_UNIQUE=1 -DCMake_HAVE_CXX_FILESYSTEM=1   -I/data/data/com.termux/files/usr/tmp/tmpibtw600x/cmake-4.4.3/Bootstrap.cmk   -I/data/data/com.termux/files/usr/tmp/tmpibtw600x/cmake-4.4.3/Source   -I/data/data/com.termux/files/usr/tmp/tmpibtw600x/cmake-4.4.3/Source/LexerParser   -I/data/data/com.termux/files/usr/tmp/tmpibtw600x/cmake-4.4.3/Utilities/std   -I/data/data/com.termux/files/usr/tmp/tmpibtw600x/cmake-4.4.3/Utilities  -c /data/data/com.termux/files/usr/tmp/tmpibtw600x/cmake-4.4.3/Source/cmInstallScriptGenerator.cxx -o cmInstallScriptGenerator.o
            g++     -D_FILE_OFFSET_BITS=64 -D_TIME_BITS=64    -DCMAKE_BOOTSTRAP    -DCMake_HAVE_CXX_MAKE_UNIQUE=1 -DCMake_HAVE_CXX_FILESYSTEM=1   -I/data/data/com.termux/files/usr/tmp/tmpibtw600x/cmake-4.4.3/Bootstrap.cmk   -I/data/data/com.termux/files/usr/tmp/tmpibtw600x/cmake-4.4.3/Source   -I/data/data/com.termux/files/usr/tmp/tmpibtw600x/cmake-4.4.3/Source/LexerParser   -I/data/data/com.termux/files/usr/tmp/tmpibtw600x/cmake-4.4.3/Utilities/std   -I/data/data/com.termux/files/usr/tmp/tmpibtw600x/cmake-4.4.3/Utilities  -c /data/data/com.termux/files/usr/tmp/tmpibtw600x/cmake-4.4.3/Source/cmInstallSubdirectoryGenerator.cxx -o cmInstallSubdirectoryGenerator.o
            g++     -D_FILE_OFFSET_BITS=64 -D_TIME_BITS=64    -DCMAKE_BOOTSTRAP    -DCMake_HAVE_CXX_MAKE_UNIQUE=1 -DCMake_HAVE_CXX_FILESYSTEM=1   -I/data/data/com.termux/files/usr/tmp/tmpibtw600x/cmake-4.4.3/Bootstrap.cmk   -I/data/data/com.termux/files/usr/tmp/tmpibtw600x/cmake-4.4.3/Source   -I/data/data/com.termux/files/usr/tmp/tmpibtw600x/cmake-4.4.3/Source/LexerParser   -I/data/data/com.termux/files/usr/tmp/tmpibtw600x/cmake-4.4.3/Utilities/std   -I/data/data/com.termux/files/usr/tmp/tmpibtw600x/cmake-4.4.3/Utilities  -c /data/data/com.termux/files/usr/tmp/tmpibtw600x/cmake-4.4.3/Source/cmInstallTargetGenerator.cxx -o cmInstallTargetGenerator.o
            In file included from /data/data/com.termux/files/usr/tmp/tmpibtw600x/cmake-4.4.3/Source/cmInstallTargetGenerator.cxx:22:
            In file included from /data/data/com.termux/files/usr/tmp/tmpibtw600x/cmake-4.4.3/Source/cmGlobalGenerator.h:22:
            /data/data/com.termux/files/usr/tmp/tmpibtw600x/cmake-4.4.3/Utilities/std/cmext/string_view:28:40: warning: identifier '_s' preceded by whitespace in a literal operator declaration is deprecated [-Wdeprecated-literal-operator]
               28 |   friend static_string_view operator"" _s(char const* data, size_t size);
                  |                             ~~~~~~~~~~~^~
                  |                             operator""_s
            /data/data/com.termux/files/usr/tmp/tmpibtw600x/cmake-4.4.3/Utilities/std/cmext/string_view:32:38: warning: identifier '_s' preceded by whitespace in a literal operator declaration is deprecated [-Wdeprecated-literal-operator]
               32 | inline static_string_view operator"" _s(char const* data, size_t size)
                  |                           ~~~~~~~~~~~^~
                  |                           operator""_s
            /data/data/com.termux/files/usr/tmp/tmpibtw600x/cmake-4.4.3/Utilities/std/cmext/string_view:39:22: warning: identifier '_s' preceded by whitespace in a literal operator declaration is deprecated [-Wdeprecated-literal-operator]
               39 | using cm::operator"" _s;
                  |           ~~~~~~~~~~~^~
                  |           operator""_s
            3 warnings generated.
            g++     -D_FILE_OFFSET_BITS=64 -D_TIME_BITS=64    -DCMAKE_BOOTSTRAP    -DCMake_HAVE_CXX_MAKE_UNIQUE=1 -DCMake_HAVE_CXX_FILESYSTEM=1   -I/data/data/com.termux/files/usr/tmp/tmpibtw600x/cmake-4.4.3/Bootstrap.cmk   -I/data/data/com.termux/files/usr/tmp/tmpibtw600x/cmake-4.4.3/Source   -I/data/data/com.termux/files/usr/tmp/tmpibtw600x/cmake-4.4.3/Source/LexerParser   -I/data/data/com.termux/files/usr/tmp/tmpibtw600x/cmake-4.4.3/Utilities/std   -I/data/data/com.termux/files/usr/tmp/tmpibtw600x/cmake-4.4.3/Utilities  -c /data/data/com.termux/files/usr/tmp/tmpibtw600x/cmake-4.4.3/Source/cmInstallTargetsCommand.cxx -o cmInstallTargetsCommand.o
            In file included from /data/data/com.termux/files/usr/tmp/tmpibtw600x/cmake-4.4.3/Source/cmInstallTargetsCommand.cxx:9:
            In file included from /data/data/com.termux/files/usr/tmp/tmpibtw600x/cmake-4.4.3/Source/cmGlobalGenerator.h:22:
            /data/data/com.termux/files/usr/tmp/tmpibtw600x/cmake-4.4.3/Utilities/std/cmext/string_view:28:40: warning: identifier '_s' preceded by whitespace in a literal operator declaration is deprecated [-Wdeprecated-literal-operator]
               28 |   friend static_string_view operator"" _s(char const* data, size_t size);
                  |                             ~~~~~~~~~~~^~
                  |                             operator""_s
            /data/data/com.termux/files/usr/tmp/tmpibtw600x/cmake-4.4.3/Utilities/std/cmext/string_view:32:38: warning: identifier '_s' preceded by whitespace in a literal operator declaration is deprecated [-Wdeprecated-literal-operator]
               32 | inline static_string_view operator"" _s(char const* data, size_t size)
                  |                           ~~~~~~~~~~~^~
                  |                           operator""_s
            /data/data/com.termux/files/usr/tmp/tmpibtw600x/cmake-4.4.3/Utilities/std/cmext/string_view:39:22: warning: identifier '_s' preceded by whitespace in a literal operator declaration is deprecated [-Wdeprecated-literal-operator]
               39 | using cm::operator"" _s;
                  |           ~~~~~~~~~~~^~
                  |           operator""_s
            3 warnings generated.
            g++     -D_FILE_OFFSET_BITS=64 -D_TIME_BITS=64    -DCMAKE_BOOTSTRAP    -DCMake_HAVE_CXX_MAKE_UNIQUE=1 -DCMake_HAVE_CXX_FILESYSTEM=1   -I/data/data/com.termux/files/usr/tmp/tmpibtw600x/cmake-4.4.3/Bootstrap.cmk   -I/data/data/com.termux/files/usr/tmp/tmpibtw600x/cmake-4.4.3/Source   -I/data/data/com.termux/files/usr/tmp/tmpibtw600x/cmake-4.4.3/Source/LexerParser   -I/data/data/com.termux/files/usr/tmp/tmpibtw600x/cmake-4.4.3/Utilities/std   -I/data/data/com.termux/files/usr/tmp/tmpibtw600x/cmake-4.4.3/Utilities  -c /data/data/com.termux/files/usr/tmp/tmpibtw600x/cmake-4.4.3/Source/cmInstalledFile.cxx -o cmInstalledFile.o
            g++     -D_FILE_OFFSET_BITS=64 -D_TIME_BITS=64    -DCMAKE_BOOTSTRAP    -DCMake_HAVE_CXX_MAKE_UNIQUE=1 -DCMake_HAVE_CXX_FILESYSTEM=1   -I/data/data/com.termux/files/usr/tmp/tmpibtw600x/cmake-4.4.3/Bootstrap.cmk   -I/data/data/com.termux/files/usr/tmp/tmpibtw600x/cmake-4.4.3/Source   -I/data/data/com.termux/files/usr/tmp/tmpibtw600x/cmake-4.4.3/Source/LexerParser   -I/data/data/com.termux/files/usr/tmp/tmpibtw600x/cmake-4.4.3/Utilities/std   -I/data/data/com.termux/files/usr/tmp/tmpibtw600x/cmake-4.4.3/Utilities  -c /data/data/com.termux/files/usr/tmp/tmpibtw600x/cmake-4.4.3/Source/cmJSONHelpers.cxx -o cmJSONHelpers.o
            g++     -D_FILE_OFFSET_BITS=64 -D_TIME_BITS=64    -DCMAKE_BOOTSTRAP    -DCMake_HAVE_CXX_MAKE_UNIQUE=1 -DCMake_HAVE_CXX_FILESYSTEM=1   -I/data/data/com.termux/files/usr/tmp/tmpibtw600x/cmake-4.4.3/Bootstrap.cmk   -I/data/data/com.termux/files/usr/tmp/tmpibtw600x/cmake-4.4.3/Source   -I/data/data/com.termux/files/usr/tmp/tmpibtw600x/cmake-4.4.3/Source/LexerParser   -I/data/data/com.termux/files/usr/tmp/tmpibtw600x/cmake-4.4.3/Utilities/std   -I/data/data/com.termux/files/usr/tmp/tmpibtw600x/cmake-4.4.3/Utilities  -c /data/data/com.termux/files/usr/tmp/tmpibtw600x/cmake-4.4.3/Source/cmJSONState.cxx -o cmJSONState.o
            g++     -D_FILE_OFFSET_BITS=64 -D_TIME_BITS=64    -DCMAKE_BOOTSTRAP    -DCMake_HAVE_CXX_MAKE_UNIQUE=1 -DCMake_HAVE_CXX_FILESYSTEM=1   -I/data/data/com.termux/files/usr/tmp/tmpibtw600x/cmake-4.4.3/Bootstrap.cmk   -I/data/data/com.termux/files/usr/tmp/tmpibtw600x/cmake-4.4.3/Source   -I/data/data/com.termux/files/usr/tmp/tmpibtw600x/cmake-4.4.3/Source/LexerParser   -I/data/data/com.termux/files/usr/tmp/tmpibtw600x/cmake-4.4.3/Utilities/std   -I/data/data/com.termux/files/usr/tmp/tmpibtw600x/cmake-4.4.3/Utilities  -c /data/data/com.termux/files/usr/tmp/tmpibtw600x/cmake-4.4.3/Source/cmLDConfigLDConfigTool.cxx -o cmLDConfigLDConfigTool.o
            g++     -D_FILE_OFFSET_BITS=64 -D_TIME_BITS=64    -DCMAKE_BOOTSTRAP    -DCMake_HAVE_CXX_MAKE_UNIQUE=1 -DCMake_HAVE_CXX_FILESYSTEM=1   -I/data/data/com.termux/files/usr/tmp/tmpibtw600x/cmake-4.4.3/Bootstrap.cmk   -I/data/data/com.termux/files/usr/tmp/tmpibtw600x/cmake-4.4.3/Source   -I/data/data/com.termux/files/usr/tmp/tmpibtw600x/cmake-4.4.3/Source/LexerParser   -I/data/data/com.termux/files/usr/tmp/tmpibtw600x/cmake-4.4.3/Utilities/std   -I/data/data/com.termux/files/usr/tmp/tmpibtw600x/cmake-4.4.3/Utilities  -c /data/data/com.termux/files/usr/tmp/tmpibtw600x/cmake-4.4.3/Source/cmLDConfigTool.cxx -o cmLDConfigTool.o
            g++     -D_FILE_OFFSET_BITS=64 -D_TIME_BITS=64    -DCMAKE_BOOTSTRAP    -DCMake_HAVE_CXX_MAKE_UNIQUE=1 -DCMake_HAVE_CXX_FILESYSTEM=1   -I/data/data/com.termux/files/usr/tmp/tmpibtw600x/cmake-4.4.3/Bootstrap.cmk   -I/data/data/com.termux/files/usr/tmp/tmpibtw600x/cmake-4.4.3/Source   -I/data/data/com.termux/files/usr/tmp/tmpibtw600x/cmake-4.4.3/Source/LexerParser   -I/data/data/com.termux/files/usr/tmp/tmpibtw600x/cmake-4.4.3/Utilities/std   -I/data/data/com.termux/files/usr/tmp/tmpibtw600x/cmake-4.4.3/Utilities  -c /data/data/com.termux/files/usr/tmp/tmpibtw600x/cmake-4.4.3/Source/cmLinkDirectoriesCommand.cxx -o cmLinkDirectoriesCommand.o
            g++     -D_FILE_OFFSET_BITS=64 -D_TIME_BITS=64    -DCMAKE_BOOTSTRAP    -DCMake_HAVE_CXX_MAKE_UNIQUE=1 -DCMake_HAVE_CXX_FILESYSTEM=1   -I/data/data/com.termux/files/usr/tmp/tmpibtw600x/cmake-4.4.3/Bootstrap.cmk   -I/data/data/com.termux/files/usr/tmp/tmpibtw600x/cmake-4.4.3/Source   -I/data/data/com.termux/files/usr/tmp/tmpibtw600x/cmake-4.4.3/Source/LexerParser   -I/data/data/com.termux/files/usr/tmp/tmpibtw600x/cmake-4.4.3/Utilities/std   -I/data/data/com.termux/files/usr/tmp/tmpibtw600x/cmake-4.4.3/Utilities  -c /data/data/com.termux/files/usr/tmp/tmpibtw600x/cmake-4.4.3/Source/cmLinkItem.cxx -o cmLinkItem.o
            In file included from /data/data/com.termux/files/usr/tmp/tmpibtw600x/cmake-4.4.3/Source/cmLinkItem.cxx:9:
            /data/data/com.termux/files/usr/tmp/tmpibtw600x/cmake-4.4.3/Utilities/std/cmext/string_view:28:40: warning: identifier '_s' preceded by whitespace in a literal operator declaration is deprecated [-Wdeprecated-literal-operator]
               28 |   friend static_string_view operator"" _s(char const* data, size_t size);
                  |                             ~~~~~~~~~~~^~
                  |                             operator""_s
            /data/data/com.termux/files/usr/tmp/tmpibtw600x/cmake-4.4.3/Utilities/std/cmext/string_view:32:38: warning: identifier '_s' preceded by whitespace in a literal operator declaration is deprecated [-Wdeprecated-literal-operator]
               32 | inline static_string_view operator"" _s(char const* data, size_t size)
                  |                           ~~~~~~~~~~~^~
                  |                           operator""_s
            /data/data/com.termux/files/usr/tmp/tmpibtw600x/cmake-4.4.3/Utilities/std/cmext/string_view:39:22: warning: identifier '_s' preceded by whitespace in a literal operator declaration is deprecated [-Wdeprecated-literal-operator]
               39 | using cm::operator"" _s;
                  |           ~~~~~~~~~~~^~
                  |           operator""_s
            3 warnings generated.
            g++     -D_FILE_OFFSET_BITS=64 -D_TIME_BITS=64    -DCMAKE_BOOTSTRAP    -DCMake_HAVE_CXX_MAKE_UNIQUE=1 -DCMake_HAVE_CXX_FILESYSTEM=1   -I/data/data/com.termux/files/usr/tmp/tmpibtw600x/cmake-4.4.3/Bootstrap.cmk   -I/data/data/com.termux/files/usr/tmp/tmpibtw600x/cmake-4.4.3/Source   -I/data/data/com.termux/files/usr/tmp/tmpibtw600x/cmake-4.4.3/Source/LexerParser   -I/data/data/com.termux/files/usr/tmp/tmpibtw600x/cmake-4.4.3/Utilities/std   -I/data/data/com.termux/files/usr/tmp/tmpibtw600x/cmake-4.4.3/Utilities  -c /data/data/com.termux/files/usr/tmp/tmpibtw600x/cmake-4.4.3/Source/cmLinkItemGraphVisitor.cxx -o cmLinkItemGraphVisitor.o
            g++     -D_FILE_OFFSET_BITS=64 -D_TIME_BITS=64    -DCMAKE_BOOTSTRAP    -DCMake_HAVE_CXX_MAKE_UNIQUE=1 -DCMake_HAVE_CXX_FILESYSTEM=1   -I/data/data/com.termux/files/usr/tmp/tmpibtw600x/cmake-4.4.3/Bootstrap.cmk   -I/data/data/com.termux/files/usr/tmp/tmpibtw600x/cmake-4.4.3/Source   -I/data/data/com.termux/files/usr/tmp/tmpibtw600x/cmake-4.4.3/Source/LexerParser   -I/data/data/com.termux/files/usr/tmp/tmpibtw600x/cmake-4.4.3/Utilities/std   -I/data/data/com.termux/files/usr/tmp/tmpibtw600x/cmake-4.4.3/Utilities  -c /data/data/com.termux/files/usr/tmp/tmpibtw600x/cmake-4.4.3/Source/cmLinkLineComputer.cxx -o cmLinkLineComputer.o
            In file included from /data/data/com.termux/files/usr/tmp/tmpibtw600x/cmake-4.4.3/Source/cmLinkLineComputer.cxx:4:
            In file included from /data/data/com.termux/files/usr/tmp/tmpibtw600x/cmake-4.4.3/Source/cmLinkLineComputer.h:11:
            In file included from /data/data/com.termux/files/usr/tmp/tmpibtw600x/cmake-4.4.3/Source/cmStateDirectory.h:14:
            In file included from /data/data/com.termux/files/usr/tmp/tmpibtw600x/cmake-4.4.3/Source/cmStatePrivate.h:13:
            In file included from /data/data/com.termux/files/usr/tmp/tmpibtw600x/cmake-4.4.3/Source/cmDefinitions.h:14:
            In file included from /data/data/com.termux/files/usr/tmp/tmpibtw600x/cmake-4.4.3/Source/cmString.hxx:17:
            /data/data/com.termux/files/usr/tmp/tmpibtw600x/cmake-4.4.3/Utilities/std/cmext/string_view:28:40: warning: identifier '_s' preceded by whitespace in a literal operator declaration is deprecated [-Wdeprecated-literal-operator]
               28 |   friend static_string_view operator"" _s(char const* data, size_t size);
                  |                             ~~~~~~~~~~~^~
                  |                             operator""_s
            /data/data/com.termux/files/usr/tmp/tmpibtw600x/cmake-4.4.3/Utilities/std/cmext/string_view:32:38: warning: identifier '_s' preceded by whitespace in a literal operator declaration is deprecated [-Wdeprecated-literal-operator]
               32 | inline static_string_view operator"" _s(char const* data, size_t size)
                  |                           ~~~~~~~~~~~^~
                  |                           operator""_s
            /data/data/com.termux/files/usr/tmp/tmpibtw600x/cmake-4.4.3/Utilities/std/cmext/string_view:39:22: warning: identifier '_s' preceded by whitespace in a literal operator declaration is deprecated [-Wdeprecated-literal-operator]
               39 | using cm::operator"" _s;
                  |           ~~~~~~~~~~~^~
                  |           operator""_s
            3 warnings generated.
            g++     -D_FILE_OFFSET_BITS=64 -D_TIME_BITS=64    -DCMAKE_BOOTSTRAP    -DCMake_HAVE_CXX_MAKE_UNIQUE=1 -DCMake_HAVE_CXX_FILESYSTEM=1   -I/data/data/com.termux/files/usr/tmp/tmpibtw600x/cmake-4.4.3/Bootstrap.cmk   -I/data/data/com.termux/files/usr/tmp/tmpibtw600x/cmake-4.4.3/Source   -I/data/data/com.termux/files/usr/tmp/tmpibtw600x/cmake-4.4.3/Source/LexerParser   -I/data/data/com.termux/files/usr/tmp/tmpibtw600x/cmake-4.4.3/Utilities/std   -I/data/data/com.termux/files/usr/tmp/tmpibtw600x/cmake-4.4.3/Utilities  -c /data/data/com.termux/files/usr/tmp/tmpibtw600x/cmake-4.4.3/Source/cmLinkLineDeviceComputer.cxx -o cmLinkLineDeviceComputer.o
            In file included from /data/data/com.termux/files/usr/tmp/tmpibtw600x/cmake-4.4.3/Source/cmLinkLineDeviceComputer.cxx:4:
            In file included from /data/data/com.termux/files/usr/tmp/tmpibtw600x/cmake-4.4.3/Source/cmLinkLineDeviceComputer.h:10:
            In file included from /data/data/com.termux/files/usr/tmp/tmpibtw600x/cmake-4.4.3/Source/cmLinkLineComputer.h:11:
            In file included from /data/data/com.termux/files/usr/tmp/tmpibtw600x/cmake-4.4.3/Source/cmStateDirectory.h:14:
            In file included from /data/data/com.termux/files/usr/tmp/tmpibtw600x/cmake-4.4.3/Source/cmStatePrivate.h:13:
            In file included from /data/data/com.termux/files/usr/tmp/tmpibtw600x/cmake-4.4.3/Source/cmDefinitions.h:14:
            In file included from /data/data/com.termux/files/usr/tmp/tmpibtw600x/cmake-4.4.3/Source/cmString.hxx:17:
            /data/data/com.termux/files/usr/tmp/tmpibtw600x/cmake-4.4.3/Utilities/std/cmext/string_view:28:40: warning: identifier '_s' preceded by whitespace in a literal operator declaration is deprecated [-Wdeprecated-literal-operator]
               28 |   friend static_string_view operator"" _s(char const* data, size_t size);
                  |                             ~~~~~~~~~~~^~
                  |                             operator""_s
            /data/data/com.termux/files/usr/tmp/tmpibtw600x/cmake-4.4.3/Utilities/std/cmext/string_view:32:38: warning: identifier '_s' preceded by whitespace in a literal operator declaration is deprecated [-Wdeprecated-literal-operator]
               32 | inline static_string_view operator"" _s(char const* data, size_t size)
                  |                           ~~~~~~~~~~~^~
                  |                           operator""_s
            /data/data/com.termux/files/usr/tmp/tmpibtw600x/cmake-4.4.3/Utilities/std/cmext/string_view:39:22: warning: identifier '_s' preceded by whitespace in a literal operator declaration is deprecated [-Wdeprecated-literal-operator]
               39 | using cm::operator"" _s;
                  |           ~~~~~~~~~~~^~
                  |           operator""_s
            3 warnings generated.
            g++     -D_FILE_OFFSET_BITS=64 -D_TIME_BITS=64    -DCMAKE_BOOTSTRAP    -DCMake_HAVE_CXX_MAKE_UNIQUE=1 -DCMake_HAVE_CXX_FILESYSTEM=1   -I/data/data/com.termux/files/usr/tmp/tmpibtw600x/cmake-4.4.3/Bootstrap.cmk   -I/data/data/com.termux/files/usr/tmp/tmpibtw600x/cmake-4.4.3/Source   -I/data/data/com.termux/files/usr/tmp/tmpibtw600x/cmake-4.4.3/Source/LexerParser   -I/data/data/com.termux/files/usr/tmp/tmpibtw600x/cmake-4.4.3/Utilities/std   -I/data/data/com.termux/files/usr/tmp/tmpibtw600x/cmake-4.4.3/Utilities  -c /data/data/com.termux/files/usr/tmp/tmpibtw600x/cmake-4.4.3/Source/cmListCommand.cxx -o cmListCommand.o
            In file included from /data/data/com.termux/files/usr/tmp/tmpibtw600x/cmake-4.4.3/Source/cmListCommand.cxx:17:
            /data/data/com.termux/files/usr/tmp/tmpibtw600x/cmake-4.4.3/Utilities/std/cmext/string_view:28:40: warning: identifier '_s' preceded by whitespace in a literal operator declaration is deprecated [-Wdeprecated-literal-operator]
               28 |   friend static_string_view operator"" _s(char const* data, size_t size);
                  |                             ~~~~~~~~~~~^~
                  |                             operator""_s
            /data/data/com.termux/files/usr/tmp/tmpibtw600x/cmake-4.4.3/Utilities/std/cmext/string_view:32:38: warning: identifier '_s' preceded by whitespace in a literal operator declaration is deprecated [-Wdeprecated-literal-operator]
               32 | inline static_string_view operator"" _s(char const* data, size_t size)
                  |                           ~~~~~~~~~~~^~
                  |                           operator""_s
            /data/data/com.termux/files/usr/tmp/tmpibtw600x/cmake-4.4.3/Utilities/std/cmext/string_view:39:22: warning: identifier '_s' preceded by whitespace in a literal operator declaration is deprecated [-Wdeprecated-literal-operator]
               39 | using cm::operator"" _s;
                  |           ~~~~~~~~~~~^~
                  |           operator""_s
            3 warnings generated.
            g++     -D_FILE_OFFSET_BITS=64 -D_TIME_BITS=64    -DCMAKE_BOOTSTRAP    -DCMake_HAVE_CXX_MAKE_UNIQUE=1 -DCMake_HAVE_CXX_FILESYSTEM=1   -I/data/data/com.termux/files/usr/tmp/tmpibtw600x/cmake-4.4.3/Bootstrap.cmk   -I/data/data/com.termux/files/usr/tmp/tmpibtw600x/cmake-4.4.3/Source   -I/data/data/com.termux/files/usr/tmp/tmpibtw600x/cmake-4.4.3/Source/LexerParser   -I/data/data/com.termux/files/usr/tmp/tmpibtw600x/cmake-4.4.3/Utilities/std   -I/data/data/com.termux/files/usr/tmp/tmpibtw600x/cmake-4.4.3/Utilities  -c /data/data/com.termux/files/usr/tmp/tmpibtw600x/cmake-4.4.3/Source/cmListFileCache.cxx -o cmListFileCache.o
            In file included from /data/data/com.termux/files/usr/tmp/tmpibtw600x/cmake-4.4.3/Source/cmListFileCache.cxx:23:
            In file included from /data/data/com.termux/files/usr/tmp/tmpibtw600x/cmake-4.4.3/Source/cmake.h:19:
            /data/data/com.termux/files/usr/tmp/tmpibtw600x/cmake-4.4.3/Utilities/std/cmext/string_view:28:40: warning: identifier '_s' preceded by whitespace in a literal operator declaration is deprecated [-Wdeprecated-literal-operator]
               28 |   friend static_string_view operator"" _s(char const* data, size_t size);
                  |                             ~~~~~~~~~~~^~
                  |                             operator""_s
            /data/data/com.termux/files/usr/tmp/tmpibtw600x/cmake-4.4.3/Utilities/std/cmext/string_view:32:38: warning: identifier '_s' preceded by whitespace in a literal operator declaration is deprecated [-Wdeprecated-literal-operator]
               32 | inline static_string_view operator"" _s(char const* data, size_t size)
                  |                           ~~~~~~~~~~~^~
                  |                           operator""_s
            /data/data/com.termux/files/usr/tmp/tmpibtw600x/cmake-4.4.3/Utilities/std/cmext/string_view:39:22: warning: identifier '_s' preceded by whitespace in a literal operator declaration is deprecated [-Wdeprecated-literal-operator]
               39 | using cm::operator"" _s;
                  |           ~~~~~~~~~~~^~
                  |           operator""_s
            3 warnings generated.
            g++     -D_FILE_OFFSET_BITS=64 -D_TIME_BITS=64    -DCMAKE_BOOTSTRAP    -DCMake_HAVE_CXX_MAKE_UNIQUE=1 -DCMake_HAVE_CXX_FILESYSTEM=1   -I/data/data/com.termux/files/usr/tmp/tmpibtw600x/cmake-4.4.3/Bootstrap.cmk   -I/data/data/com.termux/files/usr/tmp/tmpibtw600x/cmake-4.4.3/Source   -I/data/data/com.termux/files/usr/tmp/tmpibtw600x/cmake-4.4.3/Source/LexerParser   -I/data/data/com.termux/files/usr/tmp/tmpibtw600x/cmake-4.4.3/Utilities/std   -I/data/data/com.termux/files/usr/tmp/tmpibtw600x/cmake-4.4.3/Utilities  -c /data/data/com.termux/files/usr/tmp/tmpibtw600x/cmake-4.4.3/Source/cmLocalCommonGenerator.cxx -o cmLocalCommonGenerator.o
            In file included from /data/data/com.termux/files/usr/tmp/tmpibtw600x/cmake-4.4.3/Source/cmLocalCommonGenerator.cxx:13:
            In file included from /data/data/com.termux/files/usr/tmp/tmpibtw600x/cmake-4.4.3/Source/cmGlobalGenerator.h:22:
            /data/data/com.termux/files/usr/tmp/tmpibtw600x/cmake-4.4.3/Utilities/std/cmext/string_view:28:40: warning: identifier '_s' preceded by whitespace in a literal operator declaration is deprecated [-Wdeprecated-literal-operator]
               28 |   friend static_string_view operator"" _s(char const* data, size_t size);
                  |                             ~~~~~~~~~~~^~
                  |                             operator""_s
            /data/data/com.termux/files/usr/tmp/tmpibtw600x/cmake-4.4.3/Utilities/std/cmext/string_view:32:38: warning: identifier '_s' preceded by whitespace in a literal operator declaration is deprecated [-Wdeprecated-literal-operator]
               32 | inline static_string_view operator"" _s(char const* data, size_t size)
                  |                           ~~~~~~~~~~~^~
                  |                           operator""_s
            /data/data/com.termux/files/usr/tmp/tmpibtw600x/cmake-4.4.3/Utilities/std/cmext/string_view:39:22: warning: identifier '_s' preceded by whitespace in a literal operator declaration is deprecated [-Wdeprecated-literal-operator]
               39 | using cm::operator"" _s;
                  |           ~~~~~~~~~~~^~
                  |           operator""_s
            3 warnings generated.
            g++     -D_FILE_OFFSET_BITS=64 -D_TIME_BITS=64    -DCMAKE_BOOTSTRAP    -DCMake_HAVE_CXX_MAKE_UNIQUE=1 -DCMake_HAVE_CXX_FILESYSTEM=1   -I/data/data/com.termux/files/usr/tmp/tmpibtw600x/cmake-4.4.3/Bootstrap.cmk   -I/data/data/com.termux/files/usr/tmp/tmpibtw600x/cmake-4.4.3/Source   -I/data/data/com.termux/files/usr/tmp/tmpibtw600x/cmake-4.4.3/Source/LexerParser   -I/data/data/com.termux/files/usr/tmp/tmpibtw600x/cmake-4.4.3/Utilities/std   -I/data/data/com.termux/files/usr/tmp/tmpibtw600x/cmake-4.4.3/Utilities  -c /data/data/com.termux/files/usr/tmp/tmpibtw600x/cmake-4.4.3/Source/cmLocalGenerator.cxx -o cmLocalGenerator.o
            In file included from /data/data/com.termux/files/usr/tmp/tmpibtw600x/cmake-4.4.3/Source/cmLocalGenerator.cxx:22:
            /data/data/com.termux/files/usr/tmp/tmpibtw600x/cmake-4.4.3/Utilities/std/cmext/string_view:28:40: warning: identifier '_s' preceded by whitespace in a literal operator declaration is deprecated [-Wdeprecated-literal-operator]
               28 |   friend static_string_view operator"" _s(char const* data, size_t size);
                  |                             ~~~~~~~~~~~^~
                  |                             operator""_s
            /data/data/com.termux/files/usr/tmp/tmpibtw600x/cmake-4.4.3/Utilities/std/cmext/string_view:32:38: warning: identifier '_s' preceded by whitespace in a literal operator declaration is deprecated [-Wdeprecated-literal-operator]
               32 | inline static_string_view operator"" _s(char const* data, size_t size)
                  |                           ~~~~~~~~~~~^~
                  |                           operator""_s
            /data/data/com.termux/files/usr/tmp/tmpibtw600x/cmake-4.4.3/Utilities/std/cmext/string_view:39:22: warning: identifier '_s' preceded by whitespace in a literal operator declaration is deprecated [-Wdeprecated-literal-operator]
               39 | using cm::operator"" _s;
                  |           ~~~~~~~~~~~^~
                  |           operator""_s
            3 warnings generated.
            g++     -D_FILE_OFFSET_BITS=64 -D_TIME_BITS=64    -DCMAKE_BOOTSTRAP    -DCMake_HAVE_CXX_MAKE_UNIQUE=1 -DCMake_HAVE_CXX_FILESYSTEM=1   -I/data/data/com.termux/files/usr/tmp/tmpibtw600x/cmake-4.4.3/Bootstrap.cmk   -I/data/data/com.termux/files/usr/tmp/tmpibtw600x/cmake-4.4.3/Source   -I/data/data/com.termux/files/usr/tmp/tmpibtw600x/cmake-4.4.3/Source/LexerParser   -I/data/data/com.termux/files/usr/tmp/tmpibtw600x/cmake-4.4.3/Utilities/std   -I/data/data/com.termux/files/usr/tmp/tmpibtw600x/cmake-4.4.3/Utilities  -c /data/data/com.termux/files/usr/tmp/tmpibtw600x/cmake-4.4.3/Source/cmMSVC60LinkLineComputer.cxx -o cmMSVC60LinkLineComputer.o
            In file included from /data/data/com.termux/files/usr/tmp/tmpibtw600x/cmake-4.4.3/Source/cmMSVC60LinkLineComputer.cxx:4:
            In file included from /data/data/com.termux/files/usr/tmp/tmpibtw600x/cmake-4.4.3/Source/cmMSVC60LinkLineComputer.h:10:
            In file included from /data/data/com.termux/files/usr/tmp/tmpibtw600x/cmake-4.4.3/Source/cmLinkLineComputer.h:11:
            In file included from /data/data/com.termux/files/usr/tmp/tmpibtw600x/cmake-4.4.3/Source/cmStateDirectory.h:14:
            In file included from /data/data/com.termux/files/usr/tmp/tmpibtw600x/cmake-4.4.3/Source/cmStatePrivate.h:13:
            In file included from /data/data/com.termux/files/usr/tmp/tmpibtw600x/cmake-4.4.3/Source/cmDefinitions.h:14:
            In file included from /data/data/com.termux/files/usr/tmp/tmpibtw600x/cmake-4.4.3/Source/cmString.hxx:17:
            /data/data/com.termux/files/usr/tmp/tmpibtw600x/cmake-4.4.3/Utilities/std/cmext/string_view:28:40: warning: identifier '_s' preceded by whitespace in a literal operator declaration is deprecated [-Wdeprecated-literal-operator]
               28 |   friend static_string_view operator"" _s(char const* data, size_t size);
                  |                             ~~~~~~~~~~~^~
                  |                             operator""_s
            /data/data/com.termux/files/usr/tmp/tmpibtw600x/cmake-4.4.3/Utilities/std/cmext/string_view:32:38: warning: identifier '_s' preceded by whitespace in a literal operator declaration is deprecated [-Wdeprecated-literal-operator]
               32 | inline static_string_view operator"" _s(char const* data, size_t size)
                  |                           ~~~~~~~~~~~^~
                  |                           operator""_s
            /data/data/com.termux/files/usr/tmp/tmpibtw600x/cmake-4.4.3/Utilities/std/cmext/string_view:39:22: warning: identifier '_s' preceded by whitespace in a literal operator declaration is deprecated [-Wdeprecated-literal-operator]
               39 | using cm::operator"" _s;
                  |           ~~~~~~~~~~~^~
                  |           operator""_s
            3 warnings generated.
            g++     -D_FILE_OFFSET_BITS=64 -D_TIME_BITS=64    -DCMAKE_BOOTSTRAP    -DCMake_HAVE_CXX_MAKE_UNIQUE=1 -DCMake_HAVE_CXX_FILESYSTEM=1   -I/data/data/com.termux/files/usr/tmp/tmpibtw600x/cmake-4.4.3/Bootstrap.cmk   -I/data/data/com.termux/files/usr/tmp/tmpibtw600x/cmake-4.4.3/Source   -I/data/data/com.termux/files/usr/tmp/tmpibtw600x/cmake-4.4.3/Source/LexerParser   -I/data/data/com.termux/files/usr/tmp/tmpibtw600x/cmake-4.4.3/Utilities/std   -I/data/data/com.termux/files/usr/tmp/tmpibtw600x/cmake-4.4.3/Utilities  -c /data/data/com.termux/files/usr/tmp/tmpibtw600x/cmake-4.4.3/Source/cmMacroCommand.cxx -o cmMacroCommand.o
            In file included from /data/data/com.termux/files/usr/tmp/tmpibtw600x/cmake-4.4.3/Source/cmMacroCommand.cxx:11:
            /data/data/com.termux/files/usr/tmp/tmpibtw600x/cmake-4.4.3/Utilities/std/cmext/string_view:28:40: warning: identifier '_s' preceded by whitespace in a literal operator declaration is deprecated [-Wdeprecated-literal-operator]
               28 |   friend static_string_view operator"" _s(char const* data, size_t size);
                  |                             ~~~~~~~~~~~^~
                  |                             operator""_s
            /data/data/com.termux/files/usr/tmp/tmpibtw600x/cmake-4.4.3/Utilities/std/cmext/string_view:32:38: warning: identifier '_s' preceded by whitespace in a literal operator declaration is deprecated [-Wdeprecated-literal-operator]
               32 | inline static_string_view operator"" _s(char const* data, size_t size)
                  |                           ~~~~~~~~~~~^~
                  |                           operator""_s
            /data/data/com.termux/files/usr/tmp/tmpibtw600x/cmake-4.4.3/Utilities/std/cmext/string_view:39:22: warning: identifier '_s' preceded by whitespace in a literal operator declaration is deprecated [-Wdeprecated-literal-operator]
               39 | using cm::operator"" _s;
                  |           ~~~~~~~~~~~^~
                  |           operator""_s
            3 warnings generated.
            g++     -D_FILE_OFFSET_BITS=64 -D_TIME_BITS=64    -DCMAKE_BOOTSTRAP    -DCMake_HAVE_CXX_MAKE_UNIQUE=1 -DCMake_HAVE_CXX_FILESYSTEM=1   -I/data/data/com.termux/files/usr/tmp/tmpibtw600x/cmake-4.4.3/Bootstrap.cmk   -I/data/data/com.termux/files/usr/tmp/tmpibtw600x/cmake-4.4.3/Source   -I/data/data/com.termux/files/usr/tmp/tmpibtw600x/cmake-4.4.3/Source/LexerParser   -I/data/data/com.termux/files/usr/tmp/tmpibtw600x/cmake-4.4.3/Utilities/std   -I/data/data/com.termux/files/usr/tmp/tmpibtw600x/cmake-4.4.3/Utilities  -c /data/data/com.termux/files/usr/tmp/tmpibtw600x/cmake-4.4.3/Source/cmMakeDirectoryCommand.cxx -o cmMakeDirectoryCommand.o
            g++     -D_FILE_OFFSET_BITS=64 -D_TIME_BITS=64    -DCMAKE_BOOTSTRAP    -DCMake_HAVE_CXX_MAKE_UNIQUE=1 -DCMake_HAVE_CXX_FILESYSTEM=1   -I/data/data/com.termux/files/usr/tmp/tmpibtw600x/cmake-4.4.3/Bootstrap.cmk   -I/data/data/com.termux/files/usr/tmp/tmpibtw600x/cmake-4.4.3/Source   -I/data/data/com.termux/files/usr/tmp/tmpibtw600x/cmake-4.4.3/Source/LexerParser   -I/data/data/com.termux/files/usr/tmp/tmpibtw600x/cmake-4.4.3/Utilities/std   -I/data/data/com.termux/files/usr/tmp/tmpibtw600x/cmake-4.4.3/Utilities  -c /data/data/com.termux/files/usr/tmp/tmpibtw600x/cmake-4.4.3/Source/cmMakefile.cxx -o cmMakefile.o
            In file included from /data/data/com.termux/files/usr/tmp/tmpibtw600x/cmake-4.4.3/Source/cmMakefile.cxx:22:
            /data/data/com.termux/files/usr/tmp/tmpibtw600x/cmake-4.4.3/Utilities/std/cmext/string_view:28:40: warning: identifier '_s' preceded by whitespace in a literal operator declaration is deprecated [-Wdeprecated-literal-operator]
               28 |   friend static_string_view operator"" _s(char const* data, size_t size);
                  |                             ~~~~~~~~~~~^~
                  |                             operator""_s
            /data/data/com.termux/files/usr/tmp/tmpibtw600x/cmake-4.4.3/Utilities/std/cmext/string_view:32:38: warning: identifier '_s' preceded by whitespace in a literal operator declaration is deprecated [-Wdeprecated-literal-operator]
               32 | inline static_string_view operator"" _s(char const* data, size_t size)
                  |                           ~~~~~~~~~~~^~
                  |                           operator""_s
            /data/data/com.termux/files/usr/tmp/tmpibtw600x/cmake-4.4.3/Utilities/std/cmext/string_view:39:22: warning: identifier '_s' preceded by whitespace in a literal operator declaration is deprecated [-Wdeprecated-literal-operator]
               39 | using cm::operator"" _s;
                  |           ~~~~~~~~~~~^~
                  |           operator""_s
            3 warnings generated.
            g++     -D_FILE_OFFSET_BITS=64 -D_TIME_BITS=64    -DCMAKE_BOOTSTRAP    -DCMake_HAVE_CXX_MAKE_UNIQUE=1 -DCMake_HAVE_CXX_FILESYSTEM=1   -I/data/data/com.termux/files/usr/tmp/tmpibtw600x/cmake-4.4.3/Bootstrap.cmk   -I/data/data/com.termux/files/usr/tmp/tmpibtw600x/cmake-4.4.3/Source   -I/data/data/com.termux/files/usr/tmp/tmpibtw600x/cmake-4.4.3/Source/LexerParser   -I/data/data/com.termux/files/usr/tmp/tmpibtw600x/cmake-4.4.3/Utilities/std   -I/data/data/com.termux/files/usr/tmp/tmpibtw600x/cmake-4.4.3/Utilities  -c /data/data/com.termux/files/usr/tmp/tmpibtw600x/cmake-4.4.3/Source/cmMarkAsAdvancedCommand.cxx -o cmMarkAsAdvancedCommand.o
            In file included from /data/data/com.termux/files/usr/tmp/tmpibtw600x/cmake-4.4.3/Source/cmMarkAsAdvancedCommand.cxx:9:
            In file included from /data/data/com.termux/files/usr/tmp/tmpibtw600x/cmake-4.4.3/Source/cmState.h:18:
            In file included from /data/data/com.termux/files/usr/tmp/tmpibtw600x/cmake-4.4.3/Source/cmDefinitions.h:14:
            In file included from /data/data/com.termux/files/usr/tmp/tmpibtw600x/cmake-4.4.3/Source/cmString.hxx:17:
            /data/data/com.termux/files/usr/tmp/tmpibtw600x/cmake-4.4.3/Utilities/std/cmext/string_view:28:40: warning: identifier '_s' preceded by whitespace in a literal operator declaration is deprecated [-Wdeprecated-literal-operator]
               28 |   friend static_string_view operator"" _s(char const* data, size_t size);
                  |                             ~~~~~~~~~~~^~
                  |                             operator""_s
            /data/data/com.termux/files/usr/tmp/tmpibtw600x/cmake-4.4.3/Utilities/std/cmext/string_view:32:38: warning: identifier '_s' preceded by whitespace in a literal operator declaration is deprecated [-Wdeprecated-literal-operator]
               32 | inline static_string_view operator"" _s(char const* data, size_t size)
                  |                           ~~~~~~~~~~~^~
                  |                           operator""_s
            /data/data/com.termux/files/usr/tmp/tmpibtw600x/cmake-4.4.3/Utilities/std/cmext/string_view:39:22: warning: identifier '_s' preceded by whitespace in a literal operator declaration is deprecated [-Wdeprecated-literal-operator]
               39 | using cm::operator"" _s;
                  |           ~~~~~~~~~~~^~
                  |           operator""_s
            3 warnings generated.
            g++     -D_FILE_OFFSET_BITS=64 -D_TIME_BITS=64    -DCMAKE_BOOTSTRAP    -DCMake_HAVE_CXX_MAKE_UNIQUE=1 -DCMake_HAVE_CXX_FILESYSTEM=1   -I/data/data/com.termux/files/usr/tmp/tmpibtw600x/cmake-4.4.3/Bootstrap.cmk   -I/data/data/com.termux/files/usr/tmp/tmpibtw600x/cmake-4.4.3/Source   -I/data/data/com.termux/files/usr/tmp/tmpibtw600x/cmake-4.4.3/Source/LexerParser   -I/data/data/com.termux/files/usr/tmp/tmpibtw600x/cmake-4.4.3/Utilities/std   -I/data/data/com.termux/files/usr/tmp/tmpibtw600x/cmake-4.4.3/Utilities  -c /data/data/com.termux/files/usr/tmp/tmpibtw600x/cmake-4.4.3/Source/cmMathCommand.cxx -o cmMathCommand.o
            g++     -D_FILE_OFFSET_BITS=64 -D_TIME_BITS=64    -DCMAKE_BOOTSTRAP    -DCMake_HAVE_CXX_MAKE_UNIQUE=1 -DCMake_HAVE_CXX_FILESYSTEM=1   -I/data/data/com.termux/files/usr/tmp/tmpibtw600x/cmake-4.4.3/Bootstrap.cmk   -I/data/data/com.termux/files/usr/tmp/tmpibtw600x/cmake-4.4.3/Source   -I/data/data/com.termux/files/usr/tmp/tmpibtw600x/cmake-4.4.3/Source/LexerParser   -I/data/data/com.termux/files/usr/tmp/tmpibtw600x/cmake-4.4.3/Utilities/std   -I/data/data/com.termux/files/usr/tmp/tmpibtw600x/cmake-4.4.3/Utilities  -c /data/data/com.termux/files/usr/tmp/tmpibtw600x/cmake-4.4.3/Source/cmMessageCommand.cxx -o cmMessageCommand.o
            In file included from /data/data/com.termux/files/usr/tmp/tmpibtw600x/cmake-4.4.3/Source/cmMessageCommand.cxx:10:
            /data/data/com.termux/files/usr/tmp/tmpibtw600x/cmake-4.4.3/Utilities/std/cmext/string_view:28:40: warning: identifier '_s' preceded by whitespace in a literal operator declaration is deprecated [-Wdeprecated-literal-operator]
               28 |   friend static_string_view operator"" _s(char const* data, size_t size);
                  |                             ~~~~~~~~~~~^~
                  |                             operator""_s
            /data/data/com.termux/files/usr/tmp/tmpibtw600x/cmake-4.4.3/Utilities/std/cmext/string_view:32:38: warning: identifier '_s' preceded by whitespace in a literal operator declaration is deprecated [-Wdeprecated-literal-operator]
               32 | inline static_string_view operator"" _s(char const* data, size_t size)
                  |                           ~~~~~~~~~~~^~
                  |                           operator""_s
            /data/data/com.termux/files/usr/tmp/tmpibtw600x/cmake-4.4.3/Utilities/std/cmext/string_view:39:22: warning: identifier '_s' preceded by whitespace in a literal operator declaration is deprecated [-Wdeprecated-literal-operator]
               39 | using cm::operator"" _s;
                  |           ~~~~~~~~~~~^~
                  |           operator""_s
            3 warnings generated.
            g++     -D_FILE_OFFSET_BITS=64 -D_TIME_BITS=64    -DCMAKE_BOOTSTRAP    -DCMake_HAVE_CXX_MAKE_UNIQUE=1 -DCMake_HAVE_CXX_FILESYSTEM=1   -I/data/data/com.termux/files/usr/tmp/tmpibtw600x/cmake-4.4.3/Bootstrap.cmk   -I/data/data/com.termux/files/usr/tmp/tmpibtw600x/cmake-4.4.3/Source   -I/data/data/com.termux/files/usr/tmp/tmpibtw600x/cmake-4.4.3/Source/LexerParser   -I/data/data/com.termux/files/usr/tmp/tmpibtw600x/cmake-4.4.3/Utilities/std   -I/data/data/com.termux/files/usr/tmp/tmpibtw600x/cmake-4.4.3/Utilities  -c /data/data/com.termux/files/usr/tmp/tmpibtw600x/cmake-4.4.3/Source/cmMessenger.cxx -o cmMessenger.o
            In file included from /data/data/com.termux/files/usr/tmp/tmpibtw600x/cmake-4.4.3/Source/cmMessenger.cxx:10:
            /data/data/com.termux/files/usr/tmp/tmpibtw600x/cmake-4.4.3/Utilities/std/cmext/string_view:28:40: warning: identifier '_s' preceded by whitespace in a literal operator declaration is deprecated [-Wdeprecated-literal-operator]
               28 |   friend static_string_view operator"" _s(char const* data, size_t size);
                  |                             ~~~~~~~~~~~^~
                  |                             operator""_s
            /data/data/com.termux/files/usr/tmp/tmpibtw600x/cmake-4.4.3/Utilities/std/cmext/string_view:32:38: warning: identifier '_s' preceded by whitespace in a literal operator declaration is deprecated [-Wdeprecated-literal-operator]
               32 | inline static_string_view operator"" _s(char const* data, size_t size)
                  |                           ~~~~~~~~~~~^~
                  |                           operator""_s
            /data/data/com.termux/files/usr/tmp/tmpibtw600x/cmake-4.4.3/Utilities/std/cmext/string_view:39:22: warning: identifier '_s' preceded by whitespace in a literal operator declaration is deprecated [-Wdeprecated-literal-operator]
               39 | using cm::operator"" _s;
                  |           ~~~~~~~~~~~^~
                  |           operator""_s
            3 warnings generated.
            g++     -D_FILE_OFFSET_BITS=64 -D_TIME_BITS=64    -DCMAKE_BOOTSTRAP    -DCMake_HAVE_CXX_MAKE_UNIQUE=1 -DCMake_HAVE_CXX_FILESYSTEM=1   -I/data/data/com.termux/files/usr/tmp/tmpibtw600x/cmake-4.4.3/Bootstrap.cmk   -I/data/data/com.termux/files/usr/tmp/tmpibtw600x/cmake-4.4.3/Source   -I/data/data/com.termux/files/usr/tmp/tmpibtw600x/cmake-4.4.3/Source/LexerParser   -I/data/data/com.termux/files/usr/tmp/tmpibtw600x/cmake-4.4.3/Utilities/std   -I/data/data/com.termux/files/usr/tmp/tmpibtw600x/cmake-4.4.3/Utilities  -c /data/data/com.termux/files/usr/tmp/tmpibtw600x/cmake-4.4.3/Source/cmNewLineStyle.cxx -o cmNewLineStyle.o
            g++     -D_FILE_OFFSET_BITS=64 -D_TIME_BITS=64    -DCMAKE_BOOTSTRAP    -DCMake_HAVE_CXX_MAKE_UNIQUE=1 -DCMake_HAVE_CXX_FILESYSTEM=1   -I/data/data/com.termux/files/usr/tmp/tmpibtw600x/cmake-4.4.3/Bootstrap.cmk   -I/data/data/com.termux/files/usr/tmp/tmpibtw600x/cmake-4.4.3/Source   -I/data/data/com.termux/files/usr/tmp/tmpibtw600x/cmake-4.4.3/Source/LexerParser   -I/data/data/com.termux/files/usr/tmp/tmpibtw600x/cmake-4.4.3/Utilities/std   -I/data/data/com.termux/files/usr/tmp/tmpibtw600x/cmake-4.4.3/Utilities  -c /data/data/com.termux/files/usr/tmp/tmpibtw600x/cmake-4.4.3/Source/cmOSXBundleGenerator.cxx -o cmOSXBundleGenerator.o
            g++     -D_FILE_OFFSET_BITS=64 -D_TIME_BITS=64    -DCMAKE_BOOTSTRAP    -DCMake_HAVE_CXX_MAKE_UNIQUE=1 -DCMake_HAVE_CXX_FILESYSTEM=1   -I/data/data/com.termux/files/usr/tmp/tmpibtw600x/cmake-4.4.3/Bootstrap.cmk   -I/data/data/com.termux/files/usr/tmp/tmpibtw600x/cmake-4.4.3/Source   -I/data/data/com.termux/files/usr/tmp/tmpibtw600x/cmake-4.4.3/Source/LexerParser   -I/data/data/com.termux/files/usr/tmp/tmpibtw600x/cmake-4.4.3/Utilities/std   -I/data/data/com.termux/files/usr/tmp/tmpibtw600x/cmake-4.4.3/Utilities  -c /data/data/com.termux/files/usr/tmp/tmpibtw600x/cmake-4.4.3/Source/cmOptionCommand.cxx -o cmOptionCommand.o
            In file included from /data/data/com.termux/files/usr/tmp/tmpibtw600x/cmake-4.4.3/Source/cmOptionCommand.cxx:5:
            /data/data/com.termux/files/usr/tmp/tmpibtw600x/cmake-4.4.3/Utilities/std/cmext/string_view:28:40: warning: identifier '_s' preceded by whitespace in a literal operator declaration is deprecated [-Wdeprecated-literal-operator]
               28 |   friend static_string_view operator"" _s(char const* data, size_t size);
                  |                             ~~~~~~~~~~~^~
                  |                             operator""_s
            /data/data/com.termux/files/usr/tmp/tmpibtw600x/cmake-4.4.3/Utilities/std/cmext/string_view:32:38: warning: identifier '_s' preceded by whitespace in a literal operator declaration is deprecated [-Wdeprecated-literal-operator]
               32 | inline static_string_view operator"" _s(char const* data, size_t size)
                  |                           ~~~~~~~~~~~^~
                  |                           operator""_s
            /data/data/com.termux/files/usr/tmp/tmpibtw600x/cmake-4.4.3/Utilities/std/cmext/string_view:39:22: warning: identifier '_s' preceded by whitespace in a literal operator declaration is deprecated [-Wdeprecated-literal-operator]
               39 | using cm::operator"" _s;
                  |           ~~~~~~~~~~~^~
                  |           operator""_s
            3 warnings generated.
            g++     -D_FILE_OFFSET_BITS=64 -D_TIME_BITS=64    -DCMAKE_BOOTSTRAP    -DCMake_HAVE_CXX_MAKE_UNIQUE=1 -DCMake_HAVE_CXX_FILESYSTEM=1   -I/data/data/com.termux/files/usr/tmp/tmpibtw600x/cmake-4.4.3/Bootstrap.cmk   -I/data/data/com.termux/files/usr/tmp/tmpibtw600x/cmake-4.4.3/Source   -I/data/data/com.termux/files/usr/tmp/tmpibtw600x/cmake-4.4.3/Source/LexerParser   -I/data/data/com.termux/files/usr/tmp/tmpibtw600x/cmake-4.4.3/Utilities/std   -I/data/data/com.termux/files/usr/tmp/tmpibtw600x/cmake-4.4.3/Utilities  -c /data/data/com.termux/files/usr/tmp/tmpibtw600x/cmake-4.4.3/Source/cmOrderDirectories.cxx -o cmOrderDirectories.o
            In file included from /data/data/com.termux/files/usr/tmp/tmpibtw600x/cmake-4.4.3/Source/cmOrderDirectories.cxx:15:
            In file included from /data/data/com.termux/files/usr/tmp/tmpibtw600x/cmake-4.4.3/Source/cmGlobalGenerator.h:22:
            /data/data/com.termux/files/usr/tmp/tmpibtw600x/cmake-4.4.3/Utilities/std/cmext/string_view:28:40: warning: identifier '_s' preceded by whitespace in a literal operator declaration is deprecated [-Wdeprecated-literal-operator]
               28 |   friend static_string_view operator"" _s(char const* data, size_t size);
                  |                             ~~~~~~~~~~~^~
                  |                             operator""_s
            /data/data/com.termux/files/usr/tmp/tmpibtw600x/cmake-4.4.3/Utilities/std/cmext/string_view:32:38: warning: identifier '_s' preceded by whitespace in a literal operator declaration is deprecated [-Wdeprecated-literal-operator]
               32 | inline static_string_view operator"" _s(char const* data, size_t size)
                  |                           ~~~~~~~~~~~^~
                  |                           operator""_s
            /data/data/com.termux/files/usr/tmp/tmpibtw600x/cmake-4.4.3/Utilities/std/cmext/string_view:39:22: warning: identifier '_s' preceded by whitespace in a literal operator declaration is deprecated [-Wdeprecated-literal-operator]
               39 | using cm::operator"" _s;
                  |           ~~~~~~~~~~~^~
                  |           operator""_s
            3 warnings generated.
            g++     -D_FILE_OFFSET_BITS=64 -D_TIME_BITS=64    -DCMAKE_BOOTSTRAP    -DCMake_HAVE_CXX_MAKE_UNIQUE=1 -DCMake_HAVE_CXX_FILESYSTEM=1   -I/data/data/com.termux/files/usr/tmp/tmpibtw600x/cmake-4.4.3/Bootstrap.cmk   -I/data/data/com.termux/files/usr/tmp/tmpibtw600x/cmake-4.4.3/Source   -I/data/data/com.termux/files/usr/tmp/tmpibtw600x/cmake-4.4.3/Source/LexerParser   -I/data/data/com.termux/files/usr/tmp/tmpibtw600x/cmake-4.4.3/Utilities/std   -I/data/data/com.termux/files/usr/tmp/tmpibtw600x/cmake-4.4.3/Utilities  -c /data/data/com.termux/files/usr/tmp/tmpibtw600x/cmake-4.4.3/Source/cmObjectLocation.cxx -o cmObjectLocation.o
            g++     -D_FILE_OFFSET_BITS=64 -D_TIME_BITS=64    -DCMAKE_BOOTSTRAP    -DCMake_HAVE_CXX_MAKE_UNIQUE=1 -DCMake_HAVE_CXX_FILESYSTEM=1   -I/data/data/com.termux/files/usr/tmp/tmpibtw600x/cmake-4.4.3/Bootstrap.cmk   -I/data/data/com.termux/files/usr/tmp/tmpibtw600x/cmake-4.4.3/Source   -I/data/data/com.termux/files/usr/tmp/tmpibtw600x/cmake-4.4.3/Source/LexerParser   -I/data/data/com.termux/files/usr/tmp/tmpibtw600x/cmake-4.4.3/Utilities/std   -I/data/data/com.termux/files/usr/tmp/tmpibtw600x/cmake-4.4.3/Utilities  -c /data/data/com.termux/files/usr/tmp/tmpibtw600x/cmake-4.4.3/Source/cmOutputConverter.cxx -o cmOutputConverter.o
            In file included from /data/data/com.termux/files/usr/tmp/tmpibtw600x/cmake-4.4.3/Source/cmOutputConverter.cxx:18:
            In file included from /data/data/com.termux/files/usr/tmp/tmpibtw600x/cmake-4.4.3/Source/cmState.h:18:
            In file included from /data/data/com.termux/files/usr/tmp/tmpibtw600x/cmake-4.4.3/Source/cmDefinitions.h:14:
            In file included from /data/data/com.termux/files/usr/tmp/tmpibtw600x/cmake-4.4.3/Source/cmString.hxx:17:
            /data/data/com.termux/files/usr/tmp/tmpibtw600x/cmake-4.4.3/Utilities/std/cmext/string_view:28:40: warning: identifier '_s' preceded by whitespace in a literal operator declaration is deprecated [-Wdeprecated-literal-operator]
               28 |   friend static_string_view operator"" _s(char const* data, size_t size);
                  |                             ~~~~~~~~~~~^~
                  |                             operator""_s
            /data/data/com.termux/files/usr/tmp/tmpibtw600x/cmake-4.4.3/Utilities/std/cmext/string_view:32:38: warning: identifier '_s' preceded by whitespace in a literal operator declaration is deprecated [-Wdeprecated-literal-operator]
               32 | inline static_string_view operator"" _s(char const* data, size_t size)
                  |                           ~~~~~~~~~~~^~
                  |                           operator""_s
            /data/data/com.termux/files/usr/tmp/tmpibtw600x/cmake-4.4.3/Utilities/std/cmext/string_view:39:22: warning: identifier '_s' preceded by whitespace in a literal operator declaration is deprecated [-Wdeprecated-literal-operator]
               39 | using cm::operator"" _s;
                  |           ~~~~~~~~~~~^~
                  |           operator""_s
            3 warnings generated.
            g++     -D_FILE_OFFSET_BITS=64 -D_TIME_BITS=64    -DCMAKE_BOOTSTRAP    -DCMake_HAVE_CXX_MAKE_UNIQUE=1 -DCMake_HAVE_CXX_FILESYSTEM=1   -I/data/data/com.termux/files/usr/tmp/tmpibtw600x/cmake-4.4.3/Bootstrap.cmk   -I/data/data/com.termux/files/usr/tmp/tmpibtw600x/cmake-4.4.3/Source   -I/data/data/com.termux/files/usr/tmp/tmpibtw600x/cmake-4.4.3/Source/LexerParser   -I/data/data/com.termux/files/usr/tmp/tmpibtw600x/cmake-4.4.3/Utilities/std   -I/data/data/com.termux/files/usr/tmp/tmpibtw600x/cmake-4.4.3/Utilities  -c /data/data/com.termux/files/usr/tmp/tmpibtw600x/cmake-4.4.3/Source/cmParseArgumentsCommand.cxx -o cmParseArgumentsCommand.o
            In file included from /data/data/com.termux/files/usr/tmp/tmpibtw600x/cmake-4.4.3/Source/cmParseArgumentsCommand.cxx:11:
            In file included from /data/data/com.termux/files/usr/tmp/tmpibtw600x/cmake-4.4.3/Source/cmArgumentParser.h:19:
            /data/data/com.termux/files/usr/tmp/tmpibtw600x/cmake-4.4.3/Utilities/std/cmext/string_view:28:40: warning: identifier '_s' preceded by whitespace in a literal operator declaration is deprecated [-Wdeprecated-literal-operator]
               28 |   friend static_string_view operator"" _s(char const* data, size_t size);
                  |                             ~~~~~~~~~~~^~
                  |                             operator""_s
            /data/data/com.termux/files/usr/tmp/tmpibtw600x/cmake-4.4.3/Utilities/std/cmext/string_view:32:38: warning: identifier '_s' preceded by whitespace in a literal operator declaration is deprecated [-Wdeprecated-literal-operator]
               32 | inline static_string_view operator"" _s(char const* data, size_t size)
                  |                           ~~~~~~~~~~~^~
                  |                           operator""_s
            /data/data/com.termux/files/usr/tmp/tmpibtw600x/cmake-4.4.3/Utilities/std/cmext/string_view:39:22: warning: identifier '_s' preceded by whitespace in a literal operator declaration is deprecated [-Wdeprecated-literal-operator]
               39 | using cm::operator"" _s;
                  |           ~~~~~~~~~~~^~
                  |           operator""_s
            3 warnings generated.
            g++     -D_FILE_OFFSET_BITS=64 -D_TIME_BITS=64    -DCMAKE_BOOTSTRAP    -DCMake_HAVE_CXX_MAKE_UNIQUE=1 -DCMake_HAVE_CXX_FILESYSTEM=1   -I/data/data/com.termux/files/usr/tmp/tmpibtw600x/cmake-4.4.3/Bootstrap.cmk   -I/data/data/com.termux/files/usr/tmp/tmpibtw600x/cmake-4.4.3/Source   -I/data/data/com.termux/files/usr/tmp/tmpibtw600x/cmake-4.4.3/Source/LexerParser   -I/data/data/com.termux/files/usr/tmp/tmpibtw600x/cmake-4.4.3/Utilities/std   -I/data/data/com.termux/files/usr/tmp/tmpibtw600x/cmake-4.4.3/Utilities  -c /data/data/com.termux/files/usr/tmp/tmpibtw600x/cmake-4.4.3/Source/cmPathLabel.cxx -o cmPathLabel.o
            g++     -D_FILE_OFFSET_BITS=64 -D_TIME_BITS=64    -DCMAKE_BOOTSTRAP    -DCMake_HAVE_CXX_MAKE_UNIQUE=1 -DCMake_HAVE_CXX_FILESYSTEM=1   -I/data/data/com.termux/files/usr/tmp/tmpibtw600x/cmake-4.4.3/Bootstrap.cmk   -I/data/data/com.termux/files/usr/tmp/tmpibtw600x/cmake-4.4.3/Source   -I/data/data/com.termux/files/usr/tmp/tmpibtw600x/cmake-4.4.3/Source/LexerParser   -I/data/data/com.termux/files/usr/tmp/tmpibtw600x/cmake-4.4.3/Utilities/std   -I/data/data/com.termux/files/usr/tmp/tmpibtw600x/cmake-4.4.3/Utilities  -c /data/data/com.termux/files/usr/tmp/tmpibtw600x/cmake-4.4.3/Source/cmPathResolver.cxx -o cmPathResolver.o
            In file included from /data/data/com.termux/files/usr/tmp/tmpibtw600x/cmake-4.4.3/Source/cmPathResolver.cxx:13:
            /data/data/com.termux/files/usr/tmp/tmpibtw600x/cmake-4.4.3/Utilities/std/cmext/string_view:28:40: warning: identifier '_s' preceded by whitespace in a literal operator declaration is deprecated [-Wdeprecated-literal-operator]
               28 |   friend static_string_view operator"" _s(char const* data, size_t size);
                  |                             ~~~~~~~~~~~^~
                  |                             operator""_s
            /data/data/com.termux/files/usr/tmp/tmpibtw600x/cmake-4.4.3/Utilities/std/cmext/string_view:32:38: warning: identifier '_s' preceded by whitespace in a literal operator declaration is deprecated [-Wdeprecated-literal-operator]
               32 | inline static_string_view operator"" _s(char const* data, size_t size)
                  |                           ~~~~~~~~~~~^~
                  |                           operator""_s
            /data/data/com.termux/files/usr/tmp/tmpibtw600x/cmake-4.4.3/Utilities/std/cmext/string_view:39:22: warning: identifier '_s' preceded by whitespace in a literal operator declaration is deprecated [-Wdeprecated-literal-operator]
               39 | using cm::operator"" _s;
                  |           ~~~~~~~~~~~^~
                  |           operator""_s
            3 warnings generated.
            g++     -D_FILE_OFFSET_BITS=64 -D_TIME_BITS=64    -DCMAKE_BOOTSTRAP    -DCMake_HAVE_CXX_MAKE_UNIQUE=1 -DCMake_HAVE_CXX_FILESYSTEM=1   -I/data/data/com.termux/files/usr/tmp/tmpibtw600x/cmake-4.4.3/Bootstrap.cmk   -I/data/data/com.termux/files/usr/tmp/tmpibtw600x/cmake-4.4.3/Source   -I/data/data/com.termux/files/usr/tmp/tmpibtw600x/cmake-4.4.3/Source/LexerParser   -I/data/data/com.termux/files/usr/tmp/tmpibtw600x/cmake-4.4.3/Utilities/std   -I/data/data/com.termux/files/usr/tmp/tmpibtw600x/cmake-4.4.3/Utilities  -c /data/data/com.termux/files/usr/tmp/tmpibtw600x/cmake-4.4.3/Source/cmPolicies.cxx -o cmPolicies.o
            g++     -D_FILE_OFFSET_BITS=64 -D_TIME_BITS=64    -DCMAKE_BOOTSTRAP    -DCMake_HAVE_CXX_MAKE_UNIQUE=1 -DCMake_HAVE_CXX_FILESYSTEM=1   -I/data/data/com.termux/files/usr/tmp/tmpibtw600x/cmake-4.4.3/Bootstrap.cmk   -I/data/data/com.termux/files/usr/tmp/tmpibtw600x/cmake-4.4.3/Source   -I/data/data/com.termux/files/usr/tmp/tmpibtw600x/cmake-4.4.3/Source/LexerParser   -I/data/data/com.termux/files/usr/tmp/tmpibtw600x/cmake-4.4.3/Utilities/std   -I/data/data/com.termux/files/usr/tmp/tmpibtw600x/cmake-4.4.3/Utilities  -c /data/data/com.termux/files/usr/tmp/tmpibtw600x/cmake-4.4.3/Source/cmProcessOutput.cxx -o cmProcessOutput.o
            g++     -D_FILE_OFFSET_BITS=64 -D_TIME_BITS=64    -DCMAKE_BOOTSTRAP    -DCMake_HAVE_CXX_MAKE_UNIQUE=1 -DCMake_HAVE_CXX_FILESYSTEM=1   -I/data/data/com.termux/files/usr/tmp/tmpibtw600x/cmake-4.4.3/Bootstrap.cmk   -I/data/data/com.termux/files/usr/tmp/tmpibtw600x/cmake-4.4.3/Source   -I/data/data/com.termux/files/usr/tmp/tmpibtw600x/cmake-4.4.3/Source/LexerParser   -I/data/data/com.termux/files/usr/tmp/tmpibtw600x/cmake-4.4.3/Utilities/std   -I/data/data/com.termux/files/usr/tmp/tmpibtw600x/cmake-4.4.3/Utilities  -c /data/data/com.termux/files/usr/tmp/tmpibtw600x/cmake-4.4.3/Source/cmProjectCommand.cxx -o cmProjectCommand.o
            In file included from /data/data/com.termux/files/usr/tmp/tmpibtw600x/cmake-4.4.3/Source/cmProjectCommand.cxx:13:
            /data/data/com.termux/files/usr/tmp/tmpibtw600x/cmake-4.4.3/Utilities/std/cmext/string_view:28:40: warning: identifier '_s' preceded by whitespace in a literal operator declaration is deprecated [-Wdeprecated-literal-operator]
               28 |   friend static_string_view operator"" _s(char const* data, size_t size);
                  |                             ~~~~~~~~~~~^~
                  |                             operator""_s
            /data/data/com.termux/files/usr/tmp/tmpibtw600x/cmake-4.4.3/Utilities/std/cmext/string_view:32:38: warning: identifier '_s' preceded by whitespace in a literal operator declaration is deprecated [-Wdeprecated-literal-operator]
               32 | inline static_string_view operator"" _s(char const* data, size_t size)
                  |                           ~~~~~~~~~~~^~
                  |                           operator""_s
            /data/data/com.termux/files/usr/tmp/tmpibtw600x/cmake-4.4.3/Utilities/std/cmext/string_view:39:22: warning: identifier '_s' preceded by whitespace in a literal operator declaration is deprecated [-Wdeprecated-literal-operator]
               39 | using cm::operator"" _s;
                  |           ~~~~~~~~~~~^~
                  |           operator""_s
            3 warnings generated.
            g++     -D_FILE_OFFSET_BITS=64 -D_TIME_BITS=64    -DCMAKE_BOOTSTRAP    -DCMake_HAVE_CXX_MAKE_UNIQUE=1 -DCMake_HAVE_CXX_FILESYSTEM=1   -I/data/data/com.termux/files/usr/tmp/tmpibtw600x/cmake-4.4.3/Bootstrap.cmk   -I/data/data/com.termux/files/usr/tmp/tmpibtw600x/cmake-4.4.3/Source   -I/data/data/com.termux/files/usr/tmp/tmpibtw600x/cmake-4.4.3/Source/LexerParser   -I/data/data/com.termux/files/usr/tmp/tmpibtw600x/cmake-4.4.3/Utilities/std   -I/data/data/com.termux/files/usr/tmp/tmpibtw600x/cmake-4.4.3/Utilities  -c /data/data/com.termux/files/usr/tmp/tmpibtw600x/cmake-4.4.3/Source/cmValue.cxx -o cmValue.o
            In file included from /data/data/com.termux/files/usr/tmp/tmpibtw600x/cmake-4.4.3/Source/cmValue.cxx:7:
            /data/data/com.termux/files/usr/tmp/tmpibtw600x/cmake-4.4.3/Utilities/std/cmext/string_view:28:40: warning: identifier '_s' preceded by whitespace in a literal operator declaration is deprecated [-Wdeprecated-literal-operator]
               28 |   friend static_string_view operator"" _s(char const* data, size_t size);
                  |                             ~~~~~~~~~~~^~
                  |                             operator""_s
            /data/data/com.termux/files/usr/tmp/tmpibtw600x/cmake-4.4.3/Utilities/std/cmext/string_view:32:38: warning: identifier '_s' preceded by whitespace in a literal operator declaration is deprecated [-Wdeprecated-literal-operator]
               32 | inline static_string_view operator"" _s(char const* data, size_t size)
                  |                           ~~~~~~~~~~~^~
                  |                           operator""_s
            /data/data/com.termux/files/usr/tmp/tmpibtw600x/cmake-4.4.3/Utilities/std/cmext/string_view:39:22: warning: identifier '_s' preceded by whitespace in a literal operator declaration is deprecated [-Wdeprecated-literal-operator]
               39 | using cm::operator"" _s;
                  |           ~~~~~~~~~~~^~
                  |           operator""_s
            3 warnings generated.
            g++     -D_FILE_OFFSET_BITS=64 -D_TIME_BITS=64    -DCMAKE_BOOTSTRAP    -DCMake_HAVE_CXX_MAKE_UNIQUE=1 -DCMake_HAVE_CXX_FILESYSTEM=1   -I/data/data/com.termux/files/usr/tmp/tmpibtw600x/cmake-4.4.3/Bootstrap.cmk   -I/data/data/com.termux/files/usr/tmp/tmpibtw600x/cmake-4.4.3/Source   -I/data/data/com.termux/files/usr/tmp/tmpibtw600x/cmake-4.4.3/Source/LexerParser   -I/data/data/com.termux/files/usr/tmp/tmpibtw600x/cmake-4.4.3/Utilities/std   -I/data/data/com.termux/files/usr/tmp/tmpibtw600x/cmake-4.4.3/Utilities  -c /data/data/com.termux/files/usr/tmp/tmpibtw600x/cmake-4.4.3/Source/cmPropertyDefinition.cxx -o cmPropertyDefinition.o
            g++     -D_FILE_OFFSET_BITS=64 -D_TIME_BITS=64    -DCMAKE_BOOTSTRAP    -DCMake_HAVE_CXX_MAKE_UNIQUE=1 -DCMake_HAVE_CXX_FILESYSTEM=1   -I/data/data/com.termux/files/usr/tmp/tmpibtw600x/cmake-4.4.3/Bootstrap.cmk   -I/data/data/com.termux/files/usr/tmp/tmpibtw600x/cmake-4.4.3/Source   -I/data/data/com.termux/files/usr/tmp/tmpibtw600x/cmake-4.4.3/Source/LexerParser   -I/data/data/com.termux/files/usr/tmp/tmpibtw600x/cmake-4.4.3/Utilities/std   -I/data/data/com.termux/files/usr/tmp/tmpibtw600x/cmake-4.4.3/Utilities  -c /data/data/com.termux/files/usr/tmp/tmpibtw600x/cmake-4.4.3/Source/cmPropertyMap.cxx -o cmPropertyMap.o
            g++     -D_FILE_OFFSET_BITS=64 -D_TIME_BITS=64    -DCMAKE_BOOTSTRAP    -DCMake_HAVE_CXX_MAKE_UNIQUE=1 -DCMake_HAVE_CXX_FILESYSTEM=1   -I/data/data/com.termux/files/usr/tmp/tmpibtw600x/cmake-4.4.3/Bootstrap.cmk   -I/data/data/com.termux/files/usr/tmp/tmpibtw600x/cmake-4.4.3/Source   -I/data/data/com.termux/files/usr/tmp/tmpibtw600x/cmake-4.4.3/Source/LexerParser   -I/data/data/com.termux/files/usr/tmp/tmpibtw600x/cmake-4.4.3/Utilities/std   -I/data/data/com.termux/files/usr/tmp/tmpibtw600x/cmake-4.4.3/Utilities  -c /data/data/com.termux/files/usr/tmp/tmpibtw600x/cmake-4.4.3/Source/cmGccDepfileLexerHelper.cxx -o cmGccDepfileLexerHelper.o
            g++     -D_FILE_OFFSET_BITS=64 -D_TIME_BITS=64    -DCMAKE_BOOTSTRAP    -DCMake_HAVE_CXX_MAKE_UNIQUE=1 -DCMake_HAVE_CXX_FILESYSTEM=1   -I/data/data/com.termux/files/usr/tmp/tmpibtw600x/cmake-4.4.3/Bootstrap.cmk   -I/data/data/com.termux/files/usr/tmp/tmpibtw600x/cmake-4.4.3/Source   -I/data/data/com.termux/files/usr/tmp/tmpibtw600x/cmake-4.4.3/Source/LexerParser   -I/data/data/com.termux/files/usr/tmp/tmpibtw600x/cmake-4.4.3/Utilities/std   -I/data/data/com.termux/files/usr/tmp/tmpibtw600x/cmake-4.4.3/Utilities  -c /data/data/com.termux/files/usr/tmp/tmpibtw600x/cmake-4.4.3/Source/cmGccDepfileReader.cxx -o cmGccDepfileReader.o
            g++     -D_FILE_OFFSET_BITS=64 -D_TIME_BITS=64    -DCMAKE_BOOTSTRAP    -DCMake_HAVE_CXX_MAKE_UNIQUE=1 -DCMake_HAVE_CXX_FILESYSTEM=1   -I/data/data/com.termux/files/usr/tmp/tmpibtw600x/cmake-4.4.3/Bootstrap.cmk   -I/data/data/com.termux/files/usr/tmp/tmpibtw600x/cmake-4.4.3/Source   -I/data/data/com.termux/files/usr/tmp/tmpibtw600x/cmake-4.4.3/Source/LexerParser   -I/data/data/com.termux/files/usr/tmp/tmpibtw600x/cmake-4.4.3/Utilities/std   -I/data/data/com.termux/files/usr/tmp/tmpibtw600x/cmake-4.4.3/Utilities  -c /data/data/com.termux/files/usr/tmp/tmpibtw600x/cmake-4.4.3/Source/cmReturnCommand.cxx -o cmReturnCommand.o
            In file included from /data/data/com.termux/files/usr/tmp/tmpibtw600x/cmake-4.4.3/Source/cmReturnCommand.cxx:6:
            /data/data/com.termux/files/usr/tmp/tmpibtw600x/cmake-4.4.3/Utilities/std/cmext/string_view:28:40: warning: identifier '_s' preceded by whitespace in a literal operator declaration is deprecated [-Wdeprecated-literal-operator]
               28 |   friend static_string_view operator"" _s(char const* data, size_t size);
                  |                             ~~~~~~~~~~~^~
                  |                             operator""_s
            /data/data/com.termux/files/usr/tmp/tmpibtw600x/cmake-4.4.3/Utilities/std/cmext/string_view:32:38: warning: identifier '_s' preceded by whitespace in a literal operator declaration is deprecated [-Wdeprecated-literal-operator]
               32 | inline static_string_view operator"" _s(char const* data, size_t size)
                  |                           ~~~~~~~~~~~^~
                  |                           operator""_s
            /data/data/com.termux/files/usr/tmp/tmpibtw600x/cmake-4.4.3/Utilities/std/cmext/string_view:39:22: warning: identifier '_s' preceded by whitespace in a literal operator declaration is deprecated [-Wdeprecated-literal-operator]
               39 | using cm::operator"" _s;
                  |           ~~~~~~~~~~~^~
                  |           operator""_s
            3 warnings generated.
            g++     -D_FILE_OFFSET_BITS=64 -D_TIME_BITS=64    -DCMAKE_BOOTSTRAP    -DCMake_HAVE_CXX_MAKE_UNIQUE=1 -DCMake_HAVE_CXX_FILESYSTEM=1   -I/data/data/com.termux/files/usr/tmp/tmpibtw600x/cmake-4.4.3/Bootstrap.cmk   -I/data/data/com.termux/files/usr/tmp/tmpibtw600x/cmake-4.4.3/Source   -I/data/data/com.termux/files/usr/tmp/tmpibtw600x/cmake-4.4.3/Source/LexerParser   -I/data/data/com.termux/files/usr/tmp/tmpibtw600x/cmake-4.4.3/Utilities/std   -I/data/data/com.termux/files/usr/tmp/tmpibtw600x/cmake-4.4.3/Utilities  -c /data/data/com.termux/files/usr/tmp/tmpibtw600x/cmake-4.4.3/Source/cmPackageInfoReader.cxx -o cmPackageInfoReader.o
            In file included from /data/data/com.termux/files/usr/tmp/tmpibtw600x/cmake-4.4.3/Source/cmPackageInfoReader.cxx:12:
            /data/data/com.termux/files/usr/tmp/tmpibtw600x/cmake-4.4.3/Utilities/std/cmext/string_view:28:40: warning: identifier '_s' preceded by whitespace in a literal operator declaration is deprecated [-Wdeprecated-literal-operator]
               28 |   friend static_string_view operator"" _s(char const* data, size_t size);
                  |                             ~~~~~~~~~~~^~
                  |                             operator""_s
            /data/data/com.termux/files/usr/tmp/tmpibtw600x/cmake-4.4.3/Utilities/std/cmext/string_view:32:38: warning: identifier '_s' preceded by whitespace in a literal operator declaration is deprecated [-Wdeprecated-literal-operator]
               32 | inline static_string_view operator"" _s(char const* data, size_t size)
                  |                           ~~~~~~~~~~~^~
                  |                           operator""_s
            /data/data/com.termux/files/usr/tmp/tmpibtw600x/cmake-4.4.3/Utilities/std/cmext/string_view:39:22: warning: identifier '_s' preceded by whitespace in a literal operator declaration is deprecated [-Wdeprecated-literal-operator]
               39 | using cm::operator"" _s;
                  |           ~~~~~~~~~~~^~
                  |           operator""_s
            3 warnings generated.
            g++     -D_FILE_OFFSET_BITS=64 -D_TIME_BITS=64    -DCMAKE_BOOTSTRAP    -DCMake_HAVE_CXX_MAKE_UNIQUE=1 -DCMake_HAVE_CXX_FILESYSTEM=1   -I/data/data/com.termux/files/usr/tmp/tmpibtw600x/cmake-4.4.3/Bootstrap.cmk   -I/data/data/com.termux/files/usr/tmp/tmpibtw600x/cmake-4.4.3/Source   -I/data/data/com.termux/files/usr/tmp/tmpibtw600x/cmake-4.4.3/Source/LexerParser   -I/data/data/com.termux/files/usr/tmp/tmpibtw600x/cmake-4.4.3/Utilities/std   -I/data/data/com.termux/files/usr/tmp/tmpibtw600x/cmake-4.4.3/Utilities  -c /data/data/com.termux/files/usr/tmp/tmpibtw600x/cmake-4.4.3/Source/cmPlaceholderExpander.cxx -o cmPlaceholderExpander.o
            g++     -D_FILE_OFFSET_BITS=64 -D_TIME_BITS=64    -DCMAKE_BOOTSTRAP    -DCMake_HAVE_CXX_MAKE_UNIQUE=1 -DCMake_HAVE_CXX_FILESYSTEM=1   -I/data/data/com.termux/files/usr/tmp/tmpibtw600x/cmake-4.4.3/Bootstrap.cmk   -I/data/data/com.termux/files/usr/tmp/tmpibtw600x/cmake-4.4.3/Source   -I/data/data/com.termux/files/usr/tmp/tmpibtw600x/cmake-4.4.3/Source/LexerParser   -I/data/data/com.termux/files/usr/tmp/tmpibtw600x/cmake-4.4.3/Utilities/std   -I/data/data/com.termux/files/usr/tmp/tmpibtw600x/cmake-4.4.3/Utilities  -c /data/data/com.termux/files/usr/tmp/tmpibtw600x/cmake-4.4.3/Source/cmPlistParser.cxx -o cmPlistParser.o
            g++     -D_FILE_OFFSET_BITS=64 -D_TIME_BITS=64    -DCMAKE_BOOTSTRAP    -DCMake_HAVE_CXX_MAKE_UNIQUE=1 -DCMake_HAVE_CXX_FILESYSTEM=1   -I/data/data/com.termux/files/usr/tmp/tmpibtw600x/cmake-4.4.3/Bootstrap.cmk   -I/data/data/com.termux/files/usr/tmp/tmpibtw600x/cmake-4.4.3/Source   -I/data/data/com.termux/files/usr/tmp/tmpibtw600x/cmake-4.4.3/Source/LexerParser   -I/data/data/com.termux/files/usr/tmp/tmpibtw600x/cmake-4.4.3/Utilities/std   -I/data/data/com.termux/files/usr/tmp/tmpibtw600x/cmake-4.4.3/Utilities  -c /data/data/com.termux/files/usr/tmp/tmpibtw600x/cmake-4.4.3/Source/cmRulePlaceholderExpander.cxx -o cmRulePlaceholderExpander.o
            g++     -D_FILE_OFFSET_BITS=64 -D_TIME_BITS=64    -DCMAKE_BOOTSTRAP    -DCMake_HAVE_CXX_MAKE_UNIQUE=1 -DCMake_HAVE_CXX_FILESYSTEM=1   -I/data/data/com.termux/files/usr/tmp/tmpibtw600x/cmake-4.4.3/Bootstrap.cmk   -I/data/data/com.termux/files/usr/tmp/tmpibtw600x/cmake-4.4.3/Source   -I/data/data/com.termux/files/usr/tmp/tmpibtw600x/cmake-4.4.3/Source/LexerParser   -I/data/data/com.termux/files/usr/tmp/tmpibtw600x/cmake-4.4.3/Utilities/std   -I/data/data/com.termux/files/usr/tmp/tmpibtw600x/cmake-4.4.3/Utilities  -c /data/data/com.termux/files/usr/tmp/tmpibtw600x/cmake-4.4.3/Source/cmRuntimeDependencyArchive.cxx -o cmRuntimeDependencyArchive.o
            g++     -D_FILE_OFFSET_BITS=64 -D_TIME_BITS=64    -DCMAKE_BOOTSTRAP    -DCMake_HAVE_CXX_MAKE_UNIQUE=1 -DCMake_HAVE_CXX_FILESYSTEM=1   -I/data/data/com.termux/files/usr/tmp/tmpibtw600x/cmake-4.4.3/Bootstrap.cmk   -I/data/data/com.termux/files/usr/tmp/tmpibtw600x/cmake-4.4.3/Source   -I/data/data/com.termux/files/usr/tmp/tmpibtw600x/cmake-4.4.3/Source/LexerParser   -I/data/data/com.termux/files/usr/tmp/tmpibtw600x/cmake-4.4.3/Utilities/std   -I/data/data/com.termux/files/usr/tmp/tmpibtw600x/cmake-4.4.3/Utilities  -c /data/data/com.termux/files/usr/tmp/tmpibtw600x/cmake-4.4.3/Source/cmScriptGenerator.cxx -o cmScriptGenerator.o
            g++     -D_FILE_OFFSET_BITS=64 -D_TIME_BITS=64    -DCMAKE_BOOTSTRAP    -DCMake_HAVE_CXX_MAKE_UNIQUE=1 -DCMake_HAVE_CXX_FILESYSTEM=1   -I/data/data/com.termux/files/usr/tmp/tmpibtw600x/cmake-4.4.3/Bootstrap.cmk   -I/data/data/com.termux/files/usr/tmp/tmpibtw600x/cmake-4.4.3/Source   -I/data/data/com.termux/files/usr/tmp/tmpibtw600x/cmake-4.4.3/Source/LexerParser   -I/data/data/com.termux/files/usr/tmp/tmpibtw600x/cmake-4.4.3/Utilities/std   -I/data/data/com.termux/files/usr/tmp/tmpibtw600x/cmake-4.4.3/Utilities  -c /data/data/com.termux/files/usr/tmp/tmpibtw600x/cmake-4.4.3/Source/cmSearchPath.cxx -o cmSearchPath.o
            In file included from /data/data/com.termux/files/usr/tmp/tmpibtw600x/cmake-4.4.3/Source/cmSearchPath.cxx:11:
            In file included from /data/data/com.termux/files/usr/tmp/tmpibtw600x/cmake-4.4.3/Source/cmFindCommon.h:16:
            In file included from /data/data/com.termux/files/usr/tmp/tmpibtw600x/cmake-4.4.3/Source/cmWindowsRegistry.h:14:
            /data/data/com.termux/files/usr/tmp/tmpibtw600x/cmake-4.4.3/Utilities/std/cmext/string_view:28:40: warning: identifier '_s' preceded by whitespace in a literal operator declaration is deprecated [-Wdeprecated-literal-operator]
               28 |   friend static_string_view operator"" _s(char const* data, size_t size);
                  |                             ~~~~~~~~~~~^~
                  |                             operator""_s
            /data/data/com.termux/files/usr/tmp/tmpibtw600x/cmake-4.4.3/Utilities/std/cmext/string_view:32:38: warning: identifier '_s' preceded by whitespace in a literal operator declaration is deprecated [-Wdeprecated-literal-operator]
               32 | inline static_string_view operator"" _s(char const* data, size_t size)
                  |                           ~~~~~~~~~~~^~
                  |                           operator""_s
            /data/data/com.termux/files/usr/tmp/tmpibtw600x/cmake-4.4.3/Utilities/std/cmext/string_view:39:22: warning: identifier '_s' preceded by whitespace in a literal operator declaration is deprecated [-Wdeprecated-literal-operator]
               39 | using cm::operator"" _s;
                  |           ~~~~~~~~~~~^~
                  |           operator""_s
            3 warnings generated.
            g++     -D_FILE_OFFSET_BITS=64 -D_TIME_BITS=64    -DCMAKE_BOOTSTRAP    -DCMake_HAVE_CXX_MAKE_UNIQUE=1 -DCMake_HAVE_CXX_FILESYSTEM=1   -I/data/data/com.termux/files/usr/tmp/tmpibtw600x/cmake-4.4.3/Bootstrap.cmk   -I/data/data/com.termux/files/usr/tmp/tmpibtw600x/cmake-4.4.3/Source   -I/data/data/com.termux/files/usr/tmp/tmpibtw600x/cmake-4.4.3/Source/LexerParser   -I/data/data/com.termux/files/usr/tmp/tmpibtw600x/cmake-4.4.3/Utilities/std   -I/data/data/com.termux/files/usr/tmp/tmpibtw600x/cmake-4.4.3/Utilities  -c /data/data/com.termux/files/usr/tmp/tmpibtw600x/cmake-4.4.3/Source/cmSeparateArgumentsCommand.cxx -o cmSeparateArgumentsCommand.o
            In file included from /data/data/com.termux/files/usr/tmp/tmpibtw600x/cmake-4.4.3/Source/cmSeparateArgumentsCommand.cxx:8:
            /data/data/com.termux/files/usr/tmp/tmpibtw600x/cmake-4.4.3/Utilities/std/cmext/string_view:28:40: warning: identifier '_s' preceded by whitespace in a literal operator declaration is deprecated [-Wdeprecated-literal-operator]
               28 |   friend static_string_view operator"" _s(char const* data, size_t size);
                  |                             ~~~~~~~~~~~^~
                  |                             operator""_s
            /data/data/com.termux/files/usr/tmp/tmpibtw600x/cmake-4.4.3/Utilities/std/cmext/string_view:32:38: warning: identifier '_s' preceded by whitespace in a literal operator declaration is deprecated [-Wdeprecated-literal-operator]
               32 | inline static_string_view operator"" _s(char const* data, size_t size)
                  |                           ~~~~~~~~~~~^~
                  |                           operator""_s
            /data/data/com.termux/files/usr/tmp/tmpibtw600x/cmake-4.4.3/Utilities/std/cmext/string_view:39:22: warning: identifier '_s' preceded by whitespace in a literal operator declaration is deprecated [-Wdeprecated-literal-operator]
               39 | using cm::operator"" _s;
                  |           ~~~~~~~~~~~^~
                  |           operator""_s
            3 warnings generated.
            g++     -D_FILE_OFFSET_BITS=64 -D_TIME_BITS=64    -DCMAKE_BOOTSTRAP    -DCMake_HAVE_CXX_MAKE_UNIQUE=1 -DCMake_HAVE_CXX_FILESYSTEM=1   -I/data/data/com.termux/files/usr/tmp/tmpibtw600x/cmake-4.4.3/Bootstrap.cmk   -I/data/data/com.termux/files/usr/tmp/tmpibtw600x/cmake-4.4.3/Source   -I/data/data/com.termux/files/usr/tmp/tmpibtw600x/cmake-4.4.3/Source/LexerParser   -I/data/data/com.termux/files/usr/tmp/tmpibtw600x/cmake-4.4.3/Utilities/std   -I/data/data/com.termux/files/usr/tmp/tmpibtw600x/cmake-4.4.3/Utilities  -c /data/data/com.termux/files/usr/tmp/tmpibtw600x/cmake-4.4.3/Source/cmSetCommand.cxx -o cmSetCommand.o
            In file included from /data/data/com.termux/files/usr/tmp/tmpibtw600x/cmake-4.4.3/Source/cmSetCommand.cxx:9:
            /data/data/com.termux/files/usr/tmp/tmpibtw600x/cmake-4.4.3/Utilities/std/cmext/string_view:28:40: warning: identifier '_s' preceded by whitespace in a literal operator declaration is deprecated [-Wdeprecated-literal-operator]
               28 |   friend static_string_view operator"" _s(char const* data, size_t size);
                  |                             ~~~~~~~~~~~^~
                  |                             operator""_s
            /data/data/com.termux/files/usr/tmp/tmpibtw600x/cmake-4.4.3/Utilities/std/cmext/string_view:32:38: warning: identifier '_s' preceded by whitespace in a literal operator declaration is deprecated [-Wdeprecated-literal-operator]
               32 | inline static_string_view operator"" _s(char const* data, size_t size)
                  |                           ~~~~~~~~~~~^~
                  |                           operator""_s
            /data/data/com.termux/files/usr/tmp/tmpibtw600x/cmake-4.4.3/Utilities/std/cmext/string_view:39:22: warning: identifier '_s' preceded by whitespace in a literal operator declaration is deprecated [-Wdeprecated-literal-operator]
               39 | using cm::operator"" _s;
                  |           ~~~~~~~~~~~^~
                  |           operator""_s
            3 warnings generated.
            g++     -D_FILE_OFFSET_BITS=64 -D_TIME_BITS=64    -DCMAKE_BOOTSTRAP    -DCMake_HAVE_CXX_MAKE_UNIQUE=1 -DCMake_HAVE_CXX_FILESYSTEM=1   -I/data/data/com.termux/files/usr/tmp/tmpibtw600x/cmake-4.4.3/Bootstrap.cmk   -I/data/data/com.termux/files/usr/tmp/tmpibtw600x/cmake-4.4.3/Source   -I/data/data/com.termux/files/usr/tmp/tmpibtw600x/cmake-4.4.3/Source/LexerParser   -I/data/data/com.termux/files/usr/tmp/tmpibtw600x/cmake-4.4.3/Utilities/std   -I/data/data/com.termux/files/usr/tmp/tmpibtw600x/cmake-4.4.3/Utilities  -c /data/data/com.termux/files/usr/tmp/tmpibtw600x/cmake-4.4.3/Source/cmSetDirectoryPropertiesCommand.cxx -o cmSetDirectoryPropertiesCommand.o
            g++     -D_FILE_OFFSET_BITS=64 -D_TIME_BITS=64    -DCMAKE_BOOTSTRAP    -DCMake_HAVE_CXX_MAKE_UNIQUE=1 -DCMake_HAVE_CXX_FILESYSTEM=1   -I/data/data/com.termux/files/usr/tmp/tmpibtw600x/cmake-4.4.3/Bootstrap.cmk   -I/data/data/com.termux/files/usr/tmp/tmpibtw600x/cmake-4.4.3/Source   -I/data/data/com.termux/files/usr/tmp/tmpibtw600x/cmake-4.4.3/Source/LexerParser   -I/data/data/com.termux/files/usr/tmp/tmpibtw600x/cmake-4.4.3/Utilities/std   -I/data/data/com.termux/files/usr/tmp/tmpibtw600x/cmake-4.4.3/Utilities  -c /data/data/com.termux/files/usr/tmp/tmpibtw600x/cmake-4.4.3/Source/cmSetPropertyCommand.cxx -o cmSetPropertyCommand.o
            In file included from /data/data/com.termux/files/usr/tmp/tmpibtw600x/cmake-4.4.3/Source/cmSetPropertyCommand.cxx:11:
            /data/data/com.termux/files/usr/tmp/tmpibtw600x/cmake-4.4.3/Utilities/std/cmext/string_view:28:40: warning: identifier '_s' preceded by whitespace in a literal operator declaration is deprecated [-Wdeprecated-literal-operator]
               28 |   friend static_string_view operator"" _s(char const* data, size_t size);
                  |                             ~~~~~~~~~~~^~
                  |                             operator""_s
            /data/data/com.termux/files/usr/tmp/tmpibtw600x/cmake-4.4.3/Utilities/std/cmext/string_view:32:38: warning: identifier '_s' preceded by whitespace in a literal operator declaration is deprecated [-Wdeprecated-literal-operator]
               32 | inline static_string_view operator"" _s(char const* data, size_t size)
                  |                           ~~~~~~~~~~~^~
                  |                           operator""_s
            /data/data/com.termux/files/usr/tmp/tmpibtw600x/cmake-4.4.3/Utilities/std/cmext/string_view:39:22: warning: identifier '_s' preceded by whitespace in a literal operator declaration is deprecated [-Wdeprecated-literal-operator]
               39 | using cm::operator"" _s;
                  |           ~~~~~~~~~~~^~
                  |           operator""_s
            3 warnings generated.
            g++     -D_FILE_OFFSET_BITS=64 -D_TIME_BITS=64    -DCMAKE_BOOTSTRAP    -DCMake_HAVE_CXX_MAKE_UNIQUE=1 -DCMake_HAVE_CXX_FILESYSTEM=1   -I/data/data/com.termux/files/usr/tmp/tmpibtw600x/cmake-4.4.3/Bootstrap.cmk   -I/data/data/com.termux/files/usr/tmp/tmpibtw600x/cmake-4.4.3/Source   -I/data/data/com.termux/files/usr/tmp/tmpibtw600x/cmake-4.4.3/Source/LexerParser   -I/data/data/com.termux/files/usr/tmp/tmpibtw600x/cmake-4.4.3/Utilities/std   -I/data/data/com.termux/files/usr/tmp/tmpibtw600x/cmake-4.4.3/Utilities  -c /data/data/com.termux/files/usr/tmp/tmpibtw600x/cmake-4.4.3/Source/cmSetSourceFilesPropertiesCommand.cxx -o cmSetSourceFilesPropertiesCommand.o
            In file included from /data/data/com.termux/files/usr/tmp/tmpibtw600x/cmake-4.4.3/Source/cmSetSourceFilesPropertiesCommand.cxx:10:
            /data/data/com.termux/files/usr/tmp/tmpibtw600x/cmake-4.4.3/Utilities/std/cmext/string_view:28:40: warning: identifier '_s' preceded by whitespace in a literal operator declaration is deprecated [-Wdeprecated-literal-operator]
               28 |   friend static_string_view operator"" _s(char const* data, size_t size);
                  |                             ~~~~~~~~~~~^~
                  |                             operator""_s
            /data/data/com.termux/files/usr/tmp/tmpibtw600x/cmake-4.4.3/Utilities/std/cmext/string_view:32:38: warning: identifier '_s' preceded by whitespace in a literal operator declaration is deprecated [-Wdeprecated-literal-operator]
               32 | inline static_string_view operator"" _s(char const* data, size_t size)
                  |                           ~~~~~~~~~~~^~
                  |                           operator""_s
            /data/data/com.termux/files/usr/tmp/tmpibtw600x/cmake-4.4.3/Utilities/std/cmext/string_view:39:22: warning: identifier '_s' preceded by whitespace in a literal operator declaration is deprecated [-Wdeprecated-literal-operator]
               39 | using cm::operator"" _s;
                  |           ~~~~~~~~~~~^~
                  |           operator""_s
            3 warnings generated.
            g++     -D_FILE_OFFSET_BITS=64 -D_TIME_BITS=64    -DCMAKE_BOOTSTRAP    -DCMake_HAVE_CXX_MAKE_UNIQUE=1 -DCMake_HAVE_CXX_FILESYSTEM=1   -I/data/data/com.termux/files/usr/tmp/tmpibtw600x/cmake-4.4.3/Bootstrap.cmk   -I/data/data/com.termux/files/usr/tmp/tmpibtw600x/cmake-4.4.3/Source   -I/data/data/com.termux/files/usr/tmp/tmpibtw600x/cmake-4.4.3/Source/LexerParser   -I/data/data/com.termux/files/usr/tmp/tmpibtw600x/cmake-4.4.3/Utilities/std   -I/data/data/com.termux/files/usr/tmp/tmpibtw600x/cmake-4.4.3/Utilities  -c /data/data/com.termux/files/usr/tmp/tmpibtw600x/cmake-4.4.3/Source/cmSetTargetPropertiesCommand.cxx -o cmSetTargetPropertiesCommand.o
            g++     -D_FILE_OFFSET_BITS=64 -D_TIME_BITS=64    -DCMAKE_BOOTSTRAP    -DCMake_HAVE_CXX_MAKE_UNIQUE=1 -DCMake_HAVE_CXX_FILESYSTEM=1   -I/data/data/com.termux/files/usr/tmp/tmpibtw600x/cmake-4.4.3/Bootstrap.cmk   -I/data/data/com.termux/files/usr/tmp/tmpibtw600x/cmake-4.4.3/Source   -I/data/data/com.termux/files/usr/tmp/tmpibtw600x/cmake-4.4.3/Source/LexerParser   -I/data/data/com.termux/files/usr/tmp/tmpibtw600x/cmake-4.4.3/Utilities/std   -I/data/data/com.termux/files/usr/tmp/tmpibtw600x/cmake-4.4.3/Utilities  -c /data/data/com.termux/files/usr/tmp/tmpibtw600x/cmake-4.4.3/Source/cmSetTestsPropertiesCommand.cxx -o cmSetTestsPropertiesCommand.o
            In file included from /data/data/com.termux/files/usr/tmp/tmpibtw600x/cmake-4.4.3/Source/cmSetTestsPropertiesCommand.cxx:8:
            /data/data/com.termux/files/usr/tmp/tmpibtw600x/cmake-4.4.3/Utilities/std/cmext/string_view:28:40: warning: identifier '_s' preceded by whitespace in a literal operator declaration is deprecated [-Wdeprecated-literal-operator]
               28 |   friend static_string_view operator"" _s(char const* data, size_t size);
                  |                             ~~~~~~~~~~~^~
                  |                             operator""_s
            /data/data/com.termux/files/usr/tmp/tmpibtw600x/cmake-4.4.3/Utilities/std/cmext/string_view:32:38: warning: identifier '_s' preceded by whitespace in a literal operator declaration is deprecated [-Wdeprecated-literal-operator]
               32 | inline static_string_view operator"" _s(char const* data, size_t size)
                  |                           ~~~~~~~~~~~^~
                  |                           operator""_s
            /data/data/com.termux/files/usr/tmp/tmpibtw600x/cmake-4.4.3/Utilities/std/cmext/string_view:39:22: warning: identifier '_s' preceded by whitespace in a literal operator declaration is deprecated [-Wdeprecated-literal-operator]
               39 | using cm::operator"" _s;
                  |           ~~~~~~~~~~~^~
                  |           operator""_s
            3 warnings generated.
            g++     -D_FILE_OFFSET_BITS=64 -D_TIME_BITS=64    -DCMAKE_BOOTSTRAP    -DCMake_HAVE_CXX_MAKE_UNIQUE=1 -DCMake_HAVE_CXX_FILESYSTEM=1   -I/data/data/com.termux/files/usr/tmp/tmpibtw600x/cmake-4.4.3/Bootstrap.cmk   -I/data/data/com.termux/files/usr/tmp/tmpibtw600x/cmake-4.4.3/Source   -I/data/data/com.termux/files/usr/tmp/tmpibtw600x/cmake-4.4.3/Source/LexerParser   -I/data/data/com.termux/files/usr/tmp/tmpibtw600x/cmake-4.4.3/Utilities/std   -I/data/data/com.termux/files/usr/tmp/tmpibtw600x/cmake-4.4.3/Utilities  -c /data/data/com.termux/files/usr/tmp/tmpibtw600x/cmake-4.4.3/Source/cmSiteNameCommand.cxx -o cmSiteNameCommand.o
            g++     -D_FILE_OFFSET_BITS=64 -D_TIME_BITS=64    -DCMAKE_BOOTSTRAP    -DCMake_HAVE_CXX_MAKE_UNIQUE=1 -DCMake_HAVE_CXX_FILESYSTEM=1   -I/data/data/com.termux/files/usr/tmp/tmpibtw600x/cmake-4.4.3/Bootstrap.cmk   -I/data/data/com.termux/files/usr/tmp/tmpibtw600x/cmake-4.4.3/Source   -I/data/data/com.termux/files/usr/tmp/tmpibtw600x/cmake-4.4.3/Source/LexerParser   -I/data/data/com.termux/files/usr/tmp/tmpibtw600x/cmake-4.4.3/Utilities/std   -I/data/data/com.termux/files/usr/tmp/tmpibtw600x/cmake-4.4.3/Utilities  -c /data/data/com.termux/files/usr/tmp/tmpibtw600x/cmake-4.4.3/Source/cmSourceFile.cxx -o cmSourceFile.o
            In file included from /data/data/com.termux/files/usr/tmp/tmpibtw600x/cmake-4.4.3/Source/cmSourceFile.cxx:8:
            /data/data/com.termux/files/usr/tmp/tmpibtw600x/cmake-4.4.3/Utilities/std/cmext/string_view:28:40: warning: identifier '_s' preceded by whitespace in a literal operator declaration is deprecated [-Wdeprecated-literal-operator]
               28 |   friend static_string_view operator"" _s(char const* data, size_t size);
                  |                             ~~~~~~~~~~~^~
                  |                             operator""_s
            /data/data/com.termux/files/usr/tmp/tmpibtw600x/cmake-4.4.3/Utilities/std/cmext/string_view:32:38: warning: identifier '_s' preceded by whitespace in a literal operator declaration is deprecated [-Wdeprecated-literal-operator]
               32 | inline static_string_view operator"" _s(char const* data, size_t size)
                  |                           ~~~~~~~~~~~^~
                  |                           operator""_s
            /data/data/com.termux/files/usr/tmp/tmpibtw600x/cmake-4.4.3/Utilities/std/cmext/string_view:39:22: warning: identifier '_s' preceded by whitespace in a literal operator declaration is deprecated [-Wdeprecated-literal-operator]
               39 | using cm::operator"" _s;
                  |           ~~~~~~~~~~~^~
                  |           operator""_s
            3 warnings generated.
            g++     -D_FILE_OFFSET_BITS=64 -D_TIME_BITS=64    -DCMAKE_BOOTSTRAP    -DCMake_HAVE_CXX_MAKE_UNIQUE=1 -DCMake_HAVE_CXX_FILESYSTEM=1   -I/data/data/com.termux/files/usr/tmp/tmpibtw600x/cmake-4.4.3/Bootstrap.cmk   -I/data/data/com.termux/files/usr/tmp/tmpibtw600x/cmake-4.4.3/Source   -I/data/data/com.termux/files/usr/tmp/tmpibtw600x/cmake-4.4.3/Source/LexerParser   -I/data/data/com.termux/files/usr/tmp/tmpibtw600x/cmake-4.4.3/Utilities/std   -I/data/data/com.termux/files/usr/tmp/tmpibtw600x/cmake-4.4.3/Utilities  -c /data/data/com.termux/files/usr/tmp/tmpibtw600x/cmake-4.4.3/Source/cmSourceFileLocation.cxx -o cmSourceFileLocation.o
            In file included from /data/data/com.termux/files/usr/tmp/tmpibtw600x/cmake-4.4.3/Source/cmSourceFileLocation.cxx:9:
            In file included from /data/data/com.termux/files/usr/tmp/tmpibtw600x/cmake-4.4.3/Source/cmGlobalGenerator.h:22:
            /data/data/com.termux/files/usr/tmp/tmpibtw600x/cmake-4.4.3/Utilities/std/cmext/string_view:28:40: warning: identifier '_s' preceded by whitespace in a literal operator declaration is deprecated [-Wdeprecated-literal-operator]
               28 |   friend static_string_view operator"" _s(char const* data, size_t size);
                  |                             ~~~~~~~~~~~^~
                  |                             operator""_s
            /data/data/com.termux/files/usr/tmp/tmpibtw600x/cmake-4.4.3/Utilities/std/cmext/string_view:32:38: warning: identifier '_s' preceded by whitespace in a literal operator declaration is deprecated [-Wdeprecated-literal-operator]
               32 | inline static_string_view operator"" _s(char const* data, size_t size)
                  |                           ~~~~~~~~~~~^~
                  |                           operator""_s
            /data/data/com.termux/files/usr/tmp/tmpibtw600x/cmake-4.4.3/Utilities/std/cmext/string_view:39:22: warning: identifier '_s' preceded by whitespace in a literal operator declaration is deprecated [-Wdeprecated-literal-operator]
               39 | using cm::operator"" _s;
                  |           ~~~~~~~~~~~^~
                  |           operator""_s
            3 warnings generated.
            g++     -D_FILE_OFFSET_BITS=64 -D_TIME_BITS=64    -DCMAKE_BOOTSTRAP    -DCMake_HAVE_CXX_MAKE_UNIQUE=1 -DCMake_HAVE_CXX_FILESYSTEM=1   -I/data/data/com.termux/files/usr/tmp/tmpibtw600x/cmake-4.4.3/Bootstrap.cmk   -I/data/data/com.termux/files/usr/tmp/tmpibtw600x/cmake-4.4.3/Source   -I/data/data/com.termux/files/usr/tmp/tmpibtw600x/cmake-4.4.3/Source/LexerParser   -I/data/data/com.termux/files/usr/tmp/tmpibtw600x/cmake-4.4.3/Utilities/std   -I/data/data/com.termux/files/usr/tmp/tmpibtw600x/cmake-4.4.3/Utilities  -c /data/data/com.termux/files/usr/tmp/tmpibtw600x/cmake-4.4.3/Source/cmStandardLevelResolver.cxx -o cmStandardLevelResolver.o
            In file included from /data/data/com.termux/files/usr/tmp/tmpibtw600x/cmake-4.4.3/Source/cmStandardLevelResolver.cxx:19:
            /data/data/com.termux/files/usr/tmp/tmpibtw600x/cmake-4.4.3/Utilities/std/cmext/string_view:28:40: warning: identifier '_s' preceded by whitespace in a literal operator declaration is deprecated [-Wdeprecated-literal-operator]
               28 |   friend static_string_view operator"" _s(char const* data, size_t size);
                  |                             ~~~~~~~~~~~^~
                  |                             operator""_s
            /data/data/com.termux/files/usr/tmp/tmpibtw600x/cmake-4.4.3/Utilities/std/cmext/string_view:32:38: warning: identifier '_s' preceded by whitespace in a literal operator declaration is deprecated [-Wdeprecated-literal-operator]
               32 | inline static_string_view operator"" _s(char const* data, size_t size)
                  |                           ~~~~~~~~~~~^~
                  |                           operator""_s
            /data/data/com.termux/files/usr/tmp/tmpibtw600x/cmake-4.4.3/Utilities/std/cmext/string_view:39:22: warning: identifier '_s' preceded by whitespace in a literal operator declaration is deprecated [-Wdeprecated-literal-operator]
               39 | using cm::operator"" _s;
                  |           ~~~~~~~~~~~^~
                  |           operator""_s
            3 warnings generated.
            g++     -D_FILE_OFFSET_BITS=64 -D_TIME_BITS=64    -DCMAKE_BOOTSTRAP    -DCMake_HAVE_CXX_MAKE_UNIQUE=1 -DCMake_HAVE_CXX_FILESYSTEM=1   -I/data/data/com.termux/files/usr/tmp/tmpibtw600x/cmake-4.4.3/Bootstrap.cmk   -I/data/data/com.termux/files/usr/tmp/tmpibtw600x/cmake-4.4.3/Source   -I/data/data/com.termux/files/usr/tmp/tmpibtw600x/cmake-4.4.3/Source/LexerParser   -I/data/data/com.termux/files/usr/tmp/tmpibtw600x/cmake-4.4.3/Utilities/std   -I/data/data/com.termux/files/usr/tmp/tmpibtw600x/cmake-4.4.3/Utilities  -c /data/data/com.termux/files/usr/tmp/tmpibtw600x/cmake-4.4.3/Source/cmState.cxx -o cmState.o
            In file included from /data/data/com.termux/files/usr/tmp/tmpibtw600x/cmake-4.4.3/Source/cmState.cxx:3:
            In file included from /data/data/com.termux/files/usr/tmp/tmpibtw600x/cmake-4.4.3/Source/cmState.h:18:
            In file included from /data/data/com.termux/files/usr/tmp/tmpibtw600x/cmake-4.4.3/Source/cmDefinitions.h:14:
            In file included from /data/data/com.termux/files/usr/tmp/tmpibtw600x/cmake-4.4.3/Source/cmString.hxx:17:
            /data/data/com.termux/files/usr/tmp/tmpibtw600x/cmake-4.4.3/Utilities/std/cmext/string_view:28:40: warning: identifier '_s' preceded by whitespace in a literal operator declaration is deprecated [-Wdeprecated-literal-operator]
               28 |   friend static_string_view operator"" _s(char const* data, size_t size);
                  |                             ~~~~~~~~~~~^~
                  |                             operator""_s
            /data/data/com.termux/files/usr/tmp/tmpibtw600x/cmake-4.4.3/Utilities/std/cmext/string_view:32:38: warning: identifier '_s' preceded by whitespace in a literal operator declaration is deprecated [-Wdeprecated-literal-operator]
               32 | inline static_string_view operator"" _s(char const* data, size_t size)
                  |                           ~~~~~~~~~~~^~
                  |                           operator""_s
            /data/data/com.termux/files/usr/tmp/tmpibtw600x/cmake-4.4.3/Utilities/std/cmext/string_view:39:22: warning: identifier '_s' preceded by whitespace in a literal operator declaration is deprecated [-Wdeprecated-literal-operator]
               39 | using cm::operator"" _s;
                  |           ~~~~~~~~~~~^~
                  |           operator""_s
            3 warnings generated.
            g++     -D_FILE_OFFSET_BITS=64 -D_TIME_BITS=64    -DCMAKE_BOOTSTRAP    -DCMake_HAVE_CXX_MAKE_UNIQUE=1 -DCMake_HAVE_CXX_FILESYSTEM=1   -I/data/data/com.termux/files/usr/tmp/tmpibtw600x/cmake-4.4.3/Bootstrap.cmk   -I/data/data/com.termux/files/usr/tmp/tmpibtw600x/cmake-4.4.3/Source   -I/data/data/com.termux/files/usr/tmp/tmpibtw600x/cmake-4.4.3/Source/LexerParser   -I/data/data/com.termux/files/usr/tmp/tmpibtw600x/cmake-4.4.3/Utilities/std   -I/data/data/com.termux/files/usr/tmp/tmpibtw600x/cmake-4.4.3/Utilities  -c /data/data/com.termux/files/usr/tmp/tmpibtw600x/cmake-4.4.3/Source/cmStateDirectory.cxx -o cmStateDirectory.o
            In file included from /data/data/com.termux/files/usr/tmp/tmpibtw600x/cmake-4.4.3/Source/cmStateDirectory.cxx:4:
            In file included from /data/data/com.termux/files/usr/tmp/tmpibtw600x/cmake-4.4.3/Source/cmStateDirectory.h:14:
            In file included from /data/data/com.termux/files/usr/tmp/tmpibtw600x/cmake-4.4.3/Source/cmStatePrivate.h:13:
            In file included from /data/data/com.termux/files/usr/tmp/tmpibtw600x/cmake-4.4.3/Source/cmDefinitions.h:14:
            In file included from /data/data/com.termux/files/usr/tmp/tmpibtw600x/cmake-4.4.3/Source/cmString.hxx:17:
            /data/data/com.termux/files/usr/tmp/tmpibtw600x/cmake-4.4.3/Utilities/std/cmext/string_view:28:40: warning: identifier '_s' preceded by whitespace in a literal operator declaration is deprecated [-Wdeprecated-literal-operator]
               28 |   friend static_string_view operator"" _s(char const* data, size_t size);
                  |                             ~~~~~~~~~~~^~
                  |                             operator""_s
            /data/data/com.termux/files/usr/tmp/tmpibtw600x/cmake-4.4.3/Utilities/std/cmext/string_view:32:38: warning: identifier '_s' preceded by whitespace in a literal operator declaration is deprecated [-Wdeprecated-literal-operator]
               32 | inline static_string_view operator"" _s(char const* data, size_t size)
                  |                           ~~~~~~~~~~~^~
                  |                           operator""_s
            /data/data/com.termux/files/usr/tmp/tmpibtw600x/cmake-4.4.3/Utilities/std/cmext/string_view:39:22: warning: identifier '_s' preceded by whitespace in a literal operator declaration is deprecated [-Wdeprecated-literal-operator]
               39 | using cm::operator"" _s;
                  |           ~~~~~~~~~~~^~
                  |           operator""_s
            3 warnings generated.
            g++     -D_FILE_OFFSET_BITS=64 -D_TIME_BITS=64    -DCMAKE_BOOTSTRAP    -DCMake_HAVE_CXX_MAKE_UNIQUE=1 -DCMake_HAVE_CXX_FILESYSTEM=1   -I/data/data/com.termux/files/usr/tmp/tmpibtw600x/cmake-4.4.3/Bootstrap.cmk   -I/data/data/com.termux/files/usr/tmp/tmpibtw600x/cmake-4.4.3/Source   -I/data/data/com.termux/files/usr/tmp/tmpibtw600x/cmake-4.4.3/Source/LexerParser   -I/data/data/com.termux/files/usr/tmp/tmpibtw600x/cmake-4.4.3/Utilities/std   -I/data/data/com.termux/files/usr/tmp/tmpibtw600x/cmake-4.4.3/Utilities  -c /data/data/com.termux/files/usr/tmp/tmpibtw600x/cmake-4.4.3/Source/cmStateSnapshot.cxx -o cmStateSnapshot.o
            In file included from /data/data/com.termux/files/usr/tmp/tmpibtw600x/cmake-4.4.3/Source/cmStateSnapshot.cxx:16:
            In file included from /data/data/com.termux/files/usr/tmp/tmpibtw600x/cmake-4.4.3/Source/cmDefinitions.h:14:
            In file included from /data/data/com.termux/files/usr/tmp/tmpibtw600x/cmake-4.4.3/Source/cmString.hxx:17:
            /data/data/com.termux/files/usr/tmp/tmpibtw600x/cmake-4.4.3/Utilities/std/cmext/string_view:28:40: warning: identifier '_s' preceded by whitespace in a literal operator declaration is deprecated [-Wdeprecated-literal-operator]
               28 |   friend static_string_view operator"" _s(char const* data, size_t size);
                  |                             ~~~~~~~~~~~^~
                  |                             operator""_s
            /data/data/com.termux/files/usr/tmp/tmpibtw600x/cmake-4.4.3/Utilities/std/cmext/string_view:32:38: warning: identifier '_s' preceded by whitespace in a literal operator declaration is deprecated [-Wdeprecated-literal-operator]
               32 | inline static_string_view operator"" _s(char const* data, size_t size)
                  |                           ~~~~~~~~~~~^~
                  |                           operator""_s
            /data/data/com.termux/files/usr/tmp/tmpibtw600x/cmake-4.4.3/Utilities/std/cmext/string_view:39:22: warning: identifier '_s' preceded by whitespace in a literal operator declaration is deprecated [-Wdeprecated-literal-operator]
               39 | using cm::operator"" _s;
                  |           ~~~~~~~~~~~^~
                  |           operator""_s
            3 warnings generated.
            g++     -D_FILE_OFFSET_BITS=64 -D_TIME_BITS=64    -DCMAKE_BOOTSTRAP    -DCMake_HAVE_CXX_MAKE_UNIQUE=1 -DCMake_HAVE_CXX_FILESYSTEM=1   -I/data/data/com.termux/files/usr/tmp/tmpibtw600x/cmake-4.4.3/Bootstrap.cmk   -I/data/data/com.termux/files/usr/tmp/tmpibtw600x/cmake-4.4.3/Source   -I/data/data/com.termux/files/usr/tmp/tmpibtw600x/cmake-4.4.3/Source/LexerParser   -I/data/data/com.termux/files/usr/tmp/tmpibtw600x/cmake-4.4.3/Utilities/std   -I/data/data/com.termux/files/usr/tmp/tmpibtw600x/cmake-4.4.3/Utilities  -c /data/data/com.termux/files/usr/tmp/tmpibtw600x/cmake-4.4.3/Source/cmStdIoConsole.cxx -o cmStdIoConsole.o
            g++     -D_FILE_OFFSET_BITS=64 -D_TIME_BITS=64    -DCMAKE_BOOTSTRAP    -DCMake_HAVE_CXX_MAKE_UNIQUE=1 -DCMake_HAVE_CXX_FILESYSTEM=1   -I/data/data/com.termux/files/usr/tmp/tmpibtw600x/cmake-4.4.3/Bootstrap.cmk   -I/data/data/com.termux/files/usr/tmp/tmpibtw600x/cmake-4.4.3/Source   -I/data/data/com.termux/files/usr/tmp/tmpibtw600x/cmake-4.4.3/Source/LexerParser   -I/data/data/com.termux/files/usr/tmp/tmpibtw600x/cmake-4.4.3/Utilities/std   -I/data/data/com.termux/files/usr/tmp/tmpibtw600x/cmake-4.4.3/Utilities  -c /data/data/com.termux/files/usr/tmp/tmpibtw600x/cmake-4.4.3/Source/cmStdIoInit.cxx -o cmStdIoInit.o
            In file included from /data/data/com.termux/files/usr/tmp/tmpibtw600x/cmake-4.4.3/Source/cmStdIoInit.cxx:21:
            /data/data/com.termux/files/usr/tmp/tmpibtw600x/cmake-4.4.3/Utilities/std/cmext/string_view:28:40: warning: identifier '_s' preceded by whitespace in a literal operator declaration is deprecated [-Wdeprecated-literal-operator]
               28 |   friend static_string_view operator"" _s(char const* data, size_t size);
                  |                             ~~~~~~~~~~~^~
                  |                             operator""_s
            /data/data/com.termux/files/usr/tmp/tmpibtw600x/cmake-4.4.3/Utilities/std/cmext/string_view:32:38: warning: identifier '_s' preceded by whitespace in a literal operator declaration is deprecated [-Wdeprecated-literal-operator]
               32 | inline static_string_view operator"" _s(char const* data, size_t size)
                  |                           ~~~~~~~~~~~^~
                  |                           operator""_s
            /data/data/com.termux/files/usr/tmp/tmpibtw600x/cmake-4.4.3/Utilities/std/cmext/string_view:39:22: warning: identifier '_s' preceded by whitespace in a literal operator declaration is deprecated [-Wdeprecated-literal-operator]
               39 | using cm::operator"" _s;
                  |           ~~~~~~~~~~~^~
                  |           operator""_s
            3 warnings generated.
            g++     -D_FILE_OFFSET_BITS=64 -D_TIME_BITS=64    -DCMAKE_BOOTSTRAP    -DCMake_HAVE_CXX_MAKE_UNIQUE=1 -DCMake_HAVE_CXX_FILESYSTEM=1   -I/data/data/com.termux/files/usr/tmp/tmpibtw600x/cmake-4.4.3/Bootstrap.cmk   -I/data/data/com.termux/files/usr/tmp/tmpibtw600x/cmake-4.4.3/Source   -I/data/data/com.termux/files/usr/tmp/tmpibtw600x/cmake-4.4.3/Source/LexerParser   -I/data/data/com.termux/files/usr/tmp/tmpibtw600x/cmake-4.4.3/Utilities/std   -I/data/data/com.termux/files/usr/tmp/tmpibtw600x/cmake-4.4.3/Utilities  -c /data/data/com.termux/files/usr/tmp/tmpibtw600x/cmake-4.4.3/Source/cmStdIoStream.cxx -o cmStdIoStream.o
            In file included from /data/data/com.termux/files/usr/tmp/tmpibtw600x/cmake-4.4.3/Source/cmStdIoStream.cxx:20:
            /data/data/com.termux/files/usr/tmp/tmpibtw600x/cmake-4.4.3/Utilities/std/cmext/string_view:28:40: warning: identifier '_s' preceded by whitespace in a literal operator declaration is deprecated [-Wdeprecated-literal-operator]
               28 |   friend static_string_view operator"" _s(char const* data, size_t size);
                  |                             ~~~~~~~~~~~^~
                  |                             operator""_s
            /data/data/com.termux/files/usr/tmp/tmpibtw600x/cmake-4.4.3/Utilities/std/cmext/string_view:32:38: warning: identifier '_s' preceded by whitespace in a literal operator declaration is deprecated [-Wdeprecated-literal-operator]
               32 | inline static_string_view operator"" _s(char const* data, size_t size)
                  |                           ~~~~~~~~~~~^~
                  |                           operator""_s
            /data/data/com.termux/files/usr/tmp/tmpibtw600x/cmake-4.4.3/Utilities/std/cmext/string_view:39:22: warning: identifier '_s' preceded by whitespace in a literal operator declaration is deprecated [-Wdeprecated-literal-operator]
               39 | using cm::operator"" _s;
                  |           ~~~~~~~~~~~^~
                  |           operator""_s
            3 warnings generated.
            g++     -D_FILE_OFFSET_BITS=64 -D_TIME_BITS=64    -DCMAKE_BOOTSTRAP    -DCMake_HAVE_CXX_MAKE_UNIQUE=1 -DCMake_HAVE_CXX_FILESYSTEM=1   -I/data/data/com.termux/files/usr/tmp/tmpibtw600x/cmake-4.4.3/Bootstrap.cmk   -I/data/data/com.termux/files/usr/tmp/tmpibtw600x/cmake-4.4.3/Source   -I/data/data/com.termux/files/usr/tmp/tmpibtw600x/cmake-4.4.3/Source/LexerParser   -I/data/data/com.termux/files/usr/tmp/tmpibtw600x/cmake-4.4.3/Utilities/std   -I/data/data/com.termux/files/usr/tmp/tmpibtw600x/cmake-4.4.3/Utilities  -c /data/data/com.termux/files/usr/tmp/tmpibtw600x/cmake-4.4.3/Source/cmStdIoTerminal.cxx -o cmStdIoTerminal.o
            In file included from /data/data/com.termux/files/usr/tmp/tmpibtw600x/cmake-4.4.3/Source/cmStdIoTerminal.cxx:13:
            /data/data/com.termux/files/usr/tmp/tmpibtw600x/cmake-4.4.3/Utilities/std/cmext/string_view:28:40: warning: identifier '_s' preceded by whitespace in a literal operator declaration is deprecated [-Wdeprecated-literal-operator]
               28 |   friend static_string_view operator"" _s(char const* data, size_t size);
                  |                             ~~~~~~~~~~~^~
                  |                             operator""_s
            /data/data/com.termux/files/usr/tmp/tmpibtw600x/cmake-4.4.3/Utilities/std/cmext/string_view:32:38: warning: identifier '_s' preceded by whitespace in a literal operator declaration is deprecated [-Wdeprecated-literal-operator]
               32 | inline static_string_view operator"" _s(char const* data, size_t size)
                  |                           ~~~~~~~~~~~^~
                  |                           operator""_s
            /data/data/com.termux/files/usr/tmp/tmpibtw600x/cmake-4.4.3/Utilities/std/cmext/string_view:39:22: warning: identifier '_s' preceded by whitespace in a literal operator declaration is deprecated [-Wdeprecated-literal-operator]
               39 | using cm::operator"" _s;
                  |           ~~~~~~~~~~~^~
                  |           operator""_s
            3 warnings generated.
            g++     -D_FILE_OFFSET_BITS=64 -D_TIME_BITS=64    -DCMAKE_BOOTSTRAP    -DCMake_HAVE_CXX_MAKE_UNIQUE=1 -DCMake_HAVE_CXX_FILESYSTEM=1   -I/data/data/com.termux/files/usr/tmp/tmpibtw600x/cmake-4.4.3/Bootstrap.cmk   -I/data/data/com.termux/files/usr/tmp/tmpibtw600x/cmake-4.4.3/Source   -I/data/data/com.termux/files/usr/tmp/tmpibtw600x/cmake-4.4.3/Source/LexerParser   -I/data/data/com.termux/files/usr/tmp/tmpibtw600x/cmake-4.4.3/Utilities/std   -I/data/data/com.termux/files/usr/tmp/tmpibtw600x/cmake-4.4.3/Utilities  -c /data/data/com.termux/files/usr/tmp/tmpibtw600x/cmake-4.4.3/Source/cmString.cxx -o cmString.o
            In file included from /data/data/com.termux/files/usr/tmp/tmpibtw600x/cmake-4.4.3/Source/cmString.cxx:6:
            In file included from /data/data/com.termux/files/usr/tmp/tmpibtw600x/cmake-4.4.3/Source/cmString.hxx:17:
            /data/data/com.termux/files/usr/tmp/tmpibtw600x/cmake-4.4.3/Utilities/std/cmext/string_view:28:40: warning: identifier '_s' preceded by whitespace in a literal operator declaration is deprecated [-Wdeprecated-literal-operator]
               28 |   friend static_string_view operator"" _s(char const* data, size_t size);
                  |                             ~~~~~~~~~~~^~
                  |                             operator""_s
            /data/data/com.termux/files/usr/tmp/tmpibtw600x/cmake-4.4.3/Utilities/std/cmext/string_view:32:38: warning: identifier '_s' preceded by whitespace in a literal operator declaration is deprecated [-Wdeprecated-literal-operator]
               32 | inline static_string_view operator"" _s(char const* data, size_t size)
                  |                           ~~~~~~~~~~~^~
                  |                           operator""_s
            /data/data/com.termux/files/usr/tmp/tmpibtw600x/cmake-4.4.3/Utilities/std/cmext/string_view:39:22: warning: identifier '_s' preceded by whitespace in a literal operator declaration is deprecated [-Wdeprecated-literal-operator]
               39 | using cm::operator"" _s;
                  |           ~~~~~~~~~~~^~
                  |           operator""_s
            3 warnings generated.
            g++     -D_FILE_OFFSET_BITS=64 -D_TIME_BITS=64    -DCMAKE_BOOTSTRAP    -DCMake_HAVE_CXX_MAKE_UNIQUE=1 -DCMake_HAVE_CXX_FILESYSTEM=1   -I/data/data/com.termux/files/usr/tmp/tmpibtw600x/cmake-4.4.3/Bootstrap.cmk   -I/data/data/com.termux/files/usr/tmp/tmpibtw600x/cmake-4.4.3/Source   -I/data/data/com.termux/files/usr/tmp/tmpibtw600x/cmake-4.4.3/Source/LexerParser   -I/data/data/com.termux/files/usr/tmp/tmpibtw600x/cmake-4.4.3/Utilities/std   -I/data/data/com.termux/files/usr/tmp/tmpibtw600x/cmake-4.4.3/Utilities  -c /data/data/com.termux/files/usr/tmp/tmpibtw600x/cmake-4.4.3/Source/cmStringAlgorithms.cxx -o cmStringAlgorithms.o
            g++     -D_FILE_OFFSET_BITS=64 -D_TIME_BITS=64    -DCMAKE_BOOTSTRAP    -DCMake_HAVE_CXX_MAKE_UNIQUE=1 -DCMake_HAVE_CXX_FILESYSTEM=1   -I/data/data/com.termux/files/usr/tmp/tmpibtw600x/cmake-4.4.3/Bootstrap.cmk   -I/data/data/com.termux/files/usr/tmp/tmpibtw600x/cmake-4.4.3/Source   -I/data/data/com.termux/files/usr/tmp/tmpibtw600x/cmake-4.4.3/Source/LexerParser   -I/data/data/com.termux/files/usr/tmp/tmpibtw600x/cmake-4.4.3/Utilities/std   -I/data/data/com.termux/files/usr/tmp/tmpibtw600x/cmake-4.4.3/Utilities  -c /data/data/com.termux/files/usr/tmp/tmpibtw600x/cmake-4.4.3/Source/cmStringReplaceHelper.cxx -o cmStringReplaceHelper.o
            g++     -D_FILE_OFFSET_BITS=64 -D_TIME_BITS=64    -DCMAKE_BOOTSTRAP    -DCMake_HAVE_CXX_MAKE_UNIQUE=1 -DCMake_HAVE_CXX_FILESYSTEM=1   -I/data/data/com.termux/files/usr/tmp/tmpibtw600x/cmake-4.4.3/Bootstrap.cmk   -I/data/data/com.termux/files/usr/tmp/tmpibtw600x/cmake-4.4.3/Source   -I/data/data/com.termux/files/usr/tmp/tmpibtw600x/cmake-4.4.3/Source/LexerParser   -I/data/data/com.termux/files/usr/tmp/tmpibtw600x/cmake-4.4.3/Utilities/std   -I/data/data/com.termux/files/usr/tmp/tmpibtw600x/cmake-4.4.3/Utilities  -c /data/data/com.termux/files/usr/tmp/tmpibtw600x/cmake-4.4.3/Source/cmStringCommand.cxx -o cmStringCommand.o
            In file included from /data/data/com.termux/files/usr/tmp/tmpibtw600x/cmake-4.4.3/Source/cmStringCommand.cxx:20:
            /data/data/com.termux/files/usr/tmp/tmpibtw600x/cmake-4.4.3/Utilities/std/cmext/string_view:28:40: warning: identifier '_s' preceded by whitespace in a literal operator declaration is deprecated [-Wdeprecated-literal-operator]
               28 |   friend static_string_view operator"" _s(char const* data, size_t size);
                  |                             ~~~~~~~~~~~^~
                  |                             operator""_s
            /data/data/com.termux/files/usr/tmp/tmpibtw600x/cmake-4.4.3/Utilities/std/cmext/string_view:32:38: warning: identifier '_s' preceded by whitespace in a literal operator declaration is deprecated [-Wdeprecated-literal-operator]
               32 | inline static_string_view operator"" _s(char const* data, size_t size)
                  |                           ~~~~~~~~~~~^~
                  |                           operator""_s
            /data/data/com.termux/files/usr/tmp/tmpibtw600x/cmake-4.4.3/Utilities/std/cmext/string_view:39:22: warning: identifier '_s' preceded by whitespace in a literal operator declaration is deprecated [-Wdeprecated-literal-operator]
               39 | using cm::operator"" _s;
                  |           ~~~~~~~~~~~^~
                  |           operator""_s
            3 warnings generated.
            g++     -D_FILE_OFFSET_BITS=64 -D_TIME_BITS=64    -DCMAKE_BOOTSTRAP    -DCMake_HAVE_CXX_MAKE_UNIQUE=1 -DCMake_HAVE_CXX_FILESYSTEM=1   -I/data/data/com.termux/files/usr/tmp/tmpibtw600x/cmake-4.4.3/Bootstrap.cmk   -I/data/data/com.termux/files/usr/tmp/tmpibtw600x/cmake-4.4.3/Source   -I/data/data/com.termux/files/usr/tmp/tmpibtw600x/cmake-4.4.3/Source/LexerParser   -I/data/data/com.termux/files/usr/tmp/tmpibtw600x/cmake-4.4.3/Utilities/std   -I/data/data/com.termux/files/usr/tmp/tmpibtw600x/cmake-4.4.3/Utilities  -c /data/data/com.termux/files/usr/tmp/tmpibtw600x/cmake-4.4.3/Source/cmSubcommandTable.cxx -o cmSubcommandTable.o
            In file included from /data/data/com.termux/files/usr/tmp/tmpibtw600x/cmake-4.4.3/Source/cmSubcommandTable.cxx:3:
            In file included from /data/data/com.termux/files/usr/tmp/tmpibtw600x/cmake-4.4.3/Source/cmSubcommandTable.h:13:
            /data/data/com.termux/files/usr/tmp/tmpibtw600x/cmake-4.4.3/Utilities/std/cmext/string_view:28:40: warning: identifier '_s' preceded by whitespace in a literal operator declaration is deprecated [-Wdeprecated-literal-operator]
               28 |   friend static_string_view operator"" _s(char const* data, size_t size);
                  |                             ~~~~~~~~~~~^~
                  |                             operator""_s
            /data/data/com.termux/files/usr/tmp/tmpibtw600x/cmake-4.4.3/Utilities/std/cmext/string_view:32:38: warning: identifier '_s' preceded by whitespace in a literal operator declaration is deprecated [-Wdeprecated-literal-operator]
               32 | inline static_string_view operator"" _s(char const* data, size_t size)
                  |                           ~~~~~~~~~~~^~
                  |                           operator""_s
            /data/data/com.termux/files/usr/tmp/tmpibtw600x/cmake-4.4.3/Utilities/std/cmext/string_view:39:22: warning: identifier '_s' preceded by whitespace in a literal operator declaration is deprecated [-Wdeprecated-literal-operator]
               39 | using cm::operator"" _s;
                  |           ~~~~~~~~~~~^~
                  |           operator""_s
            3 warnings generated.
            g++     -D_FILE_OFFSET_BITS=64 -D_TIME_BITS=64    -DCMAKE_BOOTSTRAP    -DCMake_HAVE_CXX_MAKE_UNIQUE=1 -DCMake_HAVE_CXX_FILESYSTEM=1   -I/data/data/com.termux/files/usr/tmp/tmpibtw600x/cmake-4.4.3/Bootstrap.cmk   -I/data/data/com.termux/files/usr/tmp/tmpibtw600x/cmake-4.4.3/Source   -I/data/data/com.termux/files/usr/tmp/tmpibtw600x/cmake-4.4.3/Source/LexerParser   -I/data/data/com.termux/files/usr/tmp/tmpibtw600x/cmake-4.4.3/Utilities/std   -I/data/data/com.termux/files/usr/tmp/tmpibtw600x/cmake-4.4.3/Utilities  -c /data/data/com.termux/files/usr/tmp/tmpibtw600x/cmake-4.4.3/Source/cmSubdirCommand.cxx -o cmSubdirCommand.o
            g++     -D_FILE_OFFSET_BITS=64 -D_TIME_BITS=64    -DCMAKE_BOOTSTRAP    -DCMake_HAVE_CXX_MAKE_UNIQUE=1 -DCMake_HAVE_CXX_FILESYSTEM=1   -I/data/data/com.termux/files/usr/tmp/tmpibtw600x/cmake-4.4.3/Bootstrap.cmk   -I/data/data/com.termux/files/usr/tmp/tmpibtw600x/cmake-4.4.3/Source   -I/data/data/com.termux/files/usr/tmp/tmpibtw600x/cmake-4.4.3/Source/LexerParser   -I/data/data/com.termux/files/usr/tmp/tmpibtw600x/cmake-4.4.3/Utilities/std   -I/data/data/com.termux/files/usr/tmp/tmpibtw600x/cmake-4.4.3/Utilities  -c /data/data/com.termux/files/usr/tmp/tmpibtw600x/cmake-4.4.3/Source/cmSystemTools.cxx -o cmSystemTools.o
            In file included from /data/data/com.termux/files/usr/tmp/tmpibtw600x/cmake-4.4.3/Source/cmSystemTools.cxx:39:
            /data/data/com.termux/files/usr/tmp/tmpibtw600x/cmake-4.4.3/Utilities/std/cmext/string_view:28:40: warning: identifier '_s' preceded by whitespace in a literal operator declaration is deprecated [-Wdeprecated-literal-operator]
               28 |   friend static_string_view operator"" _s(char const* data, size_t size);
                  |                             ~~~~~~~~~~~^~
                  |                             operator""_s
            /data/data/com.termux/files/usr/tmp/tmpibtw600x/cmake-4.4.3/Utilities/std/cmext/string_view:32:38: warning: identifier '_s' preceded by whitespace in a literal operator declaration is deprecated [-Wdeprecated-literal-operator]
               32 | inline static_string_view operator"" _s(char const* data, size_t size)
                  |                           ~~~~~~~~~~~^~
                  |                           operator""_s
            /data/data/com.termux/files/usr/tmp/tmpibtw600x/cmake-4.4.3/Utilities/std/cmext/string_view:39:22: warning: identifier '_s' preceded by whitespace in a literal operator declaration is deprecated [-Wdeprecated-literal-operator]
               39 | using cm::operator"" _s;
                  |           ~~~~~~~~~~~^~
                  |           operator""_s
            3 warnings generated.
            g++     -D_FILE_OFFSET_BITS=64 -D_TIME_BITS=64    -DCMAKE_BOOTSTRAP    -DCMake_HAVE_CXX_MAKE_UNIQUE=1 -DCMake_HAVE_CXX_FILESYSTEM=1   -I/data/data/com.termux/files/usr/tmp/tmpibtw600x/cmake-4.4.3/Bootstrap.cmk   -I/data/data/com.termux/files/usr/tmp/tmpibtw600x/cmake-4.4.3/Source   -I/data/data/com.termux/files/usr/tmp/tmpibtw600x/cmake-4.4.3/Source/LexerParser   -I/data/data/com.termux/files/usr/tmp/tmpibtw600x/cmake-4.4.3/Utilities/std   -I/data/data/com.termux/files/usr/tmp/tmpibtw600x/cmake-4.4.3/Utilities  -c /data/data/com.termux/files/usr/tmp/tmpibtw600x/cmake-4.4.3/Source/cmTarget.cxx -o cmTarget.o
            In file included from /data/data/com.termux/files/usr/tmp/tmpibtw600x/cmake-4.4.3/Source/cmTarget.cxx:18:
            /data/data/com.termux/files/usr/tmp/tmpibtw600x/cmake-4.4.3/Utilities/std/cmext/string_view:28:40: warning: identifier '_s' preceded by whitespace in a literal operator declaration is deprecated [-Wdeprecated-literal-operator]
               28 |   friend static_string_view operator"" _s(char const* data, size_t size);
                  |                             ~~~~~~~~~~~^~
                  |                             operator""_s
            /data/data/com.termux/files/usr/tmp/tmpibtw600x/cmake-4.4.3/Utilities/std/cmext/string_view:32:38: warning: identifier '_s' preceded by whitespace in a literal operator declaration is deprecated [-Wdeprecated-literal-operator]
               32 | inline static_string_view operator"" _s(char const* data, size_t size)
                  |                           ~~~~~~~~~~~^~
                  |                           operator""_s
            /data/data/com.termux/files/usr/tmp/tmpibtw600x/cmake-4.4.3/Utilities/std/cmext/string_view:39:22: warning: identifier '_s' preceded by whitespace in a literal operator declaration is deprecated [-Wdeprecated-literal-operator]
               39 | using cm::operator"" _s;
                  |           ~~~~~~~~~~~^~
                  |           operator""_s
            3 warnings generated.
            g++     -D_FILE_OFFSET_BITS=64 -D_TIME_BITS=64    -DCMAKE_BOOTSTRAP    -DCMake_HAVE_CXX_MAKE_UNIQUE=1 -DCMake_HAVE_CXX_FILESYSTEM=1   -I/data/data/com.termux/files/usr/tmp/tmpibtw600x/cmake-4.4.3/Bootstrap.cmk   -I/data/data/com.termux/files/usr/tmp/tmpibtw600x/cmake-4.4.3/Source   -I/data/data/com.termux/files/usr/tmp/tmpibtw600x/cmake-4.4.3/Source/LexerParser   -I/data/data/com.termux/files/usr/tmp/tmpibtw600x/cmake-4.4.3/Utilities/std   -I/data/data/com.termux/files/usr/tmp/tmpibtw600x/cmake-4.4.3/Utilities  -c /data/data/com.termux/files/usr/tmp/tmpibtw600x/cmake-4.4.3/Source/cmTargetCompileDefinitionsCommand.cxx -o cmTargetCompileDefinitionsCommand.o
            g++     -D_FILE_OFFSET_BITS=64 -D_TIME_BITS=64    -DCMAKE_BOOTSTRAP    -DCMake_HAVE_CXX_MAKE_UNIQUE=1 -DCMake_HAVE_CXX_FILESYSTEM=1   -I/data/data/com.termux/files/usr/tmp/tmpibtw600x/cmake-4.4.3/Bootstrap.cmk   -I/data/data/com.termux/files/usr/tmp/tmpibtw600x/cmake-4.4.3/Source   -I/data/data/com.termux/files/usr/tmp/tmpibtw600x/cmake-4.4.3/Source/LexerParser   -I/data/data/com.termux/files/usr/tmp/tmpibtw600x/cmake-4.4.3/Utilities/std   -I/data/data/com.termux/files/usr/tmp/tmpibtw600x/cmake-4.4.3/Utilities  -c /data/data/com.termux/files/usr/tmp/tmpibtw600x/cmake-4.4.3/Source/cmTargetCompileFeaturesCommand.cxx -o cmTargetCompileFeaturesCommand.o
            g++     -D_FILE_OFFSET_BITS=64 -D_TIME_BITS=64    -DCMAKE_BOOTSTRAP    -DCMake_HAVE_CXX_MAKE_UNIQUE=1 -DCMake_HAVE_CXX_FILESYSTEM=1   -I/data/data/com.termux/files/usr/tmp/tmpibtw600x/cmake-4.4.3/Bootstrap.cmk   -I/data/data/com.termux/files/usr/tmp/tmpibtw600x/cmake-4.4.3/Source   -I/data/data/com.termux/files/usr/tmp/tmpibtw600x/cmake-4.4.3/Source/LexerParser   -I/data/data/com.termux/files/usr/tmp/tmpibtw600x/cmake-4.4.3/Utilities/std   -I/data/data/com.termux/files/usr/tmp/tmpibtw600x/cmake-4.4.3/Utilities  -c /data/data/com.termux/files/usr/tmp/tmpibtw600x/cmake-4.4.3/Source/cmTargetCompileOptionsCommand.cxx -o cmTargetCompileOptionsCommand.o
            g++     -D_FILE_OFFSET_BITS=64 -D_TIME_BITS=64    -DCMAKE_BOOTSTRAP    -DCMake_HAVE_CXX_MAKE_UNIQUE=1 -DCMake_HAVE_CXX_FILESYSTEM=1   -I/data/data/com.termux/files/usr/tmp/tmpibtw600x/cmake-4.4.3/Bootstrap.cmk   -I/data/data/com.termux/files/usr/tmp/tmpibtw600x/cmake-4.4.3/Source   -I/data/data/com.termux/files/usr/tmp/tmpibtw600x/cmake-4.4.3/Source/LexerParser   -I/data/data/com.termux/files/usr/tmp/tmpibtw600x/cmake-4.4.3/Utilities/std   -I/data/data/com.termux/files/usr/tmp/tmpibtw600x/cmake-4.4.3/Utilities  -c /data/data/com.termux/files/usr/tmp/tmpibtw600x/cmake-4.4.3/Source/cmTargetIncludeDirectoriesCommand.cxx -o cmTargetIncludeDirectoriesCommand.o
            g++     -D_FILE_OFFSET_BITS=64 -D_TIME_BITS=64    -DCMAKE_BOOTSTRAP    -DCMake_HAVE_CXX_MAKE_UNIQUE=1 -DCMake_HAVE_CXX_FILESYSTEM=1   -I/data/data/com.termux/files/usr/tmp/tmpibtw600x/cmake-4.4.3/Bootstrap.cmk   -I/data/data/com.termux/files/usr/tmp/tmpibtw600x/cmake-4.4.3/Source   -I/data/data/com.termux/files/usr/tmp/tmpibtw600x/cmake-4.4.3/Source/LexerParser   -I/data/data/com.termux/files/usr/tmp/tmpibtw600x/cmake-4.4.3/Utilities/std   -I/data/data/com.termux/files/usr/tmp/tmpibtw600x/cmake-4.4.3/Utilities  -c /data/data/com.termux/files/usr/tmp/tmpibtw600x/cmake-4.4.3/Source/cmTargetLinkLibrariesCommand.cxx -o cmTargetLinkLibrariesCommand.o
            In file included from /data/data/com.termux/files/usr/tmp/tmpibtw600x/cmake-4.4.3/Source/cmTargetLinkLibrariesCommand.cxx:14:
            /data/data/com.termux/files/usr/tmp/tmpibtw600x/cmake-4.4.3/Utilities/std/cmext/string_view:28:40: warning: identifier '_s' preceded by whitespace in a literal operator declaration is deprecated [-Wdeprecated-literal-operator]
               28 |   friend static_string_view operator"" _s(char const* data, size_t size);
                  |                             ~~~~~~~~~~~^~
                  |                             operator""_s
            /data/data/com.termux/files/usr/tmp/tmpibtw600x/cmake-4.4.3/Utilities/std/cmext/string_view:32:38: warning: identifier '_s' preceded by whitespace in a literal operator declaration is deprecated [-Wdeprecated-literal-operator]
               32 | inline static_string_view operator"" _s(char const* data, size_t size)
                  |                           ~~~~~~~~~~~^~
                  |                           operator""_s
            /data/data/com.termux/files/usr/tmp/tmpibtw600x/cmake-4.4.3/Utilities/std/cmext/string_view:39:22: warning: identifier '_s' preceded by whitespace in a literal operator declaration is deprecated [-Wdeprecated-literal-operator]
               39 | using cm::operator"" _s;
                  |           ~~~~~~~~~~~^~
                  |           operator""_s
            3 warnings generated.
            g++     -D_FILE_OFFSET_BITS=64 -D_TIME_BITS=64    -DCMAKE_BOOTSTRAP    -DCMake_HAVE_CXX_MAKE_UNIQUE=1 -DCMake_HAVE_CXX_FILESYSTEM=1   -I/data/data/com.termux/files/usr/tmp/tmpibtw600x/cmake-4.4.3/Bootstrap.cmk   -I/data/data/com.termux/files/usr/tmp/tmpibtw600x/cmake-4.4.3/Source   -I/data/data/com.termux/files/usr/tmp/tmpibtw600x/cmake-4.4.3/Source/LexerParser   -I/data/data/com.termux/files/usr/tmp/tmpibtw600x/cmake-4.4.3/Utilities/std   -I/data/data/com.termux/files/usr/tmp/tmpibtw600x/cmake-4.4.3/Utilities  -c /data/data/com.termux/files/usr/tmp/tmpibtw600x/cmake-4.4.3/Source/cmTargetLinkOptionsCommand.cxx -o cmTargetLinkOptionsCommand.o
            g++     -D_FILE_OFFSET_BITS=64 -D_TIME_BITS=64    -DCMAKE_BOOTSTRAP    -DCMake_HAVE_CXX_MAKE_UNIQUE=1 -DCMake_HAVE_CXX_FILESYSTEM=1   -I/data/data/com.termux/files/usr/tmp/tmpibtw600x/cmake-4.4.3/Bootstrap.cmk   -I/data/data/com.termux/files/usr/tmp/tmpibtw600x/cmake-4.4.3/Source   -I/data/data/com.termux/files/usr/tmp/tmpibtw600x/cmake-4.4.3/Source/LexerParser   -I/data/data/com.termux/files/usr/tmp/tmpibtw600x/cmake-4.4.3/Utilities/std   -I/data/data/com.termux/files/usr/tmp/tmpibtw600x/cmake-4.4.3/Utilities  -c /data/data/com.termux/files/usr/tmp/tmpibtw600x/cmake-4.4.3/Source/cmTargetPrecompileHeadersCommand.cxx -o cmTargetPrecompileHeadersCommand.o
            g++     -D_FILE_OFFSET_BITS=64 -D_TIME_BITS=64    -DCMAKE_BOOTSTRAP    -DCMake_HAVE_CXX_MAKE_UNIQUE=1 -DCMake_HAVE_CXX_FILESYSTEM=1   -I/data/data/com.termux/files/usr/tmp/tmpibtw600x/cmake-4.4.3/Bootstrap.cmk   -I/data/data/com.termux/files/usr/tmp/tmpibtw600x/cmake-4.4.3/Source   -I/data/data/com.termux/files/usr/tmp/tmpibtw600x/cmake-4.4.3/Source/LexerParser   -I/data/data/com.termux/files/usr/tmp/tmpibtw600x/cmake-4.4.3/Utilities/std   -I/data/data/com.termux/files/usr/tmp/tmpibtw600x/cmake-4.4.3/Utilities  -c /data/data/com.termux/files/usr/tmp/tmpibtw600x/cmake-4.4.3/Source/cmTargetPropCommandBase.cxx -o cmTargetPropCommandBase.o
            In file included from /data/data/com.termux/files/usr/tmp/tmpibtw600x/cmake-4.4.3/Source/cmTargetPropCommandBase.cxx:6:
            In file included from /data/data/com.termux/files/usr/tmp/tmpibtw600x/cmake-4.4.3/Source/cmGlobalGenerator.h:22:
            /data/data/com.termux/files/usr/tmp/tmpibtw600x/cmake-4.4.3/Utilities/std/cmext/string_view:28:40: warning: identifier '_s' preceded by whitespace in a literal operator declaration is deprecated [-Wdeprecated-literal-operator]
               28 |   friend static_string_view operator"" _s(char const* data, size_t size);
                  |                             ~~~~~~~~~~~^~
                  |                             operator""_s
            /data/data/com.termux/files/usr/tmp/tmpibtw600x/cmake-4.4.3/Utilities/std/cmext/string_view:32:38: warning: identifier '_s' preceded by whitespace in a literal operator declaration is deprecated [-Wdeprecated-literal-operator]
               32 | inline static_string_view operator"" _s(char const* data, size_t size)
                  |                           ~~~~~~~~~~~^~
                  |                           operator""_s
            /data/data/com.termux/files/usr/tmp/tmpibtw600x/cmake-4.4.3/Utilities/std/cmext/string_view:39:22: warning: identifier '_s' preceded by whitespace in a literal operator declaration is deprecated [-Wdeprecated-literal-operator]
               39 | using cm::operator"" _s;
                  |           ~~~~~~~~~~~^~
                  |           operator""_s
            3 warnings generated.
            g++     -D_FILE_OFFSET_BITS=64 -D_TIME_BITS=64    -DCMAKE_BOOTSTRAP    -DCMake_HAVE_CXX_MAKE_UNIQUE=1 -DCMake_HAVE_CXX_FILESYSTEM=1   -I/data/data/com.termux/files/usr/tmp/tmpibtw600x/cmake-4.4.3/Bootstrap.cmk   -I/data/data/com.termux/files/usr/tmp/tmpibtw600x/cmake-4.4.3/Source   -I/data/data/com.termux/files/usr/tmp/tmpibtw600x/cmake-4.4.3/Source/LexerParser   -I/data/data/com.termux/files/usr/tmp/tmpibtw600x/cmake-4.4.3/Utilities/std   -I/data/data/com.termux/files/usr/tmp/tmpibtw600x/cmake-4.4.3/Utilities  -c /data/data/com.termux/files/usr/tmp/tmpibtw600x/cmake-4.4.3/Source/cmTargetPropertyComputer.cxx -o cmTargetPropertyComputer.o
            g++     -D_FILE_OFFSET_BITS=64 -D_TIME_BITS=64    -DCMAKE_BOOTSTRAP    -DCMake_HAVE_CXX_MAKE_UNIQUE=1 -DCMake_HAVE_CXX_FILESYSTEM=1   -I/data/data/com.termux/files/usr/tmp/tmpibtw600x/cmake-4.4.3/Bootstrap.cmk   -I/data/data/com.termux/files/usr/tmp/tmpibtw600x/cmake-4.4.3/Source   -I/data/data/com.termux/files/usr/tmp/tmpibtw600x/cmake-4.4.3/Source/LexerParser   -I/data/data/com.termux/files/usr/tmp/tmpibtw600x/cmake-4.4.3/Utilities/std   -I/data/data/com.termux/files/usr/tmp/tmpibtw600x/cmake-4.4.3/Utilities  -c /data/data/com.termux/files/usr/tmp/tmpibtw600x/cmake-4.4.3/Source/cmTargetPropertyEntry.cxx -o cmTargetPropertyEntry.o
            g++     -D_FILE_OFFSET_BITS=64 -D_TIME_BITS=64    -DCMAKE_BOOTSTRAP    -DCMake_HAVE_CXX_MAKE_UNIQUE=1 -DCMake_HAVE_CXX_FILESYSTEM=1   -I/data/data/com.termux/files/usr/tmp/tmpibtw600x/cmake-4.4.3/Bootstrap.cmk   -I/data/data/com.termux/files/usr/tmp/tmpibtw600x/cmake-4.4.3/Source   -I/data/data/com.termux/files/usr/tmp/tmpibtw600x/cmake-4.4.3/Source/LexerParser   -I/data/data/com.termux/files/usr/tmp/tmpibtw600x/cmake-4.4.3/Utilities/std   -I/data/data/com.termux/files/usr/tmp/tmpibtw600x/cmake-4.4.3/Utilities  -c /data/data/com.termux/files/usr/tmp/tmpibtw600x/cmake-4.4.3/Source/cmTargetSourcesCommand.cxx -o cmTargetSourcesCommand.o
            In file included from /data/data/com.termux/files/usr/tmp/tmpibtw600x/cmake-4.4.3/Source/cmTargetSourcesCommand.cxx:9:
            /data/data/com.termux/files/usr/tmp/tmpibtw600x/cmake-4.4.3/Utilities/std/cmext/string_view:28:40: warning: identifier '_s' preceded by whitespace in a literal operator declaration is deprecated [-Wdeprecated-literal-operator]
               28 |   friend static_string_view operator"" _s(char const* data, size_t size);
                  |                             ~~~~~~~~~~~^~
                  |                             operator""_s
            /data/data/com.termux/files/usr/tmp/tmpibtw600x/cmake-4.4.3/Utilities/std/cmext/string_view:32:38: warning: identifier '_s' preceded by whitespace in a literal operator declaration is deprecated [-Wdeprecated-literal-operator]
               32 | inline static_string_view operator"" _s(char const* data, size_t size)
                  |                           ~~~~~~~~~~~^~
                  |                           operator""_s
            /data/data/com.termux/files/usr/tmp/tmpibtw600x/cmake-4.4.3/Utilities/std/cmext/string_view:39:22: warning: identifier '_s' preceded by whitespace in a literal operator declaration is deprecated [-Wdeprecated-literal-operator]
               39 | using cm::operator"" _s;
                  |           ~~~~~~~~~~~^~
                  |           operator""_s
            3 warnings generated.
            g++     -D_FILE_OFFSET_BITS=64 -D_TIME_BITS=64    -DCMAKE_BOOTSTRAP    -DCMake_HAVE_CXX_MAKE_UNIQUE=1 -DCMake_HAVE_CXX_FILESYSTEM=1   -I/data/data/com.termux/files/usr/tmp/tmpibtw600x/cmake-4.4.3/Bootstrap.cmk   -I/data/data/com.termux/files/usr/tmp/tmpibtw600x/cmake-4.4.3/Source   -I/data/data/com.termux/files/usr/tmp/tmpibtw600x/cmake-4.4.3/Source/LexerParser   -I/data/data/com.termux/files/usr/tmp/tmpibtw600x/cmake-4.4.3/Utilities/std   -I/data/data/com.termux/files/usr/tmp/tmpibtw600x/cmake-4.4.3/Utilities  -c /data/data/com.termux/files/usr/tmp/tmpibtw600x/cmake-4.4.3/Source/cmTargetTraceDependencies.cxx -o cmTargetTraceDependencies.o
            In file included from /data/data/com.termux/files/usr/tmp/tmpibtw600x/cmake-4.4.3/Source/cmTargetTraceDependencies.cxx:9:
            /data/data/com.termux/files/usr/tmp/tmpibtw600x/cmake-4.4.3/Utilities/std/cmext/string_view:28:40: warning: identifier '_s' preceded by whitespace in a literal operator declaration is deprecated [-Wdeprecated-literal-operator]
               28 |   friend static_string_view operator"" _s(char const* data, size_t size);
                  |                             ~~~~~~~~~~~^~
                  |                             operator""_s
            /data/data/com.termux/files/usr/tmp/tmpibtw600x/cmake-4.4.3/Utilities/std/cmext/string_view:32:38: warning: identifier '_s' preceded by whitespace in a literal operator declaration is deprecated [-Wdeprecated-literal-operator]
               32 | inline static_string_view operator"" _s(char const* data, size_t size)
                  |                           ~~~~~~~~~~~^~
                  |                           operator""_s
            /data/data/com.termux/files/usr/tmp/tmpibtw600x/cmake-4.4.3/Utilities/std/cmext/string_view:39:22: warning: identifier '_s' preceded by whitespace in a literal operator declaration is deprecated [-Wdeprecated-literal-operator]
               39 | using cm::operator"" _s;
                  |           ~~~~~~~~~~~^~
                  |           operator""_s
            3 warnings generated.
            g++     -D_FILE_OFFSET_BITS=64 -D_TIME_BITS=64    -DCMAKE_BOOTSTRAP    -DCMake_HAVE_CXX_MAKE_UNIQUE=1 -DCMake_HAVE_CXX_FILESYSTEM=1   -I/data/data/com.termux/files/usr/tmp/tmpibtw600x/cmake-4.4.3/Bootstrap.cmk   -I/data/data/com.termux/files/usr/tmp/tmpibtw600x/cmake-4.4.3/Source   -I/data/data/com.termux/files/usr/tmp/tmpibtw600x/cmake-4.4.3/Source/LexerParser   -I/data/data/com.termux/files/usr/tmp/tmpibtw600x/cmake-4.4.3/Utilities/std   -I/data/data/com.termux/files/usr/tmp/tmpibtw600x/cmake-4.4.3/Utilities  -c /data/data/com.termux/files/usr/tmp/tmpibtw600x/cmake-4.4.3/Source/cmTest.cxx -o cmTest.o
            In file included from /data/data/com.termux/files/usr/tmp/tmpibtw600x/cmake-4.4.3/Source/cmTest.cxx:9:
            In file included from /data/data/com.termux/files/usr/tmp/tmpibtw600x/cmake-4.4.3/Source/cmState.h:18:
            In file included from /data/data/com.termux/files/usr/tmp/tmpibtw600x/cmake-4.4.3/Source/cmDefinitions.h:14:
            In file included from /data/data/com.termux/files/usr/tmp/tmpibtw600x/cmake-4.4.3/Source/cmString.hxx:17:
            /data/data/com.termux/files/usr/tmp/tmpibtw600x/cmake-4.4.3/Utilities/std/cmext/string_view:28:40: warning: identifier '_s' preceded by whitespace in a literal operator declaration is deprecated [-Wdeprecated-literal-operator]
               28 |   friend static_string_view operator"" _s(char const* data, size_t size);
                  |                             ~~~~~~~~~~~^~
                  |                             operator""_s
            /data/data/com.termux/files/usr/tmp/tmpibtw600x/cmake-4.4.3/Utilities/std/cmext/string_view:32:38: warning: identifier '_s' preceded by whitespace in a literal operator declaration is deprecated [-Wdeprecated-literal-operator]
               32 | inline static_string_view operator"" _s(char const* data, size_t size)
                  |                           ~~~~~~~~~~~^~
                  |                           operator""_s
            /data/data/com.termux/files/usr/tmp/tmpibtw600x/cmake-4.4.3/Utilities/std/cmext/string_view:39:22: warning: identifier '_s' preceded by whitespace in a literal operator declaration is deprecated [-Wdeprecated-literal-operator]
               39 | using cm::operator"" _s;
                  |           ~~~~~~~~~~~^~
                  |           operator""_s
            3 warnings generated.
            g++     -D_FILE_OFFSET_BITS=64 -D_TIME_BITS=64    -DCMAKE_BOOTSTRAP    -DCMake_HAVE_CXX_MAKE_UNIQUE=1 -DCMake_HAVE_CXX_FILESYSTEM=1   -I/data/data/com.termux/files/usr/tmp/tmpibtw600x/cmake-4.4.3/Bootstrap.cmk   -I/data/data/com.termux/files/usr/tmp/tmpibtw600x/cmake-4.4.3/Source   -I/data/data/com.termux/files/usr/tmp/tmpibtw600x/cmake-4.4.3/Source/LexerParser   -I/data/data/com.termux/files/usr/tmp/tmpibtw600x/cmake-4.4.3/Utilities/std   -I/data/data/com.termux/files/usr/tmp/tmpibtw600x/cmake-4.4.3/Utilities  -c /data/data/com.termux/files/usr/tmp/tmpibtw600x/cmake-4.4.3/Source/cmTestGenerator.cxx -o cmTestGenerator.o
            In file included from /data/data/com.termux/files/usr/tmp/tmpibtw600x/cmake-4.4.3/Source/cmTestGenerator.cxx:15:
            In file included from /data/data/com.termux/files/usr/tmp/tmpibtw600x/cmake-4.4.3/Source/cmGlobalGenerator.h:22:
            /data/data/com.termux/files/usr/tmp/tmpibtw600x/cmake-4.4.3/Utilities/std/cmext/string_view:28:40: warning: identifier '_s' preceded by whitespace in a literal operator declaration is deprecated [-Wdeprecated-literal-operator]
               28 |   friend static_string_view operator"" _s(char const* data, size_t size);
                  |                             ~~~~~~~~~~~^~
                  |                             operator""_s
            /data/data/com.termux/files/usr/tmp/tmpibtw600x/cmake-4.4.3/Utilities/std/cmext/string_view:32:38: warning: identifier '_s' preceded by whitespace in a literal operator declaration is deprecated [-Wdeprecated-literal-operator]
               32 | inline static_string_view operator"" _s(char const* data, size_t size)
                  |                           ~~~~~~~~~~~^~
                  |                           operator""_s
            /data/data/com.termux/files/usr/tmp/tmpibtw600x/cmake-4.4.3/Utilities/std/cmext/string_view:39:22: warning: identifier '_s' preceded by whitespace in a literal operator declaration is deprecated [-Wdeprecated-literal-operator]
               39 | using cm::operator"" _s;
                  |           ~~~~~~~~~~~^~
                  |           operator""_s
            3 warnings generated.
            g++     -D_FILE_OFFSET_BITS=64 -D_TIME_BITS=64    -DCMAKE_BOOTSTRAP    -DCMake_HAVE_CXX_MAKE_UNIQUE=1 -DCMake_HAVE_CXX_FILESYSTEM=1   -I/data/data/com.termux/files/usr/tmp/tmpibtw600x/cmake-4.4.3/Bootstrap.cmk   -I/data/data/com.termux/files/usr/tmp/tmpibtw600x/cmake-4.4.3/Source   -I/data/data/com.termux/files/usr/tmp/tmpibtw600x/cmake-4.4.3/Source/LexerParser   -I/data/data/com.termux/files/usr/tmp/tmpibtw600x/cmake-4.4.3/Utilities/std   -I/data/data/com.termux/files/usr/tmp/tmpibtw600x/cmake-4.4.3/Utilities  -c /data/data/com.termux/files/usr/tmp/tmpibtw600x/cmake-4.4.3/Source/cmTimestamp.cxx -o cmTimestamp.o
            g++     -D_FILE_OFFSET_BITS=64 -D_TIME_BITS=64    -DCMAKE_BOOTSTRAP    -DCMake_HAVE_CXX_MAKE_UNIQUE=1 -DCMake_HAVE_CXX_FILESYSTEM=1   -I/data/data/com.termux/files/usr/tmp/tmpibtw600x/cmake-4.4.3/Bootstrap.cmk   -I/data/data/com.termux/files/usr/tmp/tmpibtw600x/cmake-4.4.3/Source   -I/data/data/com.termux/files/usr/tmp/tmpibtw600x/cmake-4.4.3/Source/LexerParser   -I/data/data/com.termux/files/usr/tmp/tmpibtw600x/cmake-4.4.3/Utilities/std   -I/data/data/com.termux/files/usr/tmp/tmpibtw600x/cmake-4.4.3/Utilities  -c /data/data/com.termux/files/usr/tmp/tmpibtw600x/cmake-4.4.3/Source/cmTransformDepfile.cxx -o cmTransformDepfile.o
            In file included from /data/data/com.termux/files/usr/tmp/tmpibtw600x/cmake-4.4.3/Source/cmTransformDepfile.cxx:17:
            In file included from /data/data/com.termux/files/usr/tmp/tmpibtw600x/cmake-4.4.3/Source/cmGlobalGenerator.h:22:
            /data/data/com.termux/files/usr/tmp/tmpibtw600x/cmake-4.4.3/Utilities/std/cmext/string_view:28:40: warning: identifier '_s' preceded by whitespace in a literal operator declaration is deprecated [-Wdeprecated-literal-operator]
               28 |   friend static_string_view operator"" _s(char const* data, size_t size);
                  |                             ~~~~~~~~~~~^~
                  |                             operator""_s
            /data/data/com.termux/files/usr/tmp/tmpibtw600x/cmake-4.4.3/Utilities/std/cmext/string_view:32:38: warning: identifier '_s' preceded by whitespace in a literal operator declaration is deprecated [-Wdeprecated-literal-operator]
               32 | inline static_string_view operator"" _s(char const* data, size_t size)
                  |                           ~~~~~~~~~~~^~
                  |                           operator""_s
            /data/data/com.termux/files/usr/tmp/tmpibtw600x/cmake-4.4.3/Utilities/std/cmext/string_view:39:22: warning: identifier '_s' preceded by whitespace in a literal operator declaration is deprecated [-Wdeprecated-literal-operator]
               39 | using cm::operator"" _s;
                  |           ~~~~~~~~~~~^~
                  |           operator""_s
            3 warnings generated.
            g++     -D_FILE_OFFSET_BITS=64 -D_TIME_BITS=64    -DCMAKE_BOOTSTRAP    -DCMake_HAVE_CXX_MAKE_UNIQUE=1 -DCMake_HAVE_CXX_FILESYSTEM=1   -I/data/data/com.termux/files/usr/tmp/tmpibtw600x/cmake-4.4.3/Bootstrap.cmk   -I/data/data/com.termux/files/usr/tmp/tmpibtw600x/cmake-4.4.3/Source   -I/data/data/com.termux/files/usr/tmp/tmpibtw600x/cmake-4.4.3/Source/LexerParser   -I/data/data/com.termux/files/usr/tmp/tmpibtw600x/cmake-4.4.3/Utilities/std   -I/data/data/com.termux/files/usr/tmp/tmpibtw600x/cmake-4.4.3/Utilities  -c /data/data/com.termux/files/usr/tmp/tmpibtw600x/cmake-4.4.3/Source/cmTryCompileCommand.cxx -o cmTryCompileCommand.o
            In file included from /data/data/com.termux/files/usr/tmp/tmpibtw600x/cmake-4.4.3/Source/cmTryCompileCommand.cxx:8:
            In file included from /data/data/com.termux/files/usr/tmp/tmpibtw600x/cmake-4.4.3/Source/cmCoreTryCompile.h:15:
            In file included from /data/data/com.termux/files/usr/tmp/tmpibtw600x/cmake-4.4.3/Source/cmArgumentParser.h:19:
            /data/data/com.termux/files/usr/tmp/tmpibtw600x/cmake-4.4.3/Utilities/std/cmext/string_view:28:40: warning: identifier '_s' preceded by whitespace in a literal operator declaration is deprecated [-Wdeprecated-literal-operator]
               28 |   friend static_string_view operator"" _s(char const* data, size_t size);
                  |                             ~~~~~~~~~~~^~
                  |                             operator""_s
            /data/data/com.termux/files/usr/tmp/tmpibtw600x/cmake-4.4.3/Utilities/std/cmext/string_view:32:38: warning: identifier '_s' preceded by whitespace in a literal operator declaration is deprecated [-Wdeprecated-literal-operator]
               32 | inline static_string_view operator"" _s(char const* data, size_t size)
                  |                           ~~~~~~~~~~~^~
                  |                           operator""_s
            /data/data/com.termux/files/usr/tmp/tmpibtw600x/cmake-4.4.3/Utilities/std/cmext/string_view:39:22: warning: identifier '_s' preceded by whitespace in a literal operator declaration is deprecated [-Wdeprecated-literal-operator]
               39 | using cm::operator"" _s;
                  |           ~~~~~~~~~~~^~
                  |           operator""_s
            3 warnings generated.
            g++     -D_FILE_OFFSET_BITS=64 -D_TIME_BITS=64    -DCMAKE_BOOTSTRAP    -DCMake_HAVE_CXX_MAKE_UNIQUE=1 -DCMake_HAVE_CXX_FILESYSTEM=1   -I/data/data/com.termux/files/usr/tmp/tmpibtw600x/cmake-4.4.3/Bootstrap.cmk   -I/data/data/com.termux/files/usr/tmp/tmpibtw600x/cmake-4.4.3/Source   -I/data/data/com.termux/files/usr/tmp/tmpibtw600x/cmake-4.4.3/Source/LexerParser   -I/data/data/com.termux/files/usr/tmp/tmpibtw600x/cmake-4.4.3/Utilities/std   -I/data/data/com.termux/files/usr/tmp/tmpibtw600x/cmake-4.4.3/Utilities  -c /data/data/com.termux/files/usr/tmp/tmpibtw600x/cmake-4.4.3/Source/cmTryRunCommand.cxx -o cmTryRunCommand.o
            In file included from /data/data/com.termux/files/usr/tmp/tmpibtw600x/cmake-4.4.3/Source/cmTryRunCommand.cxx:8:
            /data/data/com.termux/files/usr/tmp/tmpibtw600x/cmake-4.4.3/Utilities/std/cmext/string_view:28:40: warning: identifier '_s' preceded by whitespace in a literal operator declaration is deprecated [-Wdeprecated-literal-operator]
               28 |   friend static_string_view operator"" _s(char const* data, size_t size);
                  |                             ~~~~~~~~~~~^~
                  |                             operator""_s
            /data/data/com.termux/files/usr/tmp/tmpibtw600x/cmake-4.4.3/Utilities/std/cmext/string_view:32:38: warning: identifier '_s' preceded by whitespace in a literal operator declaration is deprecated [-Wdeprecated-literal-operator]
               32 | inline static_string_view operator"" _s(char const* data, size_t size)
                  |                           ~~~~~~~~~~~^~
                  |                           operator""_s
            /data/data/com.termux/files/usr/tmp/tmpibtw600x/cmake-4.4.3/Utilities/std/cmext/string_view:39:22: warning: identifier '_s' preceded by whitespace in a literal operator declaration is deprecated [-Wdeprecated-literal-operator]
               39 | using cm::operator"" _s;
                  |           ~~~~~~~~~~~^~
                  |           operator""_s
            3 warnings generated.
            g++     -D_FILE_OFFSET_BITS=64 -D_TIME_BITS=64    -DCMAKE_BOOTSTRAP    -DCMake_HAVE_CXX_MAKE_UNIQUE=1 -DCMake_HAVE_CXX_FILESYSTEM=1   -I/data/data/com.termux/files/usr/tmp/tmpibtw600x/cmake-4.4.3/Bootstrap.cmk   -I/data/data/com.termux/files/usr/tmp/tmpibtw600x/cmake-4.4.3/Source   -I/data/data/com.termux/files/usr/tmp/tmpibtw600x/cmake-4.4.3/Source/LexerParser   -I/data/data/com.termux/files/usr/tmp/tmpibtw600x/cmake-4.4.3/Utilities/std   -I/data/data/com.termux/files/usr/tmp/tmpibtw600x/cmake-4.4.3/Utilities  -c /data/data/com.termux/files/usr/tmp/tmpibtw600x/cmake-4.4.3/Source/cmUnsetCommand.cxx -o cmUnsetCommand.o
            g++     -D_FILE_OFFSET_BITS=64 -D_TIME_BITS=64    -DCMAKE_BOOTSTRAP    -DCMake_HAVE_CXX_MAKE_UNIQUE=1 -DCMake_HAVE_CXX_FILESYSTEM=1   -I/data/data/com.termux/files/usr/tmp/tmpibtw600x/cmake-4.4.3/Bootstrap.cmk   -I/data/data/com.termux/files/usr/tmp/tmpibtw600x/cmake-4.4.3/Source   -I/data/data/com.termux/files/usr/tmp/tmpibtw600x/cmake-4.4.3/Source/LexerParser   -I/data/data/com.termux/files/usr/tmp/tmpibtw600x/cmake-4.4.3/Utilities/std   -I/data/data/com.termux/files/usr/tmp/tmpibtw600x/cmake-4.4.3/Utilities  -c /data/data/com.termux/files/usr/tmp/tmpibtw600x/cmake-4.4.3/Source/cmUVHandlePtr.cxx -o cmUVHandlePtr.o
            g++     -D_FILE_OFFSET_BITS=64 -D_TIME_BITS=64    -DCMAKE_BOOTSTRAP    -DCMake_HAVE_CXX_MAKE_UNIQUE=1 -DCMake_HAVE_CXX_FILESYSTEM=1   -I/data/data/com.termux/files/usr/tmp/tmpibtw600x/cmake-4.4.3/Bootstrap.cmk   -I/data/data/com.termux/files/usr/tmp/tmpibtw600x/cmake-4.4.3/Source   -I/data/data/com.termux/files/usr/tmp/tmpibtw600x/cmake-4.4.3/Source/LexerParser   -I/data/data/com.termux/files/usr/tmp/tmpibtw600x/cmake-4.4.3/Utilities/std   -I/data/data/com.termux/files/usr/tmp/tmpibtw600x/cmake-4.4.3/Utilities  -c /data/data/com.termux/files/usr/tmp/tmpibtw600x/cmake-4.4.3/Source/cmUVProcessChain.cxx -o cmUVProcessChain.o
            g++     -D_FILE_OFFSET_BITS=64 -D_TIME_BITS=64    -DCMAKE_BOOTSTRAP    -DCMake_HAVE_CXX_MAKE_UNIQUE=1 -DCMake_HAVE_CXX_FILESYSTEM=1   -I/data/data/com.termux/files/usr/tmp/tmpibtw600x/cmake-4.4.3/Bootstrap.cmk   -I/data/data/com.termux/files/usr/tmp/tmpibtw600x/cmake-4.4.3/Source   -I/data/data/com.termux/files/usr/tmp/tmpibtw600x/cmake-4.4.3/Source/LexerParser   -I/data/data/com.termux/files/usr/tmp/tmpibtw600x/cmake-4.4.3/Utilities/std   -I/data/data/com.termux/files/usr/tmp/tmpibtw600x/cmake-4.4.3/Utilities  -c /data/data/com.termux/files/usr/tmp/tmpibtw600x/cmake-4.4.3/Source/cmVersion.cxx -o cmVersion.o
            g++     -D_FILE_OFFSET_BITS=64 -D_TIME_BITS=64    -DCMAKE_BOOTSTRAP    -DCMake_HAVE_CXX_MAKE_UNIQUE=1 -DCMake_HAVE_CXX_FILESYSTEM=1   -I/data/data/com.termux/files/usr/tmp/tmpibtw600x/cmake-4.4.3/Bootstrap.cmk   -I/data/data/com.termux/files/usr/tmp/tmpibtw600x/cmake-4.4.3/Source   -I/data/data/com.termux/files/usr/tmp/tmpibtw600x/cmake-4.4.3/Source/LexerParser   -I/data/data/com.termux/files/usr/tmp/tmpibtw600x/cmake-4.4.3/Utilities/std   -I/data/data/com.termux/files/usr/tmp/tmpibtw600x/cmake-4.4.3/Utilities  -c /data/data/com.termux/files/usr/tmp/tmpibtw600x/cmake-4.4.3/Source/cmWhileCommand.cxx -o cmWhileCommand.o
            In file included from /data/data/com.termux/files/usr/tmp/tmpibtw600x/cmake-4.4.3/Source/cmWhileCommand.cxx:10:
            /data/data/com.termux/files/usr/tmp/tmpibtw600x/cmake-4.4.3/Utilities/std/cmext/string_view:28:40: warning: identifier '_s' preceded by whitespace in a literal operator declaration is deprecated [-Wdeprecated-literal-operator]
               28 |   friend static_string_view operator"" _s(char const* data, size_t size);
                  |                             ~~~~~~~~~~~^~
                  |                             operator""_s
            /data/data/com.termux/files/usr/tmp/tmpibtw600x/cmake-4.4.3/Utilities/std/cmext/string_view:32:38: warning: identifier '_s' preceded by whitespace in a literal operator declaration is deprecated [-Wdeprecated-literal-operator]
               32 | inline static_string_view operator"" _s(char const* data, size_t size)
                  |                           ~~~~~~~~~~~^~
                  |                           operator""_s
            /data/data/com.termux/files/usr/tmp/tmpibtw600x/cmake-4.4.3/Utilities/std/cmext/string_view:39:22: warning: identifier '_s' preceded by whitespace in a literal operator declaration is deprecated [-Wdeprecated-literal-operator]
               39 | using cm::operator"" _s;
                  |           ~~~~~~~~~~~^~
                  |           operator""_s
            3 warnings generated.
            g++     -D_FILE_OFFSET_BITS=64 -D_TIME_BITS=64    -DCMAKE_BOOTSTRAP    -DCMake_HAVE_CXX_MAKE_UNIQUE=1 -DCMake_HAVE_CXX_FILESYSTEM=1   -I/data/data/com.termux/files/usr/tmp/tmpibtw600x/cmake-4.4.3/Bootstrap.cmk   -I/data/data/com.termux/files/usr/tmp/tmpibtw600x/cmake-4.4.3/Source   -I/data/data/com.termux/files/usr/tmp/tmpibtw600x/cmake-4.4.3/Source/LexerParser   -I/data/data/com.termux/files/usr/tmp/tmpibtw600x/cmake-4.4.3/Utilities/std   -I/data/data/com.termux/files/usr/tmp/tmpibtw600x/cmake-4.4.3/Utilities  -c /data/data/com.termux/files/usr/tmp/tmpibtw600x/cmake-4.4.3/Source/cmWindowsRegistry.cxx -o cmWindowsRegistry.o
            In file included from /data/data/com.termux/files/usr/tmp/tmpibtw600x/cmake-4.4.3/Source/cmWindowsRegistry.cxx:5:
            In file included from /data/data/com.termux/files/usr/tmp/tmpibtw600x/cmake-4.4.3/Source/cmWindowsRegistry.h:14:
            /data/data/com.termux/files/usr/tmp/tmpibtw600x/cmake-4.4.3/Utilities/std/cmext/string_view:28:40: warning: identifier '_s' preceded by whitespace in a literal operator declaration is deprecated [-Wdeprecated-literal-operator]
               28 |   friend static_string_view operator"" _s(char const* data, size_t size);
                  |                             ~~~~~~~~~~~^~
                  |                             operator""_s
            /data/data/com.termux/files/usr/tmp/tmpibtw600x/cmake-4.4.3/Utilities/std/cmext/string_view:32:38: warning: identifier '_s' preceded by whitespace in a literal operator declaration is deprecated [-Wdeprecated-literal-operator]
               32 | inline static_string_view operator"" _s(char const* data, size_t size)
                  |                           ~~~~~~~~~~~^~
                  |                           operator""_s
            /data/data/com.termux/files/usr/tmp/tmpibtw600x/cmake-4.4.3/Utilities/std/cmext/string_view:39:22: warning: identifier '_s' preceded by whitespace in a literal operator declaration is deprecated [-Wdeprecated-literal-operator]
               39 | using cm::operator"" _s;
                  |           ~~~~~~~~~~~^~
                  |           operator""_s
            3 warnings generated.
            g++     -D_FILE_OFFSET_BITS=64 -D_TIME_BITS=64    -DCMAKE_BOOTSTRAP    -DCMake_HAVE_CXX_MAKE_UNIQUE=1 -DCMake_HAVE_CXX_FILESYSTEM=1   -I/data/data/com.termux/files/usr/tmp/tmpibtw600x/cmake-4.4.3/Bootstrap.cmk   -I/data/data/com.termux/files/usr/tmp/tmpibtw600x/cmake-4.4.3/Source   -I/data/data/com.termux/files/usr/tmp/tmpibtw600x/cmake-4.4.3/Source/LexerParser   -I/data/data/com.termux/files/usr/tmp/tmpibtw600x/cmake-4.4.3/Utilities/std   -I/data/data/com.termux/files/usr/tmp/tmpibtw600x/cmake-4.4.3/Utilities  -c /data/data/com.termux/files/usr/tmp/tmpibtw600x/cmake-4.4.3/Source/cmWorkingDirectory.cxx -o cmWorkingDirectory.o
            g++     -D_FILE_OFFSET_BITS=64 -D_TIME_BITS=64    -DCMAKE_BOOTSTRAP    -DCMake_HAVE_CXX_MAKE_UNIQUE=1 -DCMake_HAVE_CXX_FILESYSTEM=1   -I/data/data/com.termux/files/usr/tmp/tmpibtw600x/cmake-4.4.3/Bootstrap.cmk   -I/data/data/com.termux/files/usr/tmp/tmpibtw600x/cmake-4.4.3/Source   -I/data/data/com.termux/files/usr/tmp/tmpibtw600x/cmake-4.4.3/Source/LexerParser   -I/data/data/com.termux/files/usr/tmp/tmpibtw600x/cmake-4.4.3/Utilities/std   -I/data/data/com.termux/files/usr/tmp/tmpibtw600x/cmake-4.4.3/Utilities  -c /data/data/com.termux/files/usr/tmp/tmpibtw600x/cmake-4.4.3/Source/cmXcFramework.cxx -o cmXcFramework.o
            In file included from /data/data/com.termux/files/usr/tmp/tmpibtw600x/cmake-4.4.3/Source/cmXcFramework.cxx:8:
            /data/data/com.termux/files/usr/tmp/tmpibtw600x/cmake-4.4.3/Utilities/std/cmext/string_view:28:40: warning: identifier '_s' preceded by whitespace in a literal operator declaration is deprecated [-Wdeprecated-literal-operator]
               28 |   friend static_string_view operator"" _s(char const* data, size_t size);
                  |                             ~~~~~~~~~~~^~
                  |                             operator""_s
            /data/data/com.termux/files/usr/tmp/tmpibtw600x/cmake-4.4.3/Utilities/std/cmext/string_view:32:38: warning: identifier '_s' preceded by whitespace in a literal operator declaration is deprecated [-Wdeprecated-literal-operator]
               32 | inline static_string_view operator"" _s(char const* data, size_t size)
                  |                           ~~~~~~~~~~~^~
                  |                           operator""_s
            /data/data/com.termux/files/usr/tmp/tmpibtw600x/cmake-4.4.3/Utilities/std/cmext/string_view:39:22: warning: identifier '_s' preceded by whitespace in a literal operator declaration is deprecated [-Wdeprecated-literal-operator]
               39 | using cm::operator"" _s;
                  |           ~~~~~~~~~~~^~
                  |           operator""_s
            3 warnings generated.
            g++     -D_FILE_OFFSET_BITS=64 -D_TIME_BITS=64    -DCMAKE_BOOTSTRAP    -DCMake_HAVE_CXX_MAKE_UNIQUE=1 -DCMake_HAVE_CXX_FILESYSTEM=1   -I/data/data/com.termux/files/usr/tmp/tmpibtw600x/cmake-4.4.3/Bootstrap.cmk   -I/data/data/com.termux/files/usr/tmp/tmpibtw600x/cmake-4.4.3/Source   -I/data/data/com.termux/files/usr/tmp/tmpibtw600x/cmake-4.4.3/Source/LexerParser   -I/data/data/com.termux/files/usr/tmp/tmpibtw600x/cmake-4.4.3/Utilities/std   -I/data/data/com.termux/files/usr/tmp/tmpibtw600x/cmake-4.4.3/Utilities  -c /data/data/com.termux/files/usr/tmp/tmpibtw600x/cmake-4.4.3/Source/cmake.cxx -o cmake.o
            In file included from /data/data/com.termux/files/usr/tmp/tmpibtw600x/cmake-4.4.3/Source/cmake.cxx:3:
            In file included from /data/data/com.termux/files/usr/tmp/tmpibtw600x/cmake-4.4.3/Source/cmake.h:19:
            /data/data/com.termux/files/usr/tmp/tmpibtw600x/cmake-4.4.3/Utilities/std/cmext/string_view:28:40: warning: identifier '_s' preceded by whitespace in a literal operator declaration is deprecated [-Wdeprecated-literal-operator]
               28 |   friend static_string_view operator"" _s(char const* data, size_t size);
                  |                             ~~~~~~~~~~~^~
                  |                             operator""_s
            /data/data/com.termux/files/usr/tmp/tmpibtw600x/cmake-4.4.3/Utilities/std/cmext/string_view:32:38: warning: identifier '_s' preceded by whitespace in a literal operator declaration is deprecated [-Wdeprecated-literal-operator]
               32 | inline static_string_view operator"" _s(char const* data, size_t size)
                  |                           ~~~~~~~~~~~^~
                  |                           operator""_s
            /data/data/com.termux/files/usr/tmp/tmpibtw600x/cmake-4.4.3/Utilities/std/cmext/string_view:39:22: warning: identifier '_s' preceded by whitespace in a literal operator declaration is deprecated [-Wdeprecated-literal-operator]
               39 | using cm::operator"" _s;
                  |           ~~~~~~~~~~~^~
                  |           operator""_s
            3 warnings generated.
            g++     -D_FILE_OFFSET_BITS=64 -D_TIME_BITS=64    -DCMAKE_BOOTSTRAP    -DCMake_HAVE_CXX_MAKE_UNIQUE=1 -DCMake_HAVE_CXX_FILESYSTEM=1   -I/data/data/com.termux/files/usr/tmp/tmpibtw600x/cmake-4.4.3/Bootstrap.cmk   -I/data/data/com.termux/files/usr/tmp/tmpibtw600x/cmake-4.4.3/Source   -I/data/data/com.termux/files/usr/tmp/tmpibtw600x/cmake-4.4.3/Source/LexerParser   -I/data/data/com.termux/files/usr/tmp/tmpibtw600x/cmake-4.4.3/Utilities/std   -I/data/data/com.termux/files/usr/tmp/tmpibtw600x/cmake-4.4.3/Utilities  -c /data/data/com.termux/files/usr/tmp/tmpibtw600x/cmake-4.4.3/Source/cmakemain.cxx -o cmakemain.o
            In file included from /data/data/com.termux/files/usr/tmp/tmpibtw600x/cmake-4.4.3/Source/cmakemain.cxx:28:
            In file included from /data/data/com.termux/files/usr/tmp/tmpibtw600x/cmake-4.4.3/Source/cmGlobalGenerator.h:22:
            /data/data/com.termux/files/usr/tmp/tmpibtw600x/cmake-4.4.3/Utilities/std/cmext/string_view:28:40: warning: identifier '_s' preceded by whitespace in a literal operator declaration is deprecated [-Wdeprecated-literal-operator]
               28 |   friend static_string_view operator"" _s(char const* data, size_t size);
                  |                             ~~~~~~~~~~~^~
                  |                             operator""_s
            /data/data/com.termux/files/usr/tmp/tmpibtw600x/cmake-4.4.3/Utilities/std/cmext/string_view:32:38: warning: identifier '_s' preceded by whitespace in a literal operator declaration is deprecated [-Wdeprecated-literal-operator]
               32 | inline static_string_view operator"" _s(char const* data, size_t size)
                  |                           ~~~~~~~~~~~^~
                  |                           operator""_s
            /data/data/com.termux/files/usr/tmp/tmpibtw600x/cmake-4.4.3/Utilities/std/cmext/string_view:39:22: warning: identifier '_s' preceded by whitespace in a literal operator declaration is deprecated [-Wdeprecated-literal-operator]
               39 | using cm::operator"" _s;
                  |           ~~~~~~~~~~~^~
                  |           operator""_s
            3 warnings generated.
            g++     -D_FILE_OFFSET_BITS=64 -D_TIME_BITS=64    -DCMAKE_BOOTSTRAP    -DCMake_HAVE_CXX_MAKE_UNIQUE=1 -DCMake_HAVE_CXX_FILESYSTEM=1   -I/data/data/com.termux/files/usr/tmp/tmpibtw600x/cmake-4.4.3/Bootstrap.cmk   -I/data/data/com.termux/files/usr/tmp/tmpibtw600x/cmake-4.4.3/Source   -I/data/data/com.termux/files/usr/tmp/tmpibtw600x/cmake-4.4.3/Source/LexerParser   -I/data/data/com.termux/files/usr/tmp/tmpibtw600x/cmake-4.4.3/Utilities/std   -I/data/data/com.termux/files/usr/tmp/tmpibtw600x/cmake-4.4.3/Utilities  -c /data/data/com.termux/files/usr/tmp/tmpibtw600x/cmake-4.4.3/Source/cmcmd.cxx -o cmcmd.o
            In file included from /data/data/com.termux/files/usr/tmp/tmpibtw600x/cmake-4.4.3/Source/cmcmd.cxx:12:
            /data/data/com.termux/files/usr/tmp/tmpibtw600x/cmake-4.4.3/Utilities/std/cmext/string_view:28:40: warning: identifier '_s' preceded by whitespace in a literal operator declaration is deprecated [-Wdeprecated-literal-operator]
               28 |   friend static_string_view operator"" _s(char const* data, size_t size);
                  |                             ~~~~~~~~~~~^~
                  |                             operator""_s
            /data/data/com.termux/files/usr/tmp/tmpibtw600x/cmake-4.4.3/Utilities/std/cmext/string_view:32:38: warning: identifier '_s' preceded by whitespace in a literal operator declaration is deprecated [-Wdeprecated-literal-operator]
               32 | inline static_string_view operator"" _s(char const* data, size_t size)
                  |                           ~~~~~~~~~~~^~
                  |                           operator""_s
            /data/data/com.termux/files/usr/tmp/tmpibtw600x/cmake-4.4.3/Utilities/std/cmext/string_view:39:22: warning: identifier '_s' preceded by whitespace in a literal operator declaration is deprecated [-Wdeprecated-literal-operator]
               39 | using cm::operator"" _s;
                  |           ~~~~~~~~~~~^~
                  |           operator""_s
            3 warnings generated.
            g++     -D_FILE_OFFSET_BITS=64 -D_TIME_BITS=64    -DCMAKE_BOOTSTRAP    -DCMake_HAVE_CXX_MAKE_UNIQUE=1 -DCMake_HAVE_CXX_FILESYSTEM=1   -I/data/data/com.termux/files/usr/tmp/tmpibtw600x/cmake-4.4.3/Bootstrap.cmk   -I/data/data/com.termux/files/usr/tmp/tmpibtw600x/cmake-4.4.3/Source   -I/data/data/com.termux/files/usr/tmp/tmpibtw600x/cmake-4.4.3/Source/LexerParser   -I/data/data/com.termux/files/usr/tmp/tmpibtw600x/cmake-4.4.3/Utilities/std   -I/data/data/com.termux/files/usr/tmp/tmpibtw600x/cmake-4.4.3/Utilities  -c /data/data/com.termux/files/usr/tmp/tmpibtw600x/cmake-4.4.3/Source/cm_fileno.cxx -o cm_fileno.o
            g++     -D_FILE_OFFSET_BITS=64 -D_TIME_BITS=64    -DCMAKE_BOOTSTRAP    -DCMake_HAVE_CXX_MAKE_UNIQUE=1 -DCMake_HAVE_CXX_FILESYSTEM=1   -I/data/data/com.termux/files/usr/tmp/tmpibtw600x/cmake-4.4.3/Bootstrap.cmk   -I/data/data/com.termux/files/usr/tmp/tmpibtw600x/cmake-4.4.3/Source   -I/data/data/com.termux/files/usr/tmp/tmpibtw600x/cmake-4.4.3/Source/LexerParser   -I/data/data/com.termux/files/usr/tmp/tmpibtw600x/cmake-4.4.3/Utilities/std   -I/data/data/com.termux/files/usr/tmp/tmpibtw600x/cmake-4.4.3/Utilities  -c /data/data/com.termux/files/usr/tmp/tmpibtw600x/cmake-4.4.3/Source/cmDepends.cxx -o cmDepends.o
            g++     -D_FILE_OFFSET_BITS=64 -D_TIME_BITS=64    -DCMAKE_BOOTSTRAP    -DCMake_HAVE_CXX_MAKE_UNIQUE=1 -DCMake_HAVE_CXX_FILESYSTEM=1   -I/data/data/com.termux/files/usr/tmp/tmpibtw600x/cmake-4.4.3/Bootstrap.cmk   -I/data/data/com.termux/files/usr/tmp/tmpibtw600x/cmake-4.4.3/Source   -I/data/data/com.termux/files/usr/tmp/tmpibtw600x/cmake-4.4.3/Source/LexerParser   -I/data/data/com.termux/files/usr/tmp/tmpibtw600x/cmake-4.4.3/Utilities/std   -I/data/data/com.termux/files/usr/tmp/tmpibtw600x/cmake-4.4.3/Utilities  -c /data/data/com.termux/files/usr/tmp/tmpibtw600x/cmake-4.4.3/Source/cmDependsC.cxx -o cmDependsC.o
            In file included from /data/data/com.termux/files/usr/tmp/tmpibtw600x/cmake-4.4.3/Source/cmDependsC.cxx:10:
            In file included from /data/data/com.termux/files/usr/tmp/tmpibtw600x/cmake-4.4.3/Source/cmGlobalUnixMakefileGenerator3.h:17:
            In file included from /data/data/com.termux/files/usr/tmp/tmpibtw600x/cmake-4.4.3/Source/cmGlobalCommonGenerator.h:12:
            In file included from /data/data/com.termux/files/usr/tmp/tmpibtw600x/cmake-4.4.3/Source/cmGlobalGenerator.h:22:
            /data/data/com.termux/files/usr/tmp/tmpibtw600x/cmake-4.4.3/Utilities/std/cmext/string_view:28:40: warning: identifier '_s' preceded by whitespace in a literal operator declaration is deprecated [-Wdeprecated-literal-operator]
               28 |   friend static_string_view operator"" _s(char const* data, size_t size);
                  |                             ~~~~~~~~~~~^~
                  |                             operator""_s
            /data/data/com.termux/files/usr/tmp/tmpibtw600x/cmake-4.4.3/Utilities/std/cmext/string_view:32:38: warning: identifier '_s' preceded by whitespace in a literal operator declaration is deprecated [-Wdeprecated-literal-operator]
               32 | inline static_string_view operator"" _s(char const* data, size_t size)
                  |                           ~~~~~~~~~~~^~
                  |                           operator""_s
            /data/data/com.termux/files/usr/tmp/tmpibtw600x/cmake-4.4.3/Utilities/std/cmext/string_view:39:22: warning: identifier '_s' preceded by whitespace in a literal operator declaration is deprecated [-Wdeprecated-literal-operator]
               39 | using cm::operator"" _s;
                  |           ~~~~~~~~~~~^~
                  |           operator""_s
            3 warnings generated.
            g++     -D_FILE_OFFSET_BITS=64 -D_TIME_BITS=64    -DCMAKE_BOOTSTRAP    -DCMake_HAVE_CXX_MAKE_UNIQUE=1 -DCMake_HAVE_CXX_FILESYSTEM=1   -I/data/data/com.termux/files/usr/tmp/tmpibtw600x/cmake-4.4.3/Bootstrap.cmk   -I/data/data/com.termux/files/usr/tmp/tmpibtw600x/cmake-4.4.3/Source   -I/data/data/com.termux/files/usr/tmp/tmpibtw600x/cmake-4.4.3/Source/LexerParser   -I/data/data/com.termux/files/usr/tmp/tmpibtw600x/cmake-4.4.3/Utilities/std   -I/data/data/com.termux/files/usr/tmp/tmpibtw600x/cmake-4.4.3/Utilities  -c /data/data/com.termux/files/usr/tmp/tmpibtw600x/cmake-4.4.3/Source/cmDependsCompiler.cxx -o cmDependsCompiler.o
            In file included from /data/data/com.termux/files/usr/tmp/tmpibtw600x/cmake-4.4.3/Source/cmDependsCompiler.cxx:15:
            /data/data/com.termux/files/usr/tmp/tmpibtw600x/cmake-4.4.3/Utilities/std/cmext/string_view:28:40: warning: identifier '_s' preceded by whitespace in a literal operator declaration is deprecated [-Wdeprecated-literal-operator]
               28 |   friend static_string_view operator"" _s(char const* data, size_t size);
                  |                             ~~~~~~~~~~~^~
                  |                             operator""_s
            /data/data/com.termux/files/usr/tmp/tmpibtw600x/cmake-4.4.3/Utilities/std/cmext/string_view:32:38: warning: identifier '_s' preceded by whitespace in a literal operator declaration is deprecated [-Wdeprecated-literal-operator]
               32 | inline static_string_view operator"" _s(char const* data, size_t size)
                  |                           ~~~~~~~~~~~^~
                  |                           operator""_s
            /data/data/com.termux/files/usr/tmp/tmpibtw600x/cmake-4.4.3/Utilities/std/cmext/string_view:39:22: warning: identifier '_s' preceded by whitespace in a literal operator declaration is deprecated [-Wdeprecated-literal-operator]
               39 | using cm::operator"" _s;
                  |           ~~~~~~~~~~~^~
                  |           operator""_s
            3 warnings generated.
            g++     -D_FILE_OFFSET_BITS=64 -D_TIME_BITS=64    -DCMAKE_BOOTSTRAP    -DCMake_HAVE_CXX_MAKE_UNIQUE=1 -DCMake_HAVE_CXX_FILESYSTEM=1   -I/data/data/com.termux/files/usr/tmp/tmpibtw600x/cmake-4.4.3/Bootstrap.cmk   -I/data/data/com.termux/files/usr/tmp/tmpibtw600x/cmake-4.4.3/Source   -I/data/data/com.termux/files/usr/tmp/tmpibtw600x/cmake-4.4.3/Source/LexerParser   -I/data/data/com.termux/files/usr/tmp/tmpibtw600x/cmake-4.4.3/Utilities/std   -I/data/data/com.termux/files/usr/tmp/tmpibtw600x/cmake-4.4.3/Utilities  -c /data/data/com.termux/files/usr/tmp/tmpibtw600x/cmake-4.4.3/Source/cmGlobalUnixMakefileGenerator3.cxx -o cmGlobalUnixMakefileGenerator3.o
            In file included from /data/data/com.termux/files/usr/tmp/tmpibtw600x/cmake-4.4.3/Source/cmGlobalUnixMakefileGenerator3.cxx:3:
            In file included from /data/data/com.termux/files/usr/tmp/tmpibtw600x/cmake-4.4.3/Source/cmGlobalUnixMakefileGenerator3.h:17:
            In file included from /data/data/com.termux/files/usr/tmp/tmpibtw600x/cmake-4.4.3/Source/cmGlobalCommonGenerator.h:12:
            In file included from /data/data/com.termux/files/usr/tmp/tmpibtw600x/cmake-4.4.3/Source/cmGlobalGenerator.h:22:
            /data/data/com.termux/files/usr/tmp/tmpibtw600x/cmake-4.4.3/Utilities/std/cmext/string_view:28:40: warning: identifier '_s' preceded by whitespace in a literal operator declaration is deprecated [-Wdeprecated-literal-operator]
               28 |   friend static_string_view operator"" _s(char const* data, size_t size);
                  |                             ~~~~~~~~~~~^~
                  |                             operator""_s
            /data/data/com.termux/files/usr/tmp/tmpibtw600x/cmake-4.4.3/Utilities/std/cmext/string_view:32:38: warning: identifier '_s' preceded by whitespace in a literal operator declaration is deprecated [-Wdeprecated-literal-operator]
               32 | inline static_string_view operator"" _s(char const* data, size_t size)
                  |                           ~~~~~~~~~~~^~
                  |                           operator""_s
            /data/data/com.termux/files/usr/tmp/tmpibtw600x/cmake-4.4.3/Utilities/std/cmext/string_view:39:22: warning: identifier '_s' preceded by whitespace in a literal operator declaration is deprecated [-Wdeprecated-literal-operator]
               39 | using cm::operator"" _s;
                  |           ~~~~~~~~~~~^~
                  |           operator""_s
            3 warnings generated.
            g++     -D_FILE_OFFSET_BITS=64 -D_TIME_BITS=64    -DCMAKE_BOOTSTRAP    -DCMake_HAVE_CXX_MAKE_UNIQUE=1 -DCMake_HAVE_CXX_FILESYSTEM=1   -I/data/data/com.termux/files/usr/tmp/tmpibtw600x/cmake-4.4.3/Bootstrap.cmk   -I/data/data/com.termux/files/usr/tmp/tmpibtw600x/cmake-4.4.3/Source   -I/data/data/com.termux/files/usr/tmp/tmpibtw600x/cmake-4.4.3/Source/LexerParser   -I/data/data/com.termux/files/usr/tmp/tmpibtw600x/cmake-4.4.3/Utilities/std   -I/data/data/com.termux/files/usr/tmp/tmpibtw600x/cmake-4.4.3/Utilities  -c /data/data/com.termux/files/usr/tmp/tmpibtw600x/cmake-4.4.3/Source/cmLocalUnixMakefileGenerator3.cxx -o cmLocalUnixMakefileGenerator3.o
            In file included from /data/data/com.termux/files/usr/tmp/tmpibtw600x/cmake-4.4.3/Source/cmLocalUnixMakefileGenerator3.cxx:17:
            /data/data/com.termux/files/usr/tmp/tmpibtw600x/cmake-4.4.3/Utilities/std/cmext/string_view:28:40: warning: identifier '_s' preceded by whitespace in a literal operator declaration is deprecated [-Wdeprecated-literal-operator]
               28 |   friend static_string_view operator"" _s(char const* data, size_t size);
                  |                             ~~~~~~~~~~~^~
                  |                             operator""_s
            /data/data/com.termux/files/usr/tmp/tmpibtw600x/cmake-4.4.3/Utilities/std/cmext/string_view:32:38: warning: identifier '_s' preceded by whitespace in a literal operator declaration is deprecated [-Wdeprecated-literal-operator]
               32 | inline static_string_view operator"" _s(char const* data, size_t size)
                  |                           ~~~~~~~~~~~^~
                  |                           operator""_s
            /data/data/com.termux/files/usr/tmp/tmpibtw600x/cmake-4.4.3/Utilities/std/cmext/string_view:39:22: warning: identifier '_s' preceded by whitespace in a literal operator declaration is deprecated [-Wdeprecated-literal-operator]
               39 | using cm::operator"" _s;
                  |           ~~~~~~~~~~~^~
                  |           operator""_s
            3 warnings generated.
            g++     -D_FILE_OFFSET_BITS=64 -D_TIME_BITS=64    -DCMAKE_BOOTSTRAP    -DCMake_HAVE_CXX_MAKE_UNIQUE=1 -DCMake_HAVE_CXX_FILESYSTEM=1   -I/data/data/com.termux/files/usr/tmp/tmpibtw600x/cmake-4.4.3/Bootstrap.cmk   -I/data/data/com.termux/files/usr/tmp/tmpibtw600x/cmake-4.4.3/Source   -I/data/data/com.termux/files/usr/tmp/tmpibtw600x/cmake-4.4.3/Source/LexerParser   -I/data/data/com.termux/files/usr/tmp/tmpibtw600x/cmake-4.4.3/Utilities/std   -I/data/data/com.termux/files/usr/tmp/tmpibtw600x/cmake-4.4.3/Utilities  -c /data/data/com.termux/files/usr/tmp/tmpibtw600x/cmake-4.4.3/Source/cmMakefileExecutableTargetGenerator.cxx -o cmMakefileExecutableTargetGenerator.o
            In file included from /data/data/com.termux/files/usr/tmp/tmpibtw600x/cmake-4.4.3/Source/cmMakefileExecutableTargetGenerator.cxx:17:
            In file included from /data/data/com.termux/files/usr/tmp/tmpibtw600x/cmake-4.4.3/Source/cmGlobalUnixMakefileGenerator3.h:17:
            In file included from /data/data/com.termux/files/usr/tmp/tmpibtw600x/cmake-4.4.3/Source/cmGlobalCommonGenerator.h:12:
            In file included from /data/data/com.termux/files/usr/tmp/tmpibtw600x/cmake-4.4.3/Source/cmGlobalGenerator.h:22:
            /data/data/com.termux/files/usr/tmp/tmpibtw600x/cmake-4.4.3/Utilities/std/cmext/string_view:28:40: warning: identifier '_s' preceded by whitespace in a literal operator declaration is deprecated [-Wdeprecated-literal-operator]
               28 |   friend static_string_view operator"" _s(char const* data, size_t size);
                  |                             ~~~~~~~~~~~^~
                  |                             operator""_s
            /data/data/com.termux/files/usr/tmp/tmpibtw600x/cmake-4.4.3/Utilities/std/cmext/string_view:32:38: warning: identifier '_s' preceded by whitespace in a literal operator declaration is deprecated [-Wdeprecated-literal-operator]
               32 | inline static_string_view operator"" _s(char const* data, size_t size)
                  |                           ~~~~~~~~~~~^~
                  |                           operator""_s
            /data/data/com.termux/files/usr/tmp/tmpibtw600x/cmake-4.4.3/Utilities/std/cmext/string_view:39:22: warning: identifier '_s' preceded by whitespace in a literal operator declaration is deprecated [-Wdeprecated-literal-operator]
               39 | using cm::operator"" _s;
                  |           ~~~~~~~~~~~^~
                  |           operator""_s
            3 warnings generated.
            g++     -D_FILE_OFFSET_BITS=64 -D_TIME_BITS=64    -DCMAKE_BOOTSTRAP    -DCMake_HAVE_CXX_MAKE_UNIQUE=1 -DCMake_HAVE_CXX_FILESYSTEM=1   -I/data/data/com.termux/files/usr/tmp/tmpibtw600x/cmake-4.4.3/Bootstrap.cmk   -I/data/data/com.termux/files/usr/tmp/tmpibtw600x/cmake-4.4.3/Source   -I/data/data/com.termux/files/usr/tmp/tmpibtw600x/cmake-4.4.3/Source/LexerParser   -I/data/data/com.termux/files/usr/tmp/tmpibtw600x/cmake-4.4.3/Utilities/std   -I/data/data/com.termux/files/usr/tmp/tmpibtw600x/cmake-4.4.3/Utilities  -c /data/data/com.termux/files/usr/tmp/tmpibtw600x/cmake-4.4.3/Source/cmMakefileLibraryTargetGenerator.cxx -o cmMakefileLibraryTargetGenerator.o
            In file included from /data/data/com.termux/files/usr/tmp/tmpibtw600x/cmake-4.4.3/Source/cmMakefileLibraryTargetGenerator.cxx:17:
            In file included from /data/data/com.termux/files/usr/tmp/tmpibtw600x/cmake-4.4.3/Source/cmGlobalUnixMakefileGenerator3.h:17:
            In file included from /data/data/com.termux/files/usr/tmp/tmpibtw600x/cmake-4.4.3/Source/cmGlobalCommonGenerator.h:12:
            In file included from /data/data/com.termux/files/usr/tmp/tmpibtw600x/cmake-4.4.3/Source/cmGlobalGenerator.h:22:
            /data/data/com.termux/files/usr/tmp/tmpibtw600x/cmake-4.4.3/Utilities/std/cmext/string_view:28:40: warning: identifier '_s' preceded by whitespace in a literal operator declaration is deprecated [-Wdeprecated-literal-operator]
               28 |   friend static_string_view operator"" _s(char const* data, size_t size);
                  |                             ~~~~~~~~~~~^~
                  |                             operator""_s
            /data/data/com.termux/files/usr/tmp/tmpibtw600x/cmake-4.4.3/Utilities/std/cmext/string_view:32:38: warning: identifier '_s' preceded by whitespace in a literal operator declaration is deprecated [-Wdeprecated-literal-operator]
               32 | inline static_string_view operator"" _s(char const* data, size_t size)
                  |                           ~~~~~~~~~~~^~
                  |                           operator""_s
            /data/data/com.termux/files/usr/tmp/tmpibtw600x/cmake-4.4.3/Utilities/std/cmext/string_view:39:22: warning: identifier '_s' preceded by whitespace in a literal operator declaration is deprecated [-Wdeprecated-literal-operator]
               39 | using cm::operator"" _s;
                  |           ~~~~~~~~~~~^~
                  |           operator""_s
            3 warnings generated.
            g++     -D_FILE_OFFSET_BITS=64 -D_TIME_BITS=64    -DCMAKE_BOOTSTRAP    -DCMake_HAVE_CXX_MAKE_UNIQUE=1 -DCMake_HAVE_CXX_FILESYSTEM=1   -I/data/data/com.termux/files/usr/tmp/tmpibtw600x/cmake-4.4.3/Bootstrap.cmk   -I/data/data/com.termux/files/usr/tmp/tmpibtw600x/cmake-4.4.3/Source   -I/data/data/com.termux/files/usr/tmp/tmpibtw600x/cmake-4.4.3/Source/LexerParser   -I/data/data/com.termux/files/usr/tmp/tmpibtw600x/cmake-4.4.3/Utilities/std   -I/data/data/com.termux/files/usr/tmp/tmpibtw600x/cmake-4.4.3/Utilities  -c /data/data/com.termux/files/usr/tmp/tmpibtw600x/cmake-4.4.3/Source/cmMakefileTargetGenerator.cxx -o cmMakefileTargetGenerator.o
            In file included from /data/data/com.termux/files/usr/tmp/tmpibtw600x/cmake-4.4.3/Source/cmMakefileTargetGenerator.cxx:20:
            /data/data/com.termux/files/usr/tmp/tmpibtw600x/cmake-4.4.3/Utilities/std/cmext/string_view:28:40: warning: identifier '_s' preceded by whitespace in a literal operator declaration is deprecated [-Wdeprecated-literal-operator]
               28 |   friend static_string_view operator"" _s(char const* data, size_t size);
                  |                             ~~~~~~~~~~~^~
                  |                             operator""_s
            /data/data/com.termux/files/usr/tmp/tmpibtw600x/cmake-4.4.3/Utilities/std/cmext/string_view:32:38: warning: identifier '_s' preceded by whitespace in a literal operator declaration is deprecated [-Wdeprecated-literal-operator]
               32 | inline static_string_view operator"" _s(char const* data, size_t size)
                  |                           ~~~~~~~~~~~^~
                  |                           operator""_s
            /data/data/com.termux/files/usr/tmp/tmpibtw600x/cmake-4.4.3/Utilities/std/cmext/string_view:39:22: warning: identifier '_s' preceded by whitespace in a literal operator declaration is deprecated [-Wdeprecated-literal-operator]
               39 | using cm::operator"" _s;
                  |           ~~~~~~~~~~~^~
                  |           operator""_s
            3 warnings generated.
            g++     -D_FILE_OFFSET_BITS=64 -D_TIME_BITS=64    -DCMAKE_BOOTSTRAP    -DCMake_HAVE_CXX_MAKE_UNIQUE=1 -DCMake_HAVE_CXX_FILESYSTEM=1   -I/data/data/com.termux/files/usr/tmp/tmpibtw600x/cmake-4.4.3/Bootstrap.cmk   -I/data/data/com.termux/files/usr/tmp/tmpibtw600x/cmake-4.4.3/Source   -I/data/data/com.termux/files/usr/tmp/tmpibtw600x/cmake-4.4.3/Source/LexerParser   -I/data/data/com.termux/files/usr/tmp/tmpibtw600x/cmake-4.4.3/Utilities/std   -I/data/data/com.termux/files/usr/tmp/tmpibtw600x/cmake-4.4.3/Utilities  -c /data/data/com.termux/files/usr/tmp/tmpibtw600x/cmake-4.4.3/Source/cmMakefileUtilityTargetGenerator.cxx -o cmMakefileUtilityTargetGenerator.o
            In file included from /data/data/com.termux/files/usr/tmp/tmpibtw600x/cmake-4.4.3/Source/cmMakefileUtilityTargetGenerator.cxx:14:
            In file included from /data/data/com.termux/files/usr/tmp/tmpibtw600x/cmake-4.4.3/Source/cmGlobalUnixMakefileGenerator3.h:17:
            In file included from /data/data/com.termux/files/usr/tmp/tmpibtw600x/cmake-4.4.3/Source/cmGlobalCommonGenerator.h:12:
            In file included from /data/data/com.termux/files/usr/tmp/tmpibtw600x/cmake-4.4.3/Source/cmGlobalGenerator.h:22:
            /data/data/com.termux/files/usr/tmp/tmpibtw600x/cmake-4.4.3/Utilities/std/cmext/string_view:28:40: warning: identifier '_s' preceded by whitespace in a literal operator declaration is deprecated [-Wdeprecated-literal-operator]
               28 |   friend static_string_view operator"" _s(char const* data, size_t size);
                  |                             ~~~~~~~~~~~^~
                  |                             operator""_s
            /data/data/com.termux/files/usr/tmp/tmpibtw600x/cmake-4.4.3/Utilities/std/cmext/string_view:32:38: warning: identifier '_s' preceded by whitespace in a literal operator declaration is deprecated [-Wdeprecated-literal-operator]
               32 | inline static_string_view operator"" _s(char const* data, size_t size)
                  |                           ~~~~~~~~~~~^~
                  |                           operator""_s
            /data/data/com.termux/files/usr/tmp/tmpibtw600x/cmake-4.4.3/Utilities/std/cmext/string_view:39:22: warning: identifier '_s' preceded by whitespace in a literal operator declaration is deprecated [-Wdeprecated-literal-operator]
               39 | using cm::operator"" _s;
                  |           ~~~~~~~~~~~^~
                  |           operator""_s
            3 warnings generated.
            g++     -D_FILE_OFFSET_BITS=64 -D_TIME_BITS=64    -DCMAKE_BOOTSTRAP    -DCMake_HAVE_CXX_MAKE_UNIQUE=1 -DCMake_HAVE_CXX_FILESYSTEM=1   -I/data/data/com.termux/files/usr/tmp/tmpibtw600x/cmake-4.4.3/Bootstrap.cmk   -I/data/data/com.termux/files/usr/tmp/tmpibtw600x/cmake-4.4.3/Source   -I/data/data/com.termux/files/usr/tmp/tmpibtw600x/cmake-4.4.3/Source/LexerParser   -I/data/data/com.termux/files/usr/tmp/tmpibtw600x/cmake-4.4.3/Utilities/std   -I/data/data/com.termux/files/usr/tmp/tmpibtw600x/cmake-4.4.3/Utilities  -c /data/data/com.termux/files/usr/tmp/tmpibtw600x/cmake-4.4.3/Source/cmProcessTools.cxx -o cmProcessTools.o
            gcc    -D_FILE_OFFSET_BITS=64 -D_TIME_BITS=64    -DCMAKE_BOOTSTRAP   -I/data/data/com.termux/files/usr/tmp/tmpibtw600x/cmake-4.4.3/Bootstrap.cmk   -I/data/data/com.termux/files/usr/tmp/tmpibtw600x/cmake-4.4.3/Source   -I/data/data/com.termux/files/usr/tmp/tmpibtw600x/cmake-4.4.3/Source/LexerParser   -I/data/data/com.termux/files/usr/tmp/tmpibtw600x/cmake-4.4.3/Utilities  -c /data/data/com.termux/files/usr/tmp/tmpibtw600x/cmake-4.4.3/Source/cm_utf8.c -o cm_utf8.o
            g++     -D_FILE_OFFSET_BITS=64 -D_TIME_BITS=64    -DCMAKE_BOOTSTRAP    -DCMake_HAVE_CXX_MAKE_UNIQUE=1 -DCMake_HAVE_CXX_FILESYSTEM=1   -I/data/data/com.termux/files/usr/tmp/tmpibtw600x/cmake-4.4.3/Bootstrap.cmk   -I/data/data/com.termux/files/usr/tmp/tmpibtw600x/cmake-4.4.3/Source   -I/data/data/com.termux/files/usr/tmp/tmpibtw600x/cmake-4.4.3/Source/LexerParser   -I/data/data/com.termux/files/usr/tmp/tmpibtw600x/cmake-4.4.3/Utilities/std   -I/data/data/com.termux/files/usr/tmp/tmpibtw600x/cmake-4.4.3/Utilities  -c /data/data/com.termux/files/usr/tmp/tmpibtw600x/cmake-4.4.3/Utilities/std/cm/bits/fs_path.cxx -o fs_path.o
            g++     -D_FILE_OFFSET_BITS=64 -D_TIME_BITS=64    -DCMAKE_BOOTSTRAP    -DCMake_HAVE_CXX_MAKE_UNIQUE=1 -DCMake_HAVE_CXX_FILESYSTEM=1   -I/data/data/com.termux/files/usr/tmp/tmpibtw600x/cmake-4.4.3/Bootstrap.cmk   -I/data/data/com.termux/files/usr/tmp/tmpibtw600x/cmake-4.4.3/Source   -I/data/data/com.termux/files/usr/tmp/tmpibtw600x/cmake-4.4.3/Source/LexerParser   -I/data/data/com.termux/files/usr/tmp/tmpibtw600x/cmake-4.4.3/Utilities/std   -I/data/data/com.termux/files/usr/tmp/tmpibtw600x/cmake-4.4.3/Utilities  -c /data/data/com.termux/files/usr/tmp/tmpibtw600x/cmake-4.4.3/Utilities/std/cm/bits/string_view.cxx -o string_view.o
            g++     -D_FILE_OFFSET_BITS=64 -D_TIME_BITS=64    -DCMAKE_BOOTSTRAP    -DCMake_HAVE_CXX_MAKE_UNIQUE=1 -DCMake_HAVE_CXX_FILESYSTEM=1   -I/data/data/com.termux/files/usr/tmp/tmpibtw600x/cmake-4.4.3/Bootstrap.cmk   -I/data/data/com.termux/files/usr/tmp/tmpibtw600x/cmake-4.4.3/Source   -I/data/data/com.termux/files/usr/tmp/tmpibtw600x/cmake-4.4.3/Source/LexerParser   -I/data/data/com.termux/files/usr/tmp/tmpibtw600x/cmake-4.4.3/Utilities/std   -I/data/data/com.termux/files/usr/tmp/tmpibtw600x/cmake-4.4.3/Utilities  -c /data/data/com.termux/files/usr/tmp/tmpibtw600x/cmake-4.4.3/Source/LexerParser/cmExprLexer.cxx -o cmExprLexer.o
            g++     -D_FILE_OFFSET_BITS=64 -D_TIME_BITS=64    -DCMAKE_BOOTSTRAP    -DCMake_HAVE_CXX_MAKE_UNIQUE=1 -DCMake_HAVE_CXX_FILESYSTEM=1   -I/data/data/com.termux/files/usr/tmp/tmpibtw600x/cmake-4.4.3/Bootstrap.cmk   -I/data/data/com.termux/files/usr/tmp/tmpibtw600x/cmake-4.4.3/Source   -I/data/data/com.termux/files/usr/tmp/tmpibtw600x/cmake-4.4.3/Source/LexerParser   -I/data/data/com.termux/files/usr/tmp/tmpibtw600x/cmake-4.4.3/Utilities/std   -I/data/data/com.termux/files/usr/tmp/tmpibtw600x/cmake-4.4.3/Utilities  -c /data/data/com.termux/files/usr/tmp/tmpibtw600x/cmake-4.4.3/Source/LexerParser/cmExprParser.cxx -o cmExprParser.o
            g++     -D_FILE_OFFSET_BITS=64 -D_TIME_BITS=64    -DCMAKE_BOOTSTRAP    -DCMake_HAVE_CXX_MAKE_UNIQUE=1 -DCMake_HAVE_CXX_FILESYSTEM=1   -I/data/data/com.termux/files/usr/tmp/tmpibtw600x/cmake-4.4.3/Bootstrap.cmk   -I/data/data/com.termux/files/usr/tmp/tmpibtw600x/cmake-4.4.3/Source   -I/data/data/com.termux/files/usr/tmp/tmpibtw600x/cmake-4.4.3/Source/LexerParser   -I/data/data/com.termux/files/usr/tmp/tmpibtw600x/cmake-4.4.3/Utilities/std   -I/data/data/com.termux/files/usr/tmp/tmpibtw600x/cmake-4.4.3/Utilities  -c /data/data/com.termux/files/usr/tmp/tmpibtw600x/cmake-4.4.3/Source/LexerParser/cmGccDepfileLexer.cxx -o cmGccDepfileLexer.o
            gcc    -D_FILE_OFFSET_BITS=64 -D_TIME_BITS=64    -DCMAKE_BOOTSTRAP   -I/data/data/com.termux/files/usr/tmp/tmpibtw600x/cmake-4.4.3/Bootstrap.cmk   -I/data/data/com.termux/files/usr/tmp/tmpibtw600x/cmake-4.4.3/Source   -I/data/data/com.termux/files/usr/tmp/tmpibtw600x/cmake-4.4.3/Source/LexerParser   -I/data/data/com.termux/files/usr/tmp/tmpibtw600x/cmake-4.4.3/Utilities  -c /data/data/com.termux/files/usr/tmp/tmpibtw600x/cmake-4.4.3/Source/LexerParser/cmListFileLexer.c -o cmListFileLexer.o
            g++     -D_FILE_OFFSET_BITS=64 -D_TIME_BITS=64    -DCMAKE_BOOTSTRAP    -DCMake_HAVE_CXX_MAKE_UNIQUE=1 -DCMake_HAVE_CXX_FILESYSTEM=1   -I/data/data/com.termux/files/usr/tmp/tmpibtw600x/cmake-4.4.3/Bootstrap.cmk   -I/data/data/com.termux/files/usr/tmp/tmpibtw600x/cmake-4.4.3/Source   -I/data/data/com.termux/files/usr/tmp/tmpibtw600x/cmake-4.4.3/Source/LexerParser   -I/data/data/com.termux/files/usr/tmp/tmpibtw600x/cmake-4.4.3/Utilities/std   -I/data/data/com.termux/files/usr/tmp/tmpibtw600x/cmake-4.4.3/Utilities  -DKWSYS_NAMESPACE=cmsys -c /data/data/com.termux/files/usr/tmp/tmpibtw600x/cmake-4.4.3/Source/kwsys/Directory.cxx -o Directory.o
            g++     -D_FILE_OFFSET_BITS=64 -D_TIME_BITS=64    -DCMAKE_BOOTSTRAP    -DCMake_HAVE_CXX_MAKE_UNIQUE=1 -DCMake_HAVE_CXX_FILESYSTEM=1   -I/data/data/com.termux/files/usr/tmp/tmpibtw600x/cmake-4.4.3/Bootstrap.cmk   -I/data/data/com.termux/files/usr/tmp/tmpibtw600x/cmake-4.4.3/Source   -I/data/data/com.termux/files/usr/tmp/tmpibtw600x/cmake-4.4.3/Source/LexerParser   -I/data/data/com.termux/files/usr/tmp/tmpibtw600x/cmake-4.4.3/Utilities/std   -I/data/data/com.termux/files/usr/tmp/tmpibtw600x/cmake-4.4.3/Utilities  -DKWSYS_NAMESPACE=cmsys -c /data/data/com.termux/files/usr/tmp/tmpibtw600x/cmake-4.4.3/Source/kwsys/EncodingCXX.cxx -o EncodingCXX.o
            g++     -D_FILE_OFFSET_BITS=64 -D_TIME_BITS=64    -DCMAKE_BOOTSTRAP    -DCMake_HAVE_CXX_MAKE_UNIQUE=1 -DCMake_HAVE_CXX_FILESYSTEM=1   -I/data/data/com.termux/files/usr/tmp/tmpibtw600x/cmake-4.4.3/Bootstrap.cmk   -I/data/data/com.termux/files/usr/tmp/tmpibtw600x/cmake-4.4.3/Source   -I/data/data/com.termux/files/usr/tmp/tmpibtw600x/cmake-4.4.3/Source/LexerParser   -I/data/data/com.termux/files/usr/tmp/tmpibtw600x/cmake-4.4.3/Utilities/std   -I/data/data/com.termux/files/usr/tmp/tmpibtw600x/cmake-4.4.3/Utilities  -DKWSYS_NAMESPACE=cmsys -c /data/data/com.termux/files/usr/tmp/tmpibtw600x/cmake-4.4.3/Source/kwsys/FStream.cxx -o FStream.o
            g++     -D_FILE_OFFSET_BITS=64 -D_TIME_BITS=64    -DCMAKE_BOOTSTRAP    -DCMake_HAVE_CXX_MAKE_UNIQUE=1 -DCMake_HAVE_CXX_FILESYSTEM=1   -I/data/data/com.termux/files/usr/tmp/tmpibtw600x/cmake-4.4.3/Bootstrap.cmk   -I/data/data/com.termux/files/usr/tmp/tmpibtw600x/cmake-4.4.3/Source   -I/data/data/com.termux/files/usr/tmp/tmpibtw600x/cmake-4.4.3/Source/LexerParser   -I/data/data/com.termux/files/usr/tmp/tmpibtw600x/cmake-4.4.3/Utilities/std   -I/data/data/com.termux/files/usr/tmp/tmpibtw600x/cmake-4.4.3/Utilities  -DKWSYS_NAMESPACE=cmsys -c /data/data/com.termux/files/usr/tmp/tmpibtw600x/cmake-4.4.3/Source/kwsys/Glob.cxx -o Glob.o
            g++     -D_FILE_OFFSET_BITS=64 -D_TIME_BITS=64    -DCMAKE_BOOTSTRAP    -DCMake_HAVE_CXX_MAKE_UNIQUE=1 -DCMake_HAVE_CXX_FILESYSTEM=1   -I/data/data/com.termux/files/usr/tmp/tmpibtw600x/cmake-4.4.3/Bootstrap.cmk   -I/data/data/com.termux/files/usr/tmp/tmpibtw600x/cmake-4.4.3/Source   -I/data/data/com.termux/files/usr/tmp/tmpibtw600x/cmake-4.4.3/Source/LexerParser   -I/data/data/com.termux/files/usr/tmp/tmpibtw600x/cmake-4.4.3/Utilities/std   -I/data/data/com.termux/files/usr/tmp/tmpibtw600x/cmake-4.4.3/Utilities  -DKWSYS_NAMESPACE=cmsys -c /data/data/com.termux/files/usr/tmp/tmpibtw600x/cmake-4.4.3/Source/kwsys/RegularExpression.cxx -o RegularExpression.o
            g++     -D_FILE_OFFSET_BITS=64 -D_TIME_BITS=64    -DCMAKE_BOOTSTRAP    -DCMake_HAVE_CXX_MAKE_UNIQUE=1 -DCMake_HAVE_CXX_FILESYSTEM=1   -I/data/data/com.termux/files/usr/tmp/tmpibtw600x/cmake-4.4.3/Bootstrap.cmk   -I/data/data/com.termux/files/usr/tmp/tmpibtw600x/cmake-4.4.3/Source   -I/data/data/com.termux/files/usr/tmp/tmpibtw600x/cmake-4.4.3/Source/LexerParser   -I/data/data/com.termux/files/usr/tmp/tmpibtw600x/cmake-4.4.3/Utilities/std   -I/data/data/com.termux/files/usr/tmp/tmpibtw600x/cmake-4.4.3/Utilities  -DKWSYS_NAMESPACE=cmsys -c /data/data/com.termux/files/usr/tmp/tmpibtw600x/cmake-4.4.3/Source/kwsys/Status.cxx -o Status.o
            g++     -D_FILE_OFFSET_BITS=64 -D_TIME_BITS=64    -DCMAKE_BOOTSTRAP    -DCMake_HAVE_CXX_MAKE_UNIQUE=1 -DCMake_HAVE_CXX_FILESYSTEM=1   -I/data/data/com.termux/files/usr/tmp/tmpibtw600x/cmake-4.4.3/Bootstrap.cmk   -I/data/data/com.termux/files/usr/tmp/tmpibtw600x/cmake-4.4.3/Source   -I/data/data/com.termux/files/usr/tmp/tmpibtw600x/cmake-4.4.3/Source/LexerParser   -I/data/data/com.termux/files/usr/tmp/tmpibtw600x/cmake-4.4.3/Utilities/std   -I/data/data/com.termux/files/usr/tmp/tmpibtw600x/cmake-4.4.3/Utilities -DKWSYS_CXX_HAS_SETENV=1 -DKWSYS_CXX_HAS_UNSETENV=1 -DKWSYS_CXX_HAS_ENVIRON_IN_STDLIB_H=0 -DKWSYS_CXX_HAS_UTIMENSAT=0 -DKWSYS_CXX_HAS_UTIMES=0 -DKWSYS_NAMESPACE=cmsys -c /data/data/com.termux/files/usr/tmp/tmpibtw600x/cmake-4.4.3/Source/kwsys/SystemTools.cxx -o SystemTools.o
            gcc    -D_FILE_OFFSET_BITS=64 -D_TIME_BITS=64    -DCMAKE_BOOTSTRAP   -I/data/data/com.termux/files/usr/tmp/tmpibtw600x/cmake-4.4.3/Bootstrap.cmk   -I/data/data/com.termux/files/usr/tmp/tmpibtw600x/cmake-4.4.3/Source   -I/data/data/com.termux/files/usr/tmp/tmpibtw600x/cmake-4.4.3/Source/LexerParser   -I/data/data/com.termux/files/usr/tmp/tmpibtw600x/cmake-4.4.3/Utilities  -DKWSYS_NAMESPACE=cmsys -c /data/data/com.termux/files/usr/tmp/tmpibtw600x/cmake-4.4.3/Source/kwsys/EncodingC.c -o EncodingC.o
            gcc    -D_FILE_OFFSET_BITS=64 -D_TIME_BITS=64    -DCMAKE_BOOTSTRAP   -I/data/data/com.termux/files/usr/tmp/tmpibtw600x/cmake-4.4.3/Bootstrap.cmk   -I/data/data/com.termux/files/usr/tmp/tmpibtw600x/cmake-4.4.3/Source   -I/data/data/com.termux/files/usr/tmp/tmpibtw600x/cmake-4.4.3/Source/LexerParser   -I/data/data/com.termux/files/usr/tmp/tmpibtw600x/cmake-4.4.3/Utilities  -DKWSYS_NAMESPACE=cmsys -c /data/data/com.termux/files/usr/tmp/tmpibtw600x/cmake-4.4.3/Source/kwsys/ProcessUNIX.c -o ProcessUNIX.o
            gcc    -D_FILE_OFFSET_BITS=64 -D_TIME_BITS=64    -DCMAKE_BOOTSTRAP   -I/data/data/com.termux/files/usr/tmp/tmpibtw600x/cmake-4.4.3/Bootstrap.cmk   -I/data/data/com.termux/files/usr/tmp/tmpibtw600x/cmake-4.4.3/Source   -I/data/data/com.termux/files/usr/tmp/tmpibtw600x/cmake-4.4.3/Source/LexerParser   -I/data/data/com.termux/files/usr/tmp/tmpibtw600x/cmake-4.4.3/Utilities -DKWSYS_STRING_C -DKWSYS_NAMESPACE=cmsys -c /data/data/com.termux/files/usr/tmp/tmpibtw600x/cmake-4.4.3/Source/kwsys/String.c -o String.o
            gcc    -D_FILE_OFFSET_BITS=64 -D_TIME_BITS=64    -DCMAKE_BOOTSTRAP   -I/data/data/com.termux/files/usr/tmp/tmpibtw600x/cmake-4.4.3/Bootstrap.cmk   -I/data/data/com.termux/files/usr/tmp/tmpibtw600x/cmake-4.4.3/Source   -I/data/data/com.termux/files/usr/tmp/tmpibtw600x/cmake-4.4.3/Source/LexerParser   -I/data/data/com.termux/files/usr/tmp/tmpibtw600x/cmake-4.4.3/Utilities  -DKWSYS_NAMESPACE=cmsys -c /data/data/com.termux/files/usr/tmp/tmpibtw600x/cmake-4.4.3/Source/kwsys/System.c -o System.o
            gcc    -D_FILE_OFFSET_BITS=64 -D_TIME_BITS=64    -DCMAKE_BOOTSTRAP   -I/data/data/com.termux/files/usr/tmp/tmpibtw600x/cmake-4.4.3/Bootstrap.cmk   -I/data/data/com.termux/files/usr/tmp/tmpibtw600x/cmake-4.4.3/Source   -I/data/data/com.termux/files/usr/tmp/tmpibtw600x/cmake-4.4.3/Source/LexerParser   -I/data/data/com.termux/files/usr/tmp/tmpibtw600x/cmake-4.4.3/Utilities  -D_GNU_SOURCE -I/data/data/com.termux/files/usr/tmp/tmpibtw600x/cmake-4.4.3/Utilities/cmlibuv/include -I/data/data/com.termux/files/usr/tmp/tmpibtw600x/cmake-4.4.3/Utilities/cmlibuv/src/unix -I/data/data/com.termux/files/usr/tmp/tmpibtw600x/cmake-4.4.3/Utilities/cmlibuv/src -c /data/data/com.termux/files/usr/tmp/tmpibtw600x/cmake-4.4.3/Utilities/cmlibuv/src/strscpy.c -o uv-src-strscpy.c.o
            gcc    -D_FILE_OFFSET_BITS=64 -D_TIME_BITS=64    -DCMAKE_BOOTSTRAP   -I/data/data/com.termux/files/usr/tmp/tmpibtw600x/cmake-4.4.3/Bootstrap.cmk   -I/data/data/com.termux/files/usr/tmp/tmpibtw600x/cmake-4.4.3/Source   -I/data/data/com.termux/files/usr/tmp/tmpibtw600x/cmake-4.4.3/Source/LexerParser   -I/data/data/com.termux/files/usr/tmp/tmpibtw600x/cmake-4.4.3/Utilities  -D_GNU_SOURCE -I/data/data/com.termux/files/usr/tmp/tmpibtw600x/cmake-4.4.3/Utilities/cmlibuv/include -I/data/data/com.termux/files/usr/tmp/tmpibtw600x/cmake-4.4.3/Utilities/cmlibuv/src/unix -I/data/data/com.termux/files/usr/tmp/tmpibtw600x/cmake-4.4.3/Utilities/cmlibuv/src -c /data/data/com.termux/files/usr/tmp/tmpibtw600x/cmake-4.4.3/Utilities/cmlibuv/src/strtok.c -o uv-src-strtok.c.o
            gcc    -D_FILE_OFFSET_BITS=64 -D_TIME_BITS=64    -DCMAKE_BOOTSTRAP   -I/data/data/com.termux/files/usr/tmp/tmpibtw600x/cmake-4.4.3/Bootstrap.cmk   -I/data/data/com.termux/files/usr/tmp/tmpibtw600x/cmake-4.4.3/Source   -I/data/data/com.termux/files/usr/tmp/tmpibtw600x/cmake-4.4.3/Source/LexerParser   -I/data/data/com.termux/files/usr/tmp/tmpibtw600x/cmake-4.4.3/Utilities  -D_GNU_SOURCE -I/data/data/com.termux/files/usr/tmp/tmpibtw600x/cmake-4.4.3/Utilities/cmlibuv/include -I/data/data/com.termux/files/usr/tmp/tmpibtw600x/cmake-4.4.3/Utilities/cmlibuv/src/unix -I/data/data/com.termux/files/usr/tmp/tmpibtw600x/cmake-4.4.3/Utilities/cmlibuv/src -c /data/data/com.termux/files/usr/tmp/tmpibtw600x/cmake-4.4.3/Utilities/cmlibuv/src/timer.c -o uv-src-timer.c.o
            gcc    -D_FILE_OFFSET_BITS=64 -D_TIME_BITS=64    -DCMAKE_BOOTSTRAP   -I/data/data/com.termux/files/usr/tmp/tmpibtw600x/cmake-4.4.3/Bootstrap.cmk   -I/data/data/com.termux/files/usr/tmp/tmpibtw600x/cmake-4.4.3/Source   -I/data/data/com.termux/files/usr/tmp/tmpibtw600x/cmake-4.4.3/Source/LexerParser   -I/data/data/com.termux/files/usr/tmp/tmpibtw600x/cmake-4.4.3/Utilities  -D_GNU_SOURCE -I/data/data/com.termux/files/usr/tmp/tmpibtw600x/cmake-4.4.3/Utilities/cmlibuv/include -I/data/data/com.termux/files/usr/tmp/tmpibtw600x/cmake-4.4.3/Utilities/cmlibuv/src/unix -I/data/data/com.termux/files/usr/tmp/tmpibtw600x/cmake-4.4.3/Utilities/cmlibuv/src -c /data/data/com.termux/files/usr/tmp/tmpibtw600x/cmake-4.4.3/Utilities/cmlibuv/src/uv-common.c -o uv-src-uv-common.c.o
            gcc    -D_FILE_OFFSET_BITS=64 -D_TIME_BITS=64    -DCMAKE_BOOTSTRAP   -I/data/data/com.termux/files/usr/tmp/tmpibtw600x/cmake-4.4.3/Bootstrap.cmk   -I/data/data/com.termux/files/usr/tmp/tmpibtw600x/cmake-4.4.3/Source   -I/data/data/com.termux/files/usr/tmp/tmpibtw600x/cmake-4.4.3/Source/LexerParser   -I/data/data/com.termux/files/usr/tmp/tmpibtw600x/cmake-4.4.3/Utilities  -D_GNU_SOURCE -I/data/data/com.termux/files/usr/tmp/tmpibtw600x/cmake-4.4.3/Utilities/cmlibuv/include -I/data/data/com.termux/files/usr/tmp/tmpibtw600x/cmake-4.4.3/Utilities/cmlibuv/src/unix -I/data/data/com.termux/files/usr/tmp/tmpibtw600x/cmake-4.4.3/Utilities/cmlibuv/src -c /data/data/com.termux/files/usr/tmp/tmpibtw600x/cmake-4.4.3/Utilities/cmlibuv/src/unix/cmake-bootstrap.c -o uv-src-unix-cmake-bootstrap.c.o
            gcc    -D_FILE_OFFSET_BITS=64 -D_TIME_BITS=64    -DCMAKE_BOOTSTRAP   -I/data/data/com.termux/files/usr/tmp/tmpibtw600x/cmake-4.4.3/Bootstrap.cmk   -I/data/data/com.termux/files/usr/tmp/tmpibtw600x/cmake-4.4.3/Source   -I/data/data/com.termux/files/usr/tmp/tmpibtw600x/cmake-4.4.3/Source/LexerParser   -I/data/data/com.termux/files/usr/tmp/tmpibtw600x/cmake-4.4.3/Utilities  -D_GNU_SOURCE -I/data/data/com.termux/files/usr/tmp/tmpibtw600x/cmake-4.4.3/Utilities/cmlibuv/include -I/data/data/com.termux/files/usr/tmp/tmpibtw600x/cmake-4.4.3/Utilities/cmlibuv/src/unix -I/data/data/com.termux/files/usr/tmp/tmpibtw600x/cmake-4.4.3/Utilities/cmlibuv/src -c /data/data/com.termux/files/usr/tmp/tmpibtw600x/cmake-4.4.3/Utilities/cmlibuv/src/unix/core.c -o uv-src-unix-core.c.o
            gcc    -D_FILE_OFFSET_BITS=64 -D_TIME_BITS=64    -DCMAKE_BOOTSTRAP   -I/data/data/com.termux/files/usr/tmp/tmpibtw600x/cmake-4.4.3/Bootstrap.cmk   -I/data/data/com.termux/files/usr/tmp/tmpibtw600x/cmake-4.4.3/Source   -I/data/data/com.termux/files/usr/tmp/tmpibtw600x/cmake-4.4.3/Source/LexerParser   -I/data/data/com.termux/files/usr/tmp/tmpibtw600x/cmake-4.4.3/Utilities  -D_GNU_SOURCE -I/data/data/com.termux/files/usr/tmp/tmpibtw600x/cmake-4.4.3/Utilities/cmlibuv/include -I/data/data/com.termux/files/usr/tmp/tmpibtw600x/cmake-4.4.3/Utilities/cmlibuv/src/unix -I/data/data/com.termux/files/usr/tmp/tmpibtw600x/cmake-4.4.3/Utilities/cmlibuv/src -c /data/data/com.termux/files/usr/tmp/tmpibtw600x/cmake-4.4.3/Utilities/cmlibuv/src/unix/fs.c -o uv-src-unix-fs.c.o
            gcc    -D_FILE_OFFSET_BITS=64 -D_TIME_BITS=64    -DCMAKE_BOOTSTRAP   -I/data/data/com.termux/files/usr/tmp/tmpibtw600x/cmake-4.4.3/Bootstrap.cmk   -I/data/data/com.termux/files/usr/tmp/tmpibtw600x/cmake-4.4.3/Source   -I/data/data/com.termux/files/usr/tmp/tmpibtw600x/cmake-4.4.3/Source/LexerParser   -I/data/data/com.termux/files/usr/tmp/tmpibtw600x/cmake-4.4.3/Utilities  -D_GNU_SOURCE -I/data/data/com.termux/files/usr/tmp/tmpibtw600x/cmake-4.4.3/Utilities/cmlibuv/include -I/data/data/com.termux/files/usr/tmp/tmpibtw600x/cmake-4.4.3/Utilities/cmlibuv/src/unix -I/data/data/com.termux/files/usr/tmp/tmpibtw600x/cmake-4.4.3/Utilities/cmlibuv/src -c /data/data/com.termux/files/usr/tmp/tmpibtw600x/cmake-4.4.3/Utilities/cmlibuv/src/unix/loop.c -o uv-src-unix-loop.c.o
            gcc    -D_FILE_OFFSET_BITS=64 -D_TIME_BITS=64    -DCMAKE_BOOTSTRAP   -I/data/data/com.termux/files/usr/tmp/tmpibtw600x/cmake-4.4.3/Bootstrap.cmk   -I/data/data/com.termux/files/usr/tmp/tmpibtw600x/cmake-4.4.3/Source   -I/data/data/com.termux/files/usr/tmp/tmpibtw600x/cmake-4.4.3/Source/LexerParser   -I/data/data/com.termux/files/usr/tmp/tmpibtw600x/cmake-4.4.3/Utilities  -D_GNU_SOURCE -I/data/data/com.termux/files/usr/tmp/tmpibtw600x/cmake-4.4.3/Utilities/cmlibuv/include -I/data/data/com.termux/files/usr/tmp/tmpibtw600x/cmake-4.4.3/Utilities/cmlibuv/src/unix -I/data/data/com.termux/files/usr/tmp/tmpibtw600x/cmake-4.4.3/Utilities/cmlibuv/src -c /data/data/com.termux/files/usr/tmp/tmpibtw600x/cmake-4.4.3/Utilities/cmlibuv/src/unix/loop-watcher.c -o uv-src-unix-loop-watcher.c.o
            gcc    -D_FILE_OFFSET_BITS=64 -D_TIME_BITS=64    -DCMAKE_BOOTSTRAP   -I/data/data/com.termux/files/usr/tmp/tmpibtw600x/cmake-4.4.3/Bootstrap.cmk   -I/data/data/com.termux/files/usr/tmp/tmpibtw600x/cmake-4.4.3/Source   -I/data/data/com.termux/files/usr/tmp/tmpibtw600x/cmake-4.4.3/Source/LexerParser   -I/data/data/com.termux/files/usr/tmp/tmpibtw600x/cmake-4.4.3/Utilities  -D_GNU_SOURCE -I/data/data/com.termux/files/usr/tmp/tmpibtw600x/cmake-4.4.3/Utilities/cmlibuv/include -I/data/data/com.termux/files/usr/tmp/tmpibtw600x/cmake-4.4.3/Utilities/cmlibuv/src/unix -I/data/data/com.termux/files/usr/tmp/tmpibtw600x/cmake-4.4.3/Utilities/cmlibuv/src -c /data/data/com.termux/files/usr/tmp/tmpibtw600x/cmake-4.4.3/Utilities/cmlibuv/src/unix/no-fsevents.c -o uv-src-unix-no-fsevents.c.o
            gcc    -D_FILE_OFFSET_BITS=64 -D_TIME_BITS=64    -DCMAKE_BOOTSTRAP   -I/data/data/com.termux/files/usr/tmp/tmpibtw600x/cmake-4.4.3/Bootstrap.cmk   -I/data/data/com.termux/files/usr/tmp/tmpibtw600x/cmake-4.4.3/Source   -I/data/data/com.termux/files/usr/tmp/tmpibtw600x/cmake-4.4.3/Source/LexerParser   -I/data/data/com.termux/files/usr/tmp/tmpibtw600x/cmake-4.4.3/Utilities  -D_GNU_SOURCE -I/data/data/com.termux/files/usr/tmp/tmpibtw600x/cmake-4.4.3/Utilities/cmlibuv/include -I/data/data/com.termux/files/usr/tmp/tmpibtw600x/cmake-4.4.3/Utilities/cmlibuv/src/unix -I/data/data/com.termux/files/usr/tmp/tmpibtw600x/cmake-4.4.3/Utilities/cmlibuv/src -c /data/data/com.termux/files/usr/tmp/tmpibtw600x/cmake-4.4.3/Utilities/cmlibuv/src/unix/pipe.c -o uv-src-unix-pipe.c.o
            gcc    -D_FILE_OFFSET_BITS=64 -D_TIME_BITS=64    -DCMAKE_BOOTSTRAP   -I/data/data/com.termux/files/usr/tmp/tmpibtw600x/cmake-4.4.3/Bootstrap.cmk   -I/data/data/com.termux/files/usr/tmp/tmpibtw600x/cmake-4.4.3/Source   -I/data/data/com.termux/files/usr/tmp/tmpibtw600x/cmake-4.4.3/Source/LexerParser   -I/data/data/com.termux/files/usr/tmp/tmpibtw600x/cmake-4.4.3/Utilities  -D_GNU_SOURCE -I/data/data/com.termux/files/usr/tmp/tmpibtw600x/cmake-4.4.3/Utilities/cmlibuv/include -I/data/data/com.termux/files/usr/tmp/tmpibtw600x/cmake-4.4.3/Utilities/cmlibuv/src/unix -I/data/data/com.termux/files/usr/tmp/tmpibtw600x/cmake-4.4.3/Utilities/cmlibuv/src -c /data/data/com.termux/files/usr/tmp/tmpibtw600x/cmake-4.4.3/Utilities/cmlibuv/src/unix/poll.c -o uv-src-unix-poll.c.o
            gcc    -D_FILE_OFFSET_BITS=64 -D_TIME_BITS=64    -DCMAKE_BOOTSTRAP   -I/data/data/com.termux/files/usr/tmp/tmpibtw600x/cmake-4.4.3/Bootstrap.cmk   -I/data/data/com.termux/files/usr/tmp/tmpibtw600x/cmake-4.4.3/Source   -I/data/data/com.termux/files/usr/tmp/tmpibtw600x/cmake-4.4.3/Source/LexerParser   -I/data/data/com.termux/files/usr/tmp/tmpibtw600x/cmake-4.4.3/Utilities  -D_GNU_SOURCE -I/data/data/com.termux/files/usr/tmp/tmpibtw600x/cmake-4.4.3/Utilities/cmlibuv/include -I/data/data/com.termux/files/usr/tmp/tmpibtw600x/cmake-4.4.3/Utilities/cmlibuv/src/unix -I/data/data/com.termux/files/usr/tmp/tmpibtw600x/cmake-4.4.3/Utilities/cmlibuv/src -c /data/data/com.termux/files/usr/tmp/tmpibtw600x/cmake-4.4.3/Utilities/cmlibuv/src/unix/posix-hrtime.c -o uv-src-unix-posix-hrtime.c.o
            gcc    -D_FILE_OFFSET_BITS=64 -D_TIME_BITS=64    -DCMAKE_BOOTSTRAP   -I/data/data/com.termux/files/usr/tmp/tmpibtw600x/cmake-4.4.3/Bootstrap.cmk   -I/data/data/com.termux/files/usr/tmp/tmpibtw600x/cmake-4.4.3/Source   -I/data/data/com.termux/files/usr/tmp/tmpibtw600x/cmake-4.4.3/Source/LexerParser   -I/data/data/com.termux/files/usr/tmp/tmpibtw600x/cmake-4.4.3/Utilities  -D_GNU_SOURCE -I/data/data/com.termux/files/usr/tmp/tmpibtw600x/cmake-4.4.3/Utilities/cmlibuv/include -I/data/data/com.termux/files/usr/tmp/tmpibtw600x/cmake-4.4.3/Utilities/cmlibuv/src/unix -I/data/data/com.termux/files/usr/tmp/tmpibtw600x/cmake-4.4.3/Utilities/cmlibuv/src -c /data/data/com.termux/files/usr/tmp/tmpibtw600x/cmake-4.4.3/Utilities/cmlibuv/src/unix/posix-poll.c -o uv-src-unix-posix-poll.c.o
            gcc    -D_FILE_OFFSET_BITS=64 -D_TIME_BITS=64    -DCMAKE_BOOTSTRAP   -I/data/data/com.termux/files/usr/tmp/tmpibtw600x/cmake-4.4.3/Bootstrap.cmk   -I/data/data/com.termux/files/usr/tmp/tmpibtw600x/cmake-4.4.3/Source   -I/data/data/com.termux/files/usr/tmp/tmpibtw600x/cmake-4.4.3/Source/LexerParser   -I/data/data/com.termux/files/usr/tmp/tmpibtw600x/cmake-4.4.3/Utilities  -D_GNU_SOURCE -I/data/data/com.termux/files/usr/tmp/tmpibtw600x/cmake-4.4.3/Utilities/cmlibuv/include -I/data/data/com.termux/files/usr/tmp/tmpibtw600x/cmake-4.4.3/Utilities/cmlibuv/src/unix -I/data/data/com.termux/files/usr/tmp/tmpibtw600x/cmake-4.4.3/Utilities/cmlibuv/src -c /data/data/com.termux/files/usr/tmp/tmpibtw600x/cmake-4.4.3/Utilities/cmlibuv/src/unix/process.c -o uv-src-unix-process.c.o
            gcc    -D_FILE_OFFSET_BITS=64 -D_TIME_BITS=64    -DCMAKE_BOOTSTRAP   -I/data/data/com.termux/files/usr/tmp/tmpibtw600x/cmake-4.4.3/Bootstrap.cmk   -I/data/data/com.termux/files/usr/tmp/tmpibtw600x/cmake-4.4.3/Source   -I/data/data/com.termux/files/usr/tmp/tmpibtw600x/cmake-4.4.3/Source/LexerParser   -I/data/data/com.termux/files/usr/tmp/tmpibtw600x/cmake-4.4.3/Utilities  -D_GNU_SOURCE -I/data/data/com.termux/files/usr/tmp/tmpibtw600x/cmake-4.4.3/Utilities/cmlibuv/include -I/data/data/com.termux/files/usr/tmp/tmpibtw600x/cmake-4.4.3/Utilities/cmlibuv/src/unix -I/data/data/com.termux/files/usr/tmp/tmpibtw600x/cmake-4.4.3/Utilities/cmlibuv/src -c /data/data/com.termux/files/usr/tmp/tmpibtw600x/cmake-4.4.3/Utilities/cmlibuv/src/unix/signal.c -o uv-src-unix-signal.c.o
            gcc    -D_FILE_OFFSET_BITS=64 -D_TIME_BITS=64    -DCMAKE_BOOTSTRAP   -I/data/data/com.termux/files/usr/tmp/tmpibtw600x/cmake-4.4.3/Bootstrap.cmk   -I/data/data/com.termux/files/usr/tmp/tmpibtw600x/cmake-4.4.3/Source   -I/data/data/com.termux/files/usr/tmp/tmpibtw600x/cmake-4.4.3/Source/LexerParser   -I/data/data/com.termux/files/usr/tmp/tmpibtw600x/cmake-4.4.3/Utilities  -D_GNU_SOURCE -I/data/data/com.termux/files/usr/tmp/tmpibtw600x/cmake-4.4.3/Utilities/cmlibuv/include -I/data/data/com.termux/files/usr/tmp/tmpibtw600x/cmake-4.4.3/Utilities/cmlibuv/src/unix -I/data/data/com.termux/files/usr/tmp/tmpibtw600x/cmake-4.4.3/Utilities/cmlibuv/src -c /data/data/com.termux/files/usr/tmp/tmpibtw600x/cmake-4.4.3/Utilities/cmlibuv/src/unix/stream.c -o uv-src-unix-stream.c.o
            gcc    -D_FILE_OFFSET_BITS=64 -D_TIME_BITS=64    -DCMAKE_BOOTSTRAP   -I/data/data/com.termux/files/usr/tmp/tmpibtw600x/cmake-4.4.3/Bootstrap.cmk   -I/data/data/com.termux/files/usr/tmp/tmpibtw600x/cmake-4.4.3/Source   -I/data/data/com.termux/files/usr/tmp/tmpibtw600x/cmake-4.4.3/Source/LexerParser   -I/data/data/com.termux/files/usr/tmp/tmpibtw600x/cmake-4.4.3/Utilities  -D_GNU_SOURCE -I/data/data/com.termux/files/usr/tmp/tmpibtw600x/cmake-4.4.3/Utilities/cmlibuv/include -I/data/data/com.termux/files/usr/tmp/tmpibtw600x/cmake-4.4.3/Utilities/cmlibuv/src/unix -I/data/data/com.termux/files/usr/tmp/tmpibtw600x/cmake-4.4.3/Utilities/cmlibuv/src -c /data/data/com.termux/files/usr/tmp/tmpibtw600x/cmake-4.4.3/Utilities/cmlibuv/src/unix/tcp.c -o uv-src-unix-tcp.c.o
            gcc    -D_FILE_OFFSET_BITS=64 -D_TIME_BITS=64    -DCMAKE_BOOTSTRAP   -I/data/data/com.termux/files/usr/tmp/tmpibtw600x/cmake-4.4.3/Bootstrap.cmk   -I/data/data/com.termux/files/usr/tmp/tmpibtw600x/cmake-4.4.3/Source   -I/data/data/com.termux/files/usr/tmp/tmpibtw600x/cmake-4.4.3/Source/LexerParser   -I/data/data/com.termux/files/usr/tmp/tmpibtw600x/cmake-4.4.3/Utilities  -D_GNU_SOURCE -I/data/data/com.termux/files/usr/tmp/tmpibtw600x/cmake-4.4.3/Utilities/cmlibuv/include -I/data/data/com.termux/files/usr/tmp/tmpibtw600x/cmake-4.4.3/Utilities/cmlibuv/src/unix -I/data/data/com.termux/files/usr/tmp/tmpibtw600x/cmake-4.4.3/Utilities/cmlibuv/src -c /data/data/com.termux/files/usr/tmp/tmpibtw600x/cmake-4.4.3/Utilities/cmlibuv/src/unix/tty.c -o uv-src-unix-tty.c.o
            gcc    -D_FILE_OFFSET_BITS=64 -D_TIME_BITS=64    -DCMAKE_BOOTSTRAP   -I/data/data/com.termux/files/usr/tmp/tmpibtw600x/cmake-4.4.3/Bootstrap.cmk   -I/data/data/com.termux/files/usr/tmp/tmpibtw600x/cmake-4.4.3/Source   -I/data/data/com.termux/files/usr/tmp/tmpibtw600x/cmake-4.4.3/Source/LexerParser   -I/data/data/com.termux/files/usr/tmp/tmpibtw600x/cmake-4.4.3/Utilities -DNO_IMPORT_EXPORT -c /data/data/com.termux/files/usr/tmp/tmpibtw600x/cmake-4.4.3/Utilities/cmlibrhash/librhash/algorithms.c -o rhash-librhash-algorithms.c.o
            gcc    -D_FILE_OFFSET_BITS=64 -D_TIME_BITS=64    -DCMAKE_BOOTSTRAP   -I/data/data/com.termux/files/usr/tmp/tmpibtw600x/cmake-4.4.3/Bootstrap.cmk   -I/data/data/com.termux/files/usr/tmp/tmpibtw600x/cmake-4.4.3/Source   -I/data/data/com.termux/files/usr/tmp/tmpibtw600x/cmake-4.4.3/Source/LexerParser   -I/data/data/com.termux/files/usr/tmp/tmpibtw600x/cmake-4.4.3/Utilities -DNO_IMPORT_EXPORT -c /data/data/com.termux/files/usr/tmp/tmpibtw600x/cmake-4.4.3/Utilities/cmlibrhash/librhash/byte_order.c -o rhash-librhash-byte_order.c.o
            gcc    -D_FILE_OFFSET_BITS=64 -D_TIME_BITS=64    -DCMAKE_BOOTSTRAP   -I/data/data/com.termux/files/usr/tmp/tmpibtw600x/cmake-4.4.3/Bootstrap.cmk   -I/data/data/com.termux/files/usr/tmp/tmpibtw600x/cmake-4.4.3/Source   -I/data/data/com.termux/files/usr/tmp/tmpibtw600x/cmake-4.4.3/Source/LexerParser   -I/data/data/com.termux/files/usr/tmp/tmpibtw600x/cmake-4.4.3/Utilities -DNO_IMPORT_EXPORT -c /data/data/com.termux/files/usr/tmp/tmpibtw600x/cmake-4.4.3/Utilities/cmlibrhash/librhash/hex.c -o rhash-librhash-hex.c.o
            gcc    -D_FILE_OFFSET_BITS=64 -D_TIME_BITS=64    -DCMAKE_BOOTSTRAP   -I/data/data/com.termux/files/usr/tmp/tmpibtw600x/cmake-4.4.3/Bootstrap.cmk   -I/data/data/com.termux/files/usr/tmp/tmpibtw600x/cmake-4.4.3/Source   -I/data/data/com.termux/files/usr/tmp/tmpibtw600x/cmake-4.4.3/Source/LexerParser   -I/data/data/com.termux/files/usr/tmp/tmpibtw600x/cmake-4.4.3/Utilities -DNO_IMPORT_EXPORT -c /data/data/com.termux/files/usr/tmp/tmpibtw600x/cmake-4.4.3/Utilities/cmlibrhash/librhash/md5.c -o rhash-librhash-md5.c.o
            gcc    -D_FILE_OFFSET_BITS=64 -D_TIME_BITS=64    -DCMAKE_BOOTSTRAP   -I/data/data/com.termux/files/usr/tmp/tmpibtw600x/cmake-4.4.3/Bootstrap.cmk   -I/data/data/com.termux/files/usr/tmp/tmpibtw600x/cmake-4.4.3/Source   -I/data/data/com.termux/files/usr/tmp/tmpibtw600x/cmake-4.4.3/Source/LexerParser   -I/data/data/com.termux/files/usr/tmp/tmpibtw600x/cmake-4.4.3/Utilities -DNO_IMPORT_EXPORT -c /data/data/com.termux/files/usr/tmp/tmpibtw600x/cmake-4.4.3/Utilities/cmlibrhash/librhash/rhash.c -o rhash-librhash-rhash.c.o
            gcc    -D_FILE_OFFSET_BITS=64 -D_TIME_BITS=64    -DCMAKE_BOOTSTRAP   -I/data/data/com.termux/files/usr/tmp/tmpibtw600x/cmake-4.4.3/Bootstrap.cmk   -I/data/data/com.termux/files/usr/tmp/tmpibtw600x/cmake-4.4.3/Source   -I/data/data/com.termux/files/usr/tmp/tmpibtw600x/cmake-4.4.3/Source/LexerParser   -I/data/data/com.termux/files/usr/tmp/tmpibtw600x/cmake-4.4.3/Utilities -DNO_IMPORT_EXPORT -c /data/data/com.termux/files/usr/tmp/tmpibtw600x/cmake-4.4.3/Utilities/cmlibrhash/librhash/sha1.c -o rhash-librhash-sha1.c.o
            gcc    -D_FILE_OFFSET_BITS=64 -D_TIME_BITS=64    -DCMAKE_BOOTSTRAP   -I/data/data/com.termux/files/usr/tmp/tmpibtw600x/cmake-4.4.3/Bootstrap.cmk   -I/data/data/com.termux/files/usr/tmp/tmpibtw600x/cmake-4.4.3/Source   -I/data/data/com.termux/files/usr/tmp/tmpibtw600x/cmake-4.4.3/Source/LexerParser   -I/data/data/com.termux/files/usr/tmp/tmpibtw600x/cmake-4.4.3/Utilities -DNO_IMPORT_EXPORT -c /data/data/com.termux/files/usr/tmp/tmpibtw600x/cmake-4.4.3/Utilities/cmlibrhash/librhash/sha256.c -o rhash-librhash-sha256.c.o
            gcc    -D_FILE_OFFSET_BITS=64 -D_TIME_BITS=64    -DCMAKE_BOOTSTRAP   -I/data/data/com.termux/files/usr/tmp/tmpibtw600x/cmake-4.4.3/Bootstrap.cmk   -I/data/data/com.termux/files/usr/tmp/tmpibtw600x/cmake-4.4.3/Source   -I/data/data/com.termux/files/usr/tmp/tmpibtw600x/cmake-4.4.3/Source/LexerParser   -I/data/data/com.termux/files/usr/tmp/tmpibtw600x/cmake-4.4.3/Utilities -DNO_IMPORT_EXPORT -c /data/data/com.termux/files/usr/tmp/tmpibtw600x/cmake-4.4.3/Utilities/cmlibrhash/librhash/sha3.c -o rhash-librhash-sha3.c.o
            gcc    -D_FILE_OFFSET_BITS=64 -D_TIME_BITS=64    -DCMAKE_BOOTSTRAP   -I/data/data/com.termux/files/usr/tmp/tmpibtw600x/cmake-4.4.3/Bootstrap.cmk   -I/data/data/com.termux/files/usr/tmp/tmpibtw600x/cmake-4.4.3/Source   -I/data/data/com.termux/files/usr/tmp/tmpibtw600x/cmake-4.4.3/Source/LexerParser   -I/data/data/com.termux/files/usr/tmp/tmpibtw600x/cmake-4.4.3/Utilities -DNO_IMPORT_EXPORT -c /data/data/com.termux/files/usr/tmp/tmpibtw600x/cmake-4.4.3/Utilities/cmlibrhash/librhash/sha512.c -o rhash-librhash-sha512.c.o
            gcc    -D_FILE_OFFSET_BITS=64 -D_TIME_BITS=64    -DCMAKE_BOOTSTRAP   -I/data/data/com.termux/files/usr/tmp/tmpibtw600x/cmake-4.4.3/Bootstrap.cmk   -I/data/data/com.termux/files/usr/tmp/tmpibtw600x/cmake-4.4.3/Source   -I/data/data/com.termux/files/usr/tmp/tmpibtw600x/cmake-4.4.3/Source/LexerParser   -I/data/data/com.termux/files/usr/tmp/tmpibtw600x/cmake-4.4.3/Utilities -DNO_IMPORT_EXPORT -c /data/data/com.termux/files/usr/tmp/tmpibtw600x/cmake-4.4.3/Utilities/cmlibrhash/librhash/util.c -o rhash-librhash-util.c.o
            g++     -D_FILE_OFFSET_BITS=64 -D_TIME_BITS=64    -DCMAKE_BOOTSTRAP    -DCMake_HAVE_CXX_MAKE_UNIQUE=1 -DCMake_HAVE_CXX_FILESYSTEM=1   -I/data/data/com.termux/files/usr/tmp/tmpibtw600x/cmake-4.4.3/Bootstrap.cmk   -I/data/data/com.termux/files/usr/tmp/tmpibtw600x/cmake-4.4.3/Source   -I/data/data/com.termux/files/usr/tmp/tmpibtw600x/cmake-4.4.3/Source/LexerParser   -I/data/data/com.termux/files/usr/tmp/tmpibtw600x/cmake-4.4.3/Utilities/std   -I/data/data/com.termux/files/usr/tmp/tmpibtw600x/cmake-4.4.3/Utilities  -I/data/data/com.termux/files/usr/tmp/tmpibtw600x/cmake-4.4.3/Utilities/cmjsoncpp/include -c /data/data/com.termux/files/usr/tmp/tmpibtw600x/cmake-4.4.3/Utilities/cmjsoncpp/src/lib_json/json_reader.cpp -o jsoncpp-src-lib_json-json_reader.cpp.o
            g++     -D_FILE_OFFSET_BITS=64 -D_TIME_BITS=64    -DCMAKE_BOOTSTRAP    -DCMake_HAVE_CXX_MAKE_UNIQUE=1 -DCMake_HAVE_CXX_FILESYSTEM=1   -I/data/data/com.termux/files/usr/tmp/tmpibtw600x/cmake-4.4.3/Bootstrap.cmk   -I/data/data/com.termux/files/usr/tmp/tmpibtw600x/cmake-4.4.3/Source   -I/data/data/com.termux/files/usr/tmp/tmpibtw600x/cmake-4.4.3/Source/LexerParser   -I/data/data/com.termux/files/usr/tmp/tmpibtw600x/cmake-4.4.3/Utilities/std   -I/data/data/com.termux/files/usr/tmp/tmpibtw600x/cmake-4.4.3/Utilities  -I/data/data/com.termux/files/usr/tmp/tmpibtw600x/cmake-4.4.3/Utilities/cmjsoncpp/include -c /data/data/com.termux/files/usr/tmp/tmpibtw600x/cmake-4.4.3/Utilities/cmjsoncpp/src/lib_json/json_value.cpp -o jsoncpp-src-lib_json-json_value.cpp.o
            g++     -D_FILE_OFFSET_BITS=64 -D_TIME_BITS=64    -DCMAKE_BOOTSTRAP    -DCMake_HAVE_CXX_MAKE_UNIQUE=1 -DCMake_HAVE_CXX_FILESYSTEM=1   -I/data/data/com.termux/files/usr/tmp/tmpibtw600x/cmake-4.4.3/Bootstrap.cmk   -I/data/data/com.termux/files/usr/tmp/tmpibtw600x/cmake-4.4.3/Source   -I/data/data/com.termux/files/usr/tmp/tmpibtw600x/cmake-4.4.3/Source/LexerParser   -I/data/data/com.termux/files/usr/tmp/tmpibtw600x/cmake-4.4.3/Utilities/std   -I/data/data/com.termux/files/usr/tmp/tmpibtw600x/cmake-4.4.3/Utilities  -I/data/data/com.termux/files/usr/tmp/tmpibtw600x/cmake-4.4.3/Utilities/cmjsoncpp/include -c /data/data/com.termux/files/usr/tmp/tmpibtw600x/cmake-4.4.3/Utilities/cmjsoncpp/src/lib_json/json_writer.cpp -o jsoncpp-src-lib_json-json_writer.cpp.o
            g++      -D_FILE_OFFSET_BITS=64 -D_TIME_BITS=64    -DCMAKE_BOOTSTRAP    -DCMake_HAVE_CXX_MAKE_UNIQUE=1 -DCMake_HAVE_CXX_FILESYSTEM=1   -I/data/data/com.termux/files/usr/tmp/tmpibtw600x/cmake-4.4.3/Bootstrap.cmk   -I/data/data/com.termux/files/usr/tmp/tmpibtw600x/cmake-4.4.3/Source   -I/data/data/com.termux/files/usr/tmp/tmpibtw600x/cmake-4.4.3/Source/LexerParser   -I/data/data/com.termux/files/usr/tmp/tmpibtw600x/cmake-4.4.3/Utilities/std   -I/data/data/com.termux/files/usr/tmp/tmpibtw600x/cmake-4.4.3/Utilities  cmAddCompileDefinitionsCommand.o cmAddCustomCommandCommand.o cmAddCustomTargetCommand.o cmAddDefinitionsCommand.o cmAddDependenciesCommand.o cmAddExecutableCommand.o cmAddLibraryCommand.o cmAddSubDirectoryCommand.o cmAddTestCommand.o cmArgumentParser.o cmBinUtilsLinker.o cmBinUtilsLinuxELFGetRuntimeDependenciesTool.o cmBinUtilsLinuxELFLinker.o cmBinUtilsLinuxELFObjdumpGetRuntimeDependenciesTool.o cmBinUtilsMacOSMachOGetRuntimeDependenciesTool.o cmBinUtilsMacOSMachOLinker.o cmBinUtilsMacOSMachOOToolGetRuntimeDependenciesTool.o cmBinUtilsWindowsPEGetRuntimeDependenciesTool.o cmBinUtilsWindowsPEDumpbinGetRuntimeDependenciesTool.o cmBinUtilsWindowsPELinker.o cmBinUtilsWindowsPEObjdumpGetRuntimeDependenciesTool.o cmBlockCommand.o cmBreakCommand.o cmBuildCommand.o cmBuildDatabase.o cmCMakeLanguageCommand.o cmCMakeMinimumRequired.o cmList.o cmCMakeDiagnosticCommand.o cmCMakePath.o cmCMakePathCommand.o cmCMakePolicyCommand.o cmCMakeString.o cmCPackPropertiesGenerator.o cmCacheDocumentationTable.o cmCacheManager.o cmCachePatternTable.o cmCommands.o cmCommonTargetGenerator.o cmComputeComponentGraph.o cmComputeLinkDepends.o cmComputeLinkInformation.o cmComputeTargetDepends.o cmConditionEvaluator.o cmConfigureFileCommand.o cmContinueCommand.o cmCoreTryCompile.o cmCreateTestSourceList.o cmCryptoHash.o cmCustomCommand.o cmCustomCommandGenerator.o cmCustomCommandLines.o cmCxxModuleMapper.o cmCxxModuleUsageEffects.o cmDefinePropertyCommand.o cmDefinitions.o cmDiagnostics.o cmDiagnosticContext.o cmDiscoverTestsCommand.o cmDocumentationFormatter.o cmELF.o cmEnableLanguageCommand.o cmEnableTestingCommand.o cmEnvironment.o cmEvaluatedTargetProperty.o cmExecProgramCommand.o cmExecuteProcessCommand.o cmExpandedCommandArgument.o cmExperimental.o cmExportBuildCMakeConfigGenerator.o cmExportBuildFileGenerator.o cmExportCMakeConfigGenerator.o cmExportFileGenerator.o cmExportInstallCMakeConfigGenerator.o cmExportInstallFileGenerator.o cmExportSet.o cmExportTryCompileFileGenerator.o cmExprParserHelper.o cmExternalMakefileProjectGenerator.o cmFileCommand.o cmFileCommand_ReadMacho.o cmFileCopier.o cmFileInstaller.o cmFileSet.o cmFileSetMetadata.o cmFileTime.o cmFileTimeCache.o cmFileTimes.o cmFindBase.o cmFindCommon.o cmFindFileCommand.o cmFindLibraryCommand.o cmFindPackageCommand.o cmFindPackageStack.o cmFindPathCommand.o cmFindProgramCommand.o cmForEachCommand.o cmFunctionBlocker.o cmFunctionCommand.o cmFSPermissions.o cmGeneratedFileStream.o cmGenExContext.o cmGenExEvaluation.o cmGeneratorExpression.o cmGeneratorExpressionDAGChecker.o cmGeneratorExpressionEvaluationFile.o cmGeneratorExpressionEvaluator.o cmGeneratorExpressionLexer.o cmGeneratorExpressionNode.o cmGeneratorExpressionParser.o cmGeneratorFileSet.o cmGeneratorFileSets.o cmGeneratorTarget.o cmGeneratorTarget_CompatibleInterface.o cmGeneratorTarget_HeaderSetVerification.o cmGeneratorTarget_IncludeDirectories.o cmGeneratorTarget_Link.o cmGeneratorTarget_LinkDirectories.o cmGeneratorTarget_Options.o cmGeneratorTarget_Sources.o cmGeneratorTarget_TransitiveProperty.o cmGetCMakePropertyCommand.o cmGetDirectoryPropertyCommand.o cmGetFilenameComponentCommand.o cmGetPipes.o cmGetPropertyCommand.o cmGetSourceFilePropertyCommand.o cmGetTargetPropertyCommand.o cmGetTestPropertyCommand.o cmGlobalCommonGenerator.o cmGlobalGenerator.o cmGlobVerificationManager.o cmHexFileConverter.o cmIfCommand.o cmImportedCxxModuleInfo.o cmIncludeCommand.o cmIncludeGuardCommand.o cmIncludeDirectoryCommand.o cmIncludeRegularExpressionCommand.o cmInstallCMakeConfigExportGenerator.o cmInstallCommand.o cmInstallCommandArguments.o cmInstallCxxModuleBmiGenerator.o cmInstallDirectoryGenerator.o cmInstallExportGenerator.o cmInstallFileSetGenerator.o cmInstallFilesCommand.o cmInstallFilesGenerator.o cmInstallGenerator.o cmInstallGetRuntimeDependenciesGenerator.o cmInstallImportedRuntimeArtifactsGenerator.o cmInstallDirs.o cmInstallRuntimeDependencySet.o cmInstallRuntimeDependencySetGenerator.o cmInstallScriptGenerator.o cmInstallSubdirectoryGenerator.o cmInstallTargetGenerator.o cmInstallTargetsCommand.o cmInstalledFile.o cmJSONHelpers.o cmJSONState.o cmLDConfigLDConfigTool.o cmLDConfigTool.o cmLinkDirectoriesCommand.o cmLinkItem.o cmLinkItemGraphVisitor.o cmLinkLineComputer.o cmLinkLineDeviceComputer.o cmListCommand.o cmListFileCache.o cmLocalCommonGenerator.o cmLocalGenerator.o cmMSVC60LinkLineComputer.o cmMacroCommand.o cmMakeDirectoryCommand.o cmMakefile.o cmMarkAsAdvancedCommand.o cmMathCommand.o cmMessageCommand.o cmMessenger.o cmNewLineStyle.o cmOSXBundleGenerator.o cmOptionCommand.o cmOrderDirectories.o cmObjectLocation.o cmOutputConverter.o cmParseArgumentsCommand.o cmPathLabel.o cmPathResolver.o cmPolicies.o cmProcessOutput.o cmProjectCommand.o cmValue.o cmPropertyDefinition.o cmPropertyMap.o cmGccDepfileLexerHelper.o cmGccDepfileReader.o cmReturnCommand.o cmPackageInfoReader.o cmPlaceholderExpander.o cmPlistParser.o cmRulePlaceholderExpander.o cmRuntimeDependencyArchive.o cmScriptGenerator.o cmSearchPath.o cmSeparateArgumentsCommand.o cmSetCommand.o cmSetDirectoryPropertiesCommand.o cmSetPropertyCommand.o cmSetSourceFilesPropertiesCommand.o cmSetTargetPropertiesCommand.o cmSetTestsPropertiesCommand.o cmSiteNameCommand.o cmSourceFile.o cmSourceFileLocation.o cmStandardLevelResolver.o cmState.o cmStateDirectory.o cmStateSnapshot.o cmStdIoConsole.o cmStdIoInit.o cmStdIoStream.o cmStdIoTerminal.o cmString.o cmStringAlgorithms.o cmStringReplaceHelper.o cmStringCommand.o cmSubcommandTable.o cmSubdirCommand.o cmSystemTools.o cmTarget.o cmTargetCompileDefinitionsCommand.o cmTargetCompileFeaturesCommand.o cmTargetCompileOptionsCommand.o cmTargetIncludeDirectoriesCommand.o cmTargetLinkLibrariesCommand.o cmTargetLinkOptionsCommand.o cmTargetPrecompileHeadersCommand.o cmTargetPropCommandBase.o cmTargetPropertyComputer.o cmTargetPropertyEntry.o cmTargetSourcesCommand.o cmTargetTraceDependencies.o cmTest.o cmTestGenerator.o cmTimestamp.o cmTransformDepfile.o cmTryCompileCommand.o cmTryRunCommand.o cmUnsetCommand.o cmUVHandlePtr.o cmUVProcessChain.o cmVersion.o cmWhileCommand.o cmWindowsRegistry.o cmWorkingDirectory.o cmXcFramework.o cmake.o cmakemain.o cmcmd.o cm_fileno.o cmDepends.o cmDependsC.o cmDependsCompiler.o cmGlobalUnixMakefileGenerator3.o cmLocalUnixMakefileGenerator3.o cmMakefileExecutableTargetGenerator.o cmMakefileLibraryTargetGenerator.o cmMakefileTargetGenerator.o cmMakefileUtilityTargetGenerator.o cmProcessTools.o cm_utf8.o fs_path.o string_view.o cmExprLexer.o cmExprParser.o cmGccDepfileLexer.o cmListFileLexer.o Directory.o EncodingCXX.o FStream.o Glob.o RegularExpression.o Status.o SystemTools.o EncodingC.o ProcessUNIX.o String.o System.o uv-src-strscpy.c.o uv-src-strtok.c.o uv-src-timer.c.o uv-src-uv-common.c.o uv-src-unix-cmake-bootstrap.c.o uv-src-unix-core.c.o uv-src-unix-fs.c.o uv-src-unix-loop.c.o uv-src-unix-loop-watcher.c.o uv-src-unix-no-fsevents.c.o uv-src-unix-pipe.c.o uv-src-unix-poll.c.o uv-src-unix-posix-hrtime.c.o uv-src-unix-posix-poll.c.o uv-src-unix-process.c.o uv-src-unix-signal.c.o uv-src-unix-stream.c.o uv-src-unix-tcp.c.o uv-src-unix-tty.c.o rhash-librhash-algorithms.c.o rhash-librhash-byte_order.c.o rhash-librhash-hex.c.o rhash-librhash-md5.c.o rhash-librhash-rhash.c.o rhash-librhash-sha1.c.o rhash-librhash-sha256.c.o rhash-librhash-sha3.c.o rhash-librhash-sha512.c.o rhash-librhash-util.c.o jsoncpp-src-lib_json-json_reader.cpp.o jsoncpp-src-lib_json-json_value.cpp.o jsoncpp-src-lib_json-json_writer.cpp.o  -ldl -lrt -o cmake
            loading initial cache file /data/data/com.termux/files/usr/tmp/tmpibtw600x/cmake-4.4.3/Bootstrap.cmk/InitialCacheFlags.cmake
            -- The C compiler identification is Clang 21.1.8
            -- The CXX compiler identification is Clang 21.1.8
            -- Detecting C compiler ABI info
            -- Detecting C compiler ABI info - done
            -- Check for working C compiler: /data/data/com.termux/files/usr/bin/gcc - skipped
            -- Detecting C compile features
            -- Detecting C compile features - done
            -- Detecting CXX compiler ABI info
            -- Detecting CXX compiler ABI info - done
            -- Check for working CXX compiler: /data/data/com.termux/files/usr/bin/g++ - skipped
            -- Detecting CXX compile features
            -- Detecting CXX compile features - done
            -- Using bundled: BZIP2 CPPDAP CURL EXPAT FORM JSONCPP LIBARCHIVE LIBLZMA LIBRHASH LIBUV NGHTTP2 ZLIB ZSTD KWIML
            -- Checking if compiler supports needed C++17 constructs
            -- Checking if compiler supports needed C++17 constructs - yes
            -- Checking if compiler supports C++ make_unique
            -- Checking if compiler supports C++ make_unique - yes
            -- Checking if compiler supports C++ filesystem
            -- Checking if compiler supports C++ filesystem - yes
            -- Looking for unsetenv
            -- Looking for unsetenv - found
            -- Looking for environ
            -- Looking for environ - not found
            -- Performing Test CMAKE_HAVE_LIBC_PTHREAD
            -- Performing Test CMAKE_HAVE_LIBC_PTHREAD - Failed
            -- Looking for pthread_create in pthreads
            -- Looking for pthread_create in pthreads - not found
            -- Looking for pthread_create in pthread
            -- Looking for pthread_create in pthread - found
            -- Found Threads: TRUE
            -- Checking whether C compiler has ptrdiff_t in stddef.h
            -- Checking whether C compiler has ptrdiff_t in stddef.h - yes
            -- Checking whether C compiler has ssize_t in unistd.h
            -- Checking whether C compiler has ssize_t in unistd.h - yes
            -- Checking whether C compiler has clock_gettime
            -- Checking whether C compiler has clock_gettime - yes
            -- Checking whether CXX compiler has setenv
            -- Checking whether CXX compiler has setenv - yes
            -- Checking whether CXX compiler has unsetenv
            -- Checking whether CXX compiler has unsetenv - yes
            -- Checking whether CXX compiler has environ in stdlib.h
            -- Checking whether CXX compiler has environ in stdlib.h - no
            -- Checking whether CXX compiler has utimes
            -- Checking whether CXX compiler has utimes - yes
            -- Checking whether CXX compiler has utimensat
            -- Checking whether CXX compiler has utimensat - yes
            -- Checking whether CXX compiler struct stat has st_mtim member
            -- Checking whether CXX compiler struct stat has st_mtim member - yes
            -- Checking whether CXX compiler struct stat has st_mtimespec member
            -- Checking whether CXX compiler struct stat has st_mtimespec member - no
            -- Looking for include files sys/types.h, ifaddrs.h
            -- Looking for include files sys/types.h, ifaddrs.h - found
            -- Checking whether CXX compiler has rlimit64
            -- Checking whether CXX compiler has rlimit64 - yes
            -- Looking for C++ include execinfo.h
            -- Looking for C++ include execinfo.h - found
            -- Checking whether backtrace works with this C++ compiler
            -- Checking whether backtrace works with this C++ compiler - yes
            -- Looking for C++ include dlfcn.h
            -- Looking for C++ include dlfcn.h - found
            -- Checking whether dladdr works with this C++ compiler
            -- Checking whether dladdr works with this C++ compiler - yes
            -- Looking for C++ include cxxabi.h
            -- Looking for C++ include cxxabi.h - found
            -- Checking whether cxxabi works with this C++ compiler
            -- Checking whether cxxabi works with this C++ compiler - yes
            -- Checking whether CXX compiler has getloadavg
            -- Checking whether CXX compiler has getloadavg - no
            -- Checking whether <ext/stdio_filebuf.h> is available
            -- Checking whether <ext/stdio_filebuf.h> is available - no
            -- Looking for connect in socket
            -- Looking for connect in socket - not found
            -- Performing Test HAVE_SOCKADDR_IN6_SIN6_SCOPE_ID
            -- Performing Test HAVE_SOCKADDR_IN6_SIN6_SCOPE_ID - Success
            -- Performing Test HAVE_SOCKADDR_IN6_SIN6_ADDR
            -- Performing Test HAVE_SOCKADDR_IN6_SIN6_ADDR - Success
            -- Found ZLIB: cmzlib
            -- Found NGHTTP2: /data/data/com.termux/files/usr/tmp/tmpibtw600x/cmake-4.4.3/Utilities/cmnghttp2/lib/includes (found version "1.68.0")
            -- Looking for sys/eventfd.h
            -- Looking for sys/eventfd.h - found
            -- Looking for sys/filio.h
            -- Looking for sys/filio.h - not found
            -- Looking for sys/ioctl.h
            -- Looking for sys/ioctl.h - found
            -- Looking for sys/param.h
            -- Looking for sys/param.h - found
            -- Looking for sys/poll.h
            -- Looking for sys/poll.h - found
            -- Looking for sys/resource.h
            -- Looking for sys/resource.h - found
            -- Looking for 3 include files sys/socket.h, ..., sys/select.h
            -- Looking for 3 include files sys/socket.h, ..., sys/select.h - found
            -- Looking for sys/sockio.h
            -- Looking for sys/sockio.h - not found
            -- Looking for 4 include files sys/socket.h, ..., sys/types.h
            -- Looking for 4 include files sys/socket.h, ..., sys/types.h - found
            -- Looking for sys/un.h
            -- Looking for sys/un.h - found
            -- Looking for 5 include files sys/socket.h, ..., sys/utime.h
            -- Looking for 5 include files sys/socket.h, ..., sys/utime.h - not found
            -- Looking for 5 include files sys/socket.h, ..., arpa/inet.h
            -- Looking for 5 include files sys/socket.h, ..., arpa/inet.h - found
            -- Looking for dirent.h
            -- Looking for dirent.h - found
            -- Looking for fcntl.h
            -- Looking for fcntl.h - found
            -- Looking for 6 include files sys/socket.h, ..., ifaddrs.h
            -- Looking for 6 include files sys/socket.h, ..., ifaddrs.h - found
            -- Looking for io.h
            -- Looking for io.h - not found
            -- Looking for 7 include files sys/socket.h, ..., libgen.h
            -- Looking for 7 include files sys/socket.h, ..., libgen.h - found
            -- Looking for linux/tcp.h
            -- Looking for linux/tcp.h - found
            -- Looking for 8 include files sys/socket.h, ..., net/if.h
            -- Looking for 8 include files sys/socket.h, ..., net/if.h - found
            -- Looking for 9 include files sys/socket.h, ..., netdb.h
            -- Looking for 9 include files sys/socket.h, ..., netdb.h - found
            -- Looking for 10 include files sys/socket.h, ..., netinet/in.h
            -- Looking for 10 include files sys/socket.h, ..., netinet/in.h - found
            -- Looking for netinet/in6.h
            -- Looking for netinet/in6.h - found
            -- Looking for 11 include files sys/socket.h, ..., netinet/tcp.h
            -- Looking for 11 include files sys/socket.h, ..., netinet/tcp.h - found
            -- Looking for 12 include files sys/socket.h, ..., netinet/udp.h
            -- Looking for 12 include files sys/socket.h, ..., netinet/udp.h - found
            -- Looking for poll.h
            -- Looking for poll.h - found
            -- Looking for pwd.h
            -- Looking for pwd.h - found
            -- Looking for stdbool.h
            -- Looking for stdbool.h - found
            -- Looking for strings.h
            -- Looking for strings.h - found
            -- Looking for stropts.h
            -- Looking for stropts.h - not found
            -- Looking for termio.h
            -- Looking for termio.h - found
            -- Looking for termios.h
            -- Looking for termios.h - found
            -- Looking for 13 include files sys/socket.h, ..., unistd.h
            -- Looking for 13 include files sys/socket.h, ..., unistd.h - found
            -- Looking for utime.h
            -- Looking for utime.h - found
            -- Looking for stdint.h
            -- Looking for stdint.h - found
            -- Check size of size_t
            -- Check size of size_t - done
            -- Check size of ssize_t
            -- Check size of ssize_t - done
            -- Check size of time_t
            -- Check size of time_t - done
            -- Check size of suseconds_t
            -- Check size of suseconds_t - done
            -- Looking for accept4
            -- Looking for accept4 - found
            -- Looking for fnmatch
            -- Looking for fnmatch - found
            -- Looking for basename
            -- Looking for basename - found
            -- Looking for opendir
            -- Looking for opendir - found
            -- Looking for poll
            -- Looking for poll - found
            -- Looking for socket
            -- Looking for socket - found
            -- Looking for socketpair
            -- Looking for socketpair - found
            -- Looking for sendmsg
            -- Looking for sendmsg - found
            -- Looking for sendmmsg
            -- Looking for sendmmsg - found
            -- Looking for select
            -- Looking for select - found
            -- Looking for memrchr
            -- Looking for memrchr - found
            -- Looking for alarm
            -- Looking for alarm - found
            -- Looking for fcntl
            -- Looking for fcntl - found
            -- Looking for getppid
            -- Looking for getppid - found
            -- Looking for utimes
            -- Looking for utimes - found
            -- Looking for gettimeofday
            -- Looking for gettimeofday - found
            -- Looking for closesocket
            -- Looking for closesocket - not found
            -- Looking for sigsetjmp
            -- Looking for sigsetjmp - found
            -- Looking for getpass_r
            -- Looking for getpass_r - not found
            -- Looking for getpwuid
            -- Looking for getpwuid - found
            -- Looking for getpwuid_r
            -- Looking for getpwuid_r - found
            -- Looking for geteuid
            -- Looking for geteuid - found
            -- Looking for utime
            -- Looking for utime - found
            -- Looking for gmtime_r
            -- Looking for gmtime_r - found
            -- Looking for localtime_r
            -- Looking for localtime_r - found
            -- Looking for gethostbyname_r
            -- Looking for gethostbyname_r - found
            -- Looking for gethostname
            -- Looking for gethostname - found
            -- Looking for signal
            -- Looking for signal - found
            -- Looking for strerror_r
            -- Looking for strerror_r - found
            -- Looking for sigaction
            -- Looking for sigaction - found
            -- Looking for siginterrupt
            -- Looking for siginterrupt - found
            -- Looking for getaddrinfo
            -- Looking for getaddrinfo - found
            -- Looking for getifaddrs
            -- Looking for getifaddrs - found
            -- Looking for freeaddrinfo
            -- Looking for freeaddrinfo - found
            -- Looking for pipe
            -- Looking for pipe - found
            -- Looking for eventfd
            -- Looking for eventfd - found
            -- Looking for getpeername
            -- Looking for getpeername - found
            -- Looking for getsockname
            -- Looking for getsockname - found
            -- Looking for getrlimit
            -- Looking for getrlimit - found
            -- Looking for setrlimit
            -- Looking for setrlimit - found
            -- Looking for pipe2
            -- Looking for pipe2 - found
            -- Looking for if_nametoindex
            -- Looking for if_nametoindex - found
            -- Looking for realpath
            -- Looking for realpath - found
            -- Looking for sched_yield
            -- Looking for sched_yield - found
            -- Looking for stricmp
            -- Looking for stricmp - not found
            -- Looking for strcmpi
            -- Looking for strcmpi - not found
            -- Looking for arc4random
            -- Looking for arc4random - found
            -- Looking for inet_ntop
            -- Looking for inet_ntop - found
            -- Looking for inet_pton
            -- Looking for inet_pton - found
            -- Looking for fsetxattr
            -- Looking for fsetxattr - found
            -- Performing Test HAVE_FSETXATTR_5
            -- Performing Test HAVE_FSETXATTR_5 - Success
            -- Performing Test HAVE_FSETXATTR_6
            -- Performing Test HAVE_FSETXATTR_6 - Failed
            -- Check size of sa_family_t
            -- Check size of sa_family_t - done
            -- Performing Test HAVE_FCNTL_O_NONBLOCK
            -- Performing Test HAVE_FCNTL_O_NONBLOCK - Success
            -- Performing Test HAVE_IOCTLSOCKET
            -- Performing Test HAVE_IOCTLSOCKET - Failed
            -- Performing Test HAVE_IOCTLSOCKET_CAMEL
            -- Performing Test HAVE_IOCTLSOCKET_CAMEL - Failed
            -- Performing Test HAVE_IOCTLSOCKET_CAMEL_FIONBIO
            -- Performing Test HAVE_IOCTLSOCKET_CAMEL_FIONBIO - Failed
            -- Performing Test HAVE_IOCTLSOCKET_FIONBIO
            -- Performing Test HAVE_IOCTLSOCKET_FIONBIO - Failed
            -- Performing Test HAVE_IOCTL_FIONBIO
            -- Performing Test HAVE_IOCTL_FIONBIO - Success
            -- Performing Test HAVE_IOCTL_SIOCGIFADDR
            -- Performing Test HAVE_IOCTL_SIOCGIFADDR - Success
            -- Performing Test HAVE_SETSOCKOPT_SO_NONBLOCK
            -- Performing Test HAVE_SETSOCKOPT_SO_NONBLOCK - Failed
            -- Performing Test HAVE_GETHOSTBYNAME_R_3
            -- Performing Test HAVE_GETHOSTBYNAME_R_3 - Failed
            -- Performing Test HAVE_GETHOSTBYNAME_R_5
            -- Performing Test HAVE_GETHOSTBYNAME_R_5 - Failed
            -- Performing Test HAVE_GETHOSTBYNAME_R_6
            -- Performing Test HAVE_GETHOSTBYNAME_R_6 - Success
            -- Performing Test HAVE_BOOL_T
            -- Performing Test HAVE_BOOL_T - Success
            -- Performing Test STDC_HEADERS
            -- Performing Test STDC_HEADERS - Success
            -- Performing Test HAVE_GETHOSTBYNAME_R_3_REENTRANT
            -- Performing Test HAVE_GETHOSTBYNAME_R_3_REENTRANT - Failed
            -- Performing Test HAVE_GETHOSTBYNAME_R_5_REENTRANT
            -- Performing Test HAVE_GETHOSTBYNAME_R_5_REENTRANT - Failed
            -- Performing Test HAVE_GETHOSTBYNAME_R_6_REENTRANT
            -- Performing Test HAVE_GETHOSTBYNAME_R_6_REENTRANT - Success
            -- Performing Test HAVE_FILE_OFFSET_BITS
            -- Performing Test HAVE_FILE_OFFSET_BITS - Success
            -- Check size of off_t
            -- Check size of off_t - done
            -- Looking for fseeko
            -- Looking for fseeko - found
            -- Check size of curl_off_t
            -- Check size of curl_off_t - done
            -- Check size of curl_socket_t
            -- Check size of curl_socket_t - done
            -- Performing Test HAVE_TIME_T_UNSIGNED
            -- Performing Test HAVE_TIME_T_UNSIGNED - Failed
            -- Performing Test HAVE_GLIBC_STRERROR_R
            -- Performing Test HAVE_GLIBC_STRERROR_R - Failed
            -- Performing Test HAVE_POSIX_STRERROR_R
            -- Performing Test HAVE_POSIX_STRERROR_R - Success
            -- Performing Test HAVE_CLOCK_GETTIME_MONOTONIC
            -- Performing Test HAVE_CLOCK_GETTIME_MONOTONIC - Success
            -- Check size of struct sockaddr_storage
            -- Check size of struct sockaddr_storage - done
            -- Performing Test HAVE_STRUCT_TIMEVAL
            -- Performing Test HAVE_STRUCT_TIMEVAL - Success
            -- Performing Test HAVE_H_ERRNO
            -- Performing Test HAVE_H_ERRNO - Success
            -- Performing Test HAVE_CLOCK_GETTIME_MONOTONIC_RAW
            -- Performing Test HAVE_CLOCK_GETTIME_MONOTONIC_RAW - Success
            -- Looking for dlfcn.h
            -- Looking for dlfcn.h - found
            -- Looking for inttypes.h
            -- Looking for inttypes.h - found
            -- Looking for memory.h
            -- Looking for memory.h - found
            -- Looking for sys/stat.h
            -- Looking for sys/stat.h - found
            -- Looking for getpagesize
            -- Looking for getpagesize - found
            -- Looking for mmap
            -- Looking for mmap - found
            -- Looking for getrandom
            -- Looking for getrandom - not found
            -- Looking for arc4random_buf
            -- Looking for arc4random_buf - found
            -- Performing Test HAVE_SYSCALL_GETRANDOM
            -- Performing Test HAVE_SYSCALL_GETRANDOM - Success
            -- Looking for byteswap.h
            -- Looking for byteswap.h - found
            -- Looking for limits.h
            -- Looking for limits.h - found
            -- Looking for sys/sysctl.h
            -- Looking for sys/sysctl.h - not found
            -- Performing Test HAVE_BSWAP_16
            -- Performing Test HAVE_BSWAP_16 - Success
            -- Performing Test HAVE_BSWAP_32
            -- Performing Test HAVE_BSWAP_32 - Success
            -- Performing Test HAVE_BSWAP_64
            -- Performing Test HAVE_BSWAP_64 - Success
            -- Found BZip2: cmbzip2 (found version "1.0.8")
            -- Found LibLZMA: cmliblzma (found version "5.6.3")
            -- Looking for 3 include files sys/types.h, ..., copyfile.h
            -- Looking for 3 include files sys/types.h, ..., copyfile.h - not found
            -- Looking for 3 include files sys/types.h, ..., direct.h
            -- Looking for 3 include files sys/types.h, ..., direct.h - not found
            -- Looking for 4 include files sys/types.h, ..., errno.h
            -- Looking for 4 include files sys/types.h, ..., errno.h - found
            -- Looking for 5 include files sys/types.h, ..., ext2fs/ext2_fs.h
            -- Looking for 5 include files sys/types.h, ..., ext2fs/ext2_fs.h - not found
            -- Performing Test HAVE_WORKING_EXT2_IOC_GETFLAGS
            -- Performing Test HAVE_WORKING_EXT2_IOC_GETFLAGS - Failed
            -- Looking for 6 include files sys/types.h, ..., fnmatch.h
            -- Looking for 6 include files sys/types.h, ..., fnmatch.h - found
            -- Looking for 7 include files sys/types.h, ..., grp.h
            -- Looking for 7 include files sys/types.h, ..., grp.h - found
            -- Looking for 8 include files sys/types.h, ..., langinfo.h
            -- Looking for 8 include files sys/types.h, ..., langinfo.h - found
            -- Looking for 10 include files sys/types.h, ..., linux/types.h
            -- Looking for 10 include files sys/types.h, ..., linux/types.h - found
            -- Looking for 11 include files sys/types.h, ..., linux/fiemap.h
            -- Looking for 11 include files sys/types.h, ..., linux/fiemap.h - found
            -- Looking for 12 include files sys/types.h, ..., linux/fs.h
            -- Looking for 12 include files sys/types.h, ..., linux/fs.h - found
            -- Performing Test HAVE_WORKING_FS_IOC_GETFLAGS
            -- Performing Test HAVE_WORKING_FS_IOC_GETFLAGS - Success
            -- Looking for 13 include files sys/types.h, ..., linux/magic.h
            -- Looking for 13 include files sys/types.h, ..., linux/magic.h - found
            -- Looking for 15 include files sys/types.h, ..., membership.h
            -- Looking for 15 include files sys/types.h, ..., membership.h - not found
            -- Looking for 16 include files sys/types.h, ..., paths.h
            -- Looking for 16 include files sys/types.h, ..., paths.h - found
            -- Looking for 18 include files sys/types.h, ..., process.h
            -- Looking for 18 include files sys/types.h, ..., process.h - not found
            -- Looking for 18 include files sys/types.h, ..., pthread.h
            -- Looking for 18 include files sys/types.h, ..., pthread.h - found
            -- Looking for 20 include files sys/types.h, ..., readpassphrase.h
            -- Looking for 20 include files sys/types.h, ..., readpassphrase.h - not found
            -- Looking for 20 include files sys/types.h, ..., regex.h
            -- Looking for 20 include files sys/types.h, ..., regex.h - found
            -- Looking for 21 include files sys/types.h, ..., signal.h
            -- Looking for 21 include files sys/types.h, ..., signal.h - found
            -- Looking for 22 include files sys/types.h, ..., spawn.h
            -- Looking for 22 include files sys/types.h, ..., spawn.h - found
            -- Looking for 23 include files sys/types.h, ..., stdarg.h
            -- Looking for 23 include files sys/types.h, ..., stdarg.h - found
            -- Looking for 27 include files sys/types.h, ..., sys/acl.h
            -- Looking for 27 include files sys/types.h, ..., sys/acl.h - found
            -- Looking for 28 include files sys/types.h, ..., sys/cdefs.h
            -- Looking for 28 include files sys/types.h, ..., sys/cdefs.h - found
            -- Looking for 29 include files sys/types.h, ..., sys/extattr.h
            -- Looking for 29 include files sys/types.h, ..., sys/extattr.h - not found
            -- Looking for 30 include files sys/types.h, ..., sys/mkdev.h
            -- Looking for 30 include files sys/types.h, ..., sys/mkdev.h - not found
            -- Looking for 30 include files sys/types.h, ..., sys/mount.h
            -- Looking for 30 include files sys/types.h, ..., sys/mount.h - found
            -- Looking for 33 include files sys/types.h, ..., sys/richacl.h
            -- Looking for 33 include files sys/types.h, ..., sys/richacl.h - not found
            -- Looking for 35 include files sys/types.h, ..., sys/statfs.h
            -- Looking for 35 include files sys/types.h, ..., sys/statfs.h - found
            -- Looking for 36 include files sys/types.h, ..., sys/statvfs.h
            -- Looking for 36 include files sys/types.h, ..., sys/statvfs.h - found
            -- Looking for 37 include files sys/types.h, ..., sys/sysmacros.h
            -- Looking for 37 include files sys/types.h, ..., sys/sysmacros.h - found
            -- Looking for 38 include files sys/types.h, ..., sys/time.h
            -- Looking for 38 include files sys/types.h, ..., sys/time.h - found
            -- Looking for 39 include files sys/types.h, ..., sys/utsname.h
            -- Looking for 39 include files sys/types.h, ..., sys/utsname.h - found
            -- Looking for 40 include files sys/types.h, ..., sys/vfs.h
            -- Looking for 40 include files sys/types.h, ..., sys/vfs.h - found
            -- Looking for 41 include files sys/types.h, ..., sys/wait.h
            -- Looking for 41 include files sys/types.h, ..., sys/wait.h - found
            -- Looking for 42 include files sys/types.h, ..., sys/xattr.h
            -- Looking for 42 include files sys/types.h, ..., sys/xattr.h - found
            -- Looking for 43 include files sys/types.h, ..., time.h
            -- Looking for 43 include files sys/types.h, ..., time.h - found
            -- Looking for 47 include files sys/types.h, ..., wctype.h
            -- Looking for 47 include files sys/types.h, ..., wctype.h - found
            -- Looking for 48 include files sys/types.h, ..., windows.h
            -- Looking for 48 include files sys/types.h, ..., windows.h - not found
            -- Looking for 48 include files sys/types.h, ..., wincrypt.h
            -- Looking for 48 include files sys/types.h, ..., wincrypt.h - not found
            -- Looking for 48 include files sys/types.h, ..., winioctl.h
            -- Looking for 48 include files sys/types.h, ..., winioctl.h - not found
            -- Performing Test SAFE_TO_DEFINE_EXTENSIONS
            -- Performing Test SAFE_TO_DEFINE_EXTENSIONS - Success
            -- Looking for MD5Init in md
            -- Looking for MD5Init in md - found
            CMake Error at Utilities/cmlibarchive/CMakeLists.txt:1206 (message):
              iconv is required, but was not found.
      
      
            -- Configuring incomplete, errors occurred!
            ---------------------------------------------
            Error when bootstrapping CMake:
            Problem while running initial CMake
            ---------------------------------------------
            Traceback (most recent call last):
              File "/data/data/com.termux/files/usr/lib/python3.14/site-packages/pip/_vendor/pyproject_hooks/_in_process/_in_process.py", line 389, in <module>
                main()
                ~~~~^^
              File "/data/data/com.termux/files/usr/lib/python3.14/site-packages/pip/_vendor/pyproject_hooks/_in_process/_in_process.py", line 373, in main
                json_out["return_val"] = hook(**hook_input["kwargs"])
                                         ~~~~^^^^^^^^^^^^^^^^^^^^^^^^
              File "/data/data/com.termux/files/usr/lib/python3.14/site-packages/pip/_vendor/pyproject_hooks/_in_process/_in_process.py", line 280, in build_wheel
                return _build_backend().build_wheel(
                       ~~~~~~~~~~~~~~~~~~~~~~~~~~~~^
                    wheel_directory, config_settings, metadata_directory
                    ^^^^^^^^^^^^^^^^^^^^^^^^^^^^^^^^^^^^^^^^^^^^^^^^^^^^
                )
                ^
              File "/data/data/com.termux/files/usr/tmp/pip-install-mu5tixj_/cmake_2a49ef22ed194e498cd2ba32c1d2ae94/_build_backend/backend.py", line 156, in build_wheel
                cmake_path = _bootstrap_build(temp_path, config_settings)
              File "/data/data/com.termux/files/usr/tmp/pip-install-mu5tixj_/cmake_2a49ef22ed194e498cd2ba32c1d2ae94/_build_backend/backend.py", line 127, in _bootstrap_build
                subprocess.run([bootstrap_path, *bootstrap_args], env=env, check=True)
                ~~~~~~~~~~~~~~^^^^^^^^^^^^^^^^^^^^^^^^^^^^^^^^^^^^^^^^^^^^^^^^^^^^^^^^
              File "/data/data/com.termux/files/usr/lib/python3.14/subprocess.py", line 578, in run
                raise CalledProcessError(retcode, process.args,
                                         output=stdout, stderr=stderr)
            subprocess.CalledProcessError: Command '[PosixPath('/data/data/com.termux/files/usr/tmp/tmpibtw600x/cmake-4.4.3/bootstrap'), '--prefix=/data/data/com.termux/files/usr/tmp/tmpibtw600x/cmake-install', '--no-qt-gui', '--no-debugger', '--parallel=1', '--', '-DBUILD_TESTING=OFF', '-DBUILD_CursesDialog:BOOL=OFF']' returned non-zero exit status 11.
            [end of output]
      
        note: This error originates from a subprocess, and is likely not a problem with pip.
        ERROR: Failed building wheel for cmake
      Failed to build cmake
      error: failed-wheel-build-for-install
      
      × Failed to build installable wheels for some pyproject.toml based projects
      ╰─> cmake
      [end of output]
  
  note: This error originates from a subprocess, and is likely not a problem with pip.
ERROR: Failed to build 'ninja' when installing backend dependencies for ninja
[0m[1;30m# Run '/data/data/com.termux/files/usr/bin/python3.14 -m pip install -q --user appdirs colorama>=0.3.3 jinja2 sh>=2, <3.0; sys_platform!="win32" meson ninja build toml packaging setuptools wheel~=0.43.0' ...[0m
[0m[1;30m# Cwd None[0m
[0m[1;31m# Command failed: ('/data/data/com.termux/files/usr/bin/python3.14', '-m', 'pip', 'install', '-q', '--user', 'appdirs', 'colorama>=0.3.3', 'jinja2', 'sh>=2, <3.0; sys_platform!="win32"', 'meson', 'ninja', 'build', 'toml', 'packaging', 'setuptools', 'wheel~=0.43.0')[0m
[0m[1;31m# Error code: 1[0m
[0m[1;31m# ENVIRONMENT:[0m
[0m[1;31m#     SHELL = '/data/data/com.termux/files/usr/bin/bash'[0m
[0m[1;31m#     COLORTERM = 'truecolor'[0m
[0m[1;31m#     HISTCONTROL = 'ignoreboth'[0m
[0m[1;31m#     PREFIX = '/data/data/com.termux/files/usr'[0m
[0m[1;31m#     JAVA_HOME = '/data/data/com.termux/files/usr/lib/jvm/java-17-openjdk/'[0m
[0m[1;31m#     TERMUX_IS_DEBUGGABLE_BUILD = '0'[0m
[0m[1;31m#     TERMUX_MAIN_PACKAGE_FORMAT = 'debian'[0m
[0m[1;31m#     PWD = '/data/data/com.termux/files/home/googleband'[0m
[0m[1;31m#     TERMUX__HOME = '/data/data/com.termux/files/home'[0m
[0m[1;31m#     TERMUX_VERSION = '0.118.3'[0m
[0m[1;31m#     TERMUX_APP__SE_INFO = 'default:targetSdkVersion=28:complete'[0m
[0m[1;31m#     TERMUX__ROOTFS_DIR = '/data/data/com.termux/files'[0m
[0m[1;31m#     EXTERNAL_STORAGE = '/sdcard'[0m
[0m[1;31m#     LD_PRELOAD = '/data/data/com.termux/files/usr/lib/libtermux-exec-ld-preload.so'[0m
[0m[1;31m#     HOME = '/data/data/com.termux/files/home'[0m
[0m[1;31m#     LANG = 'en_US.UTF-8'[0m
[0m[1;31m#     TERMUX_APK_RELEASE = 'F_DROID'[0m
[0m[1;31m#     DEX2OATBOOTCLASSPATH = '/apex/com.android.art/javalib/core-oj.jar:/apex/com.android.art/javalib/core-libart.jar:/apex/com.android.art/javalib/okhttp.jar:/apex/com.android.art/javalib/bouncycastle.jar:/apex/com.android.art/javalib/apache-xml.jar:/system/framework/framework.jar:/system/framework/framework-graphics.jar:/system/framework/framework-location.jar:/system/framework/ext.jar:/system/framework/telephony-common.jar:/system/framework/voip-common.jar:/system/framework/ims-common.jar:/system/framework/framework-ondeviceintelligence-platform.jar:/system_ext/framework/mediatek-carrier-config-manager.jar:/system_ext/framework/mediatek-common.jar:/system_ext/framework/mediatek-framework.jar:/system_ext/framework/mediatek-ims-base.jar:/system_ext/framework/moto-echolocateapi.jar:/system_ext/framework/payjoy-api.jar:/apex/com.android.i18n/javalib/core-icu4j.jar'[0m
[0m[1;31m#     TMPDIR = '/data/data/com.termux/files/usr/tmp'[0m
[0m[1;31m#     ANDROID_DATA = '/data'[0m
[0m[1;31m#     TERMUX__PREFIX = '/data/data/com.termux/files/usr'[0m
[0m[1;31m#     TERMUX_APP__SE_FILE_CONTEXT = 'u:object_r:app_data_file:s0:c228,c257,c512,c768'[0m
[0m[1;31m#     TERM = 'xterm-256color'[0m
[0m[1;31m#     TERMUX_APP__LEGACY_DATA_DIR = '/data/data/com.termux'[0m
[0m[1;31m#     ANDROID_I18N_ROOT = '/apex/com.android.i18n'[0m
[0m[1;31m#     SHLVL = '1'[0m
[0m[1;31m#     ANDROID__BUILD_VERSION_SDK = '36'[0m
[0m[1;31m#     ANDROID_ROOT = '/system'[0m
[0m[1;31m#     BOOTCLASSPATH = '/apex/com.android.art/javalib/core-oj.jar:/apex/com.android.art/javalib/core-libart.jar:/apex/com.android.art/javalib/okhttp.jar:/apex/com.android.art/javalib/bouncycastle.jar:/apex/com.android.art/javalib/apache-xml.jar:/system/framework/framework.jar:/system/framework/framework-graphics.jar:/system/framework/framework-location.jar:/system/framework/ext.jar:/system/framework/telephony-common.jar:/system/framework/voip-common.jar:/system/framework/ims-common.jar:/system/framework/framework-ondeviceintelligence-platform.jar:/system_ext/framework/mediatek-carrier-config-manager.jar:/system_ext/framework/mediatek-common.jar:/system_ext/framework/mediatek-framework.jar:/system_ext/framework/mediatek-ims-base.jar:/system_ext/framework/moto-echolocateapi.jar:/system_ext/framework/payjoy-api.jar:/apex/com.android.i18n/javalib/core-icu4j.jar:/apex/com.android.adservices/javalib/framework-adservices.jar:/apex/com.android.adservices/javalib/framework-sdksandbox.jar:/apex/com.android.appsearch/javalib/framework-appsearch.jar:/apex/com.android.bt/javalib/framework-bluetooth.jar:/apex/com.android.configinfrastructure/javalib/framework-configinfrastructure.jar:/apex/com.android.conscrypt/javalib/conscrypt.jar:/apex/com.android.crashrecovery/javalib/framework-crashrecovery.jar:/apex/com.android.devicelock/javalib/framework-devicelock.jar:/apex/com.android.healthfitness/javalib/framework-healthfitness.jar:/apex/com.android.ipsec/javalib/android.net.ipsec.ike.jar:/apex/com.android.media/javalib/updatable-media.jar:/apex/com.android.mediaprovider/javalib/framework-mediaprovider.jar:/apex/com.android.mediaprovider/javalib/framework-pdf.jar:/apex/com.android.mediaprovider/javalib/framework-pdf-v.jar:/apex/com.android.mediaprovider/javalib/framework-photopicker.jar:/apex/com.android.nfcservices/javalib/framework-nfc.jar:/apex/com.android.ondevicepersonalization/javalib/framework-ondevicepersonalization.jar:/apex/com.android.os.statsd/javalib/framework-statsd.jar:/apex/com.android.permission/javalib/framework-permission.jar:/apex/com.android.permission/javalib/framework-permission-s.jar:/apex/com.android.profiling/javalib/framework-profiling.jar:/apex/com.android.scheduling/javalib/framework-scheduling.jar:/apex/com.android.sdkext/javalib/framework-sdkextensions.jar:/apex/com.android.tethering/javalib/framework-connectivity.jar:/apex/com.android.tethering/javalib/framework-connectivity-b.jar:/apex/com.android.tethering/javalib/framework-connectivity-t.jar:/apex/com.android.tethering/javalib/framework-tethering.jar:/apex/com.android.uwb/javalib/framework-ranging.jar:/apex/com.android.uwb/javalib/framework-uwb.jar:/apex/com.android.virt/javalib/framework-virtualization.jar:/apex/com.android.wifi/javalib/framework-wifi.jar:/apex/com.motorola.enterprise/javalib/framework-moto-enterprise.jar:/apex/com.motorola.enterprise/javalib/moto-enterprise.jar:/apex/com.motorola.motosecure/javalib/framework-moto-secure.jar'[0m
[0m[1;31m#     ANDROID_TZDATA_ROOT = '/apex/com.android.tzdata'[0m
[0m[1;31m#     TERMUX__SE_PROCESS_CONTEXT = 'u:r:untrusted_app_27:s0:c228,c257,c512,c768'[0m
[0m[1;31m#     TERMUX_APP_PID = '23559'[0m
[0m[1;31m#     PATH = '/data/data/com.termux/files/usr/bin'[0m
[0m[1;31m#     TERMUX_APP__DATA_DIR = '/data/user/0/com.termux'[0m
[0m[1;31m#     ANDROID_ART_ROOT = '/apex/com.android.art'[0m
[0m[1;31m#     OLDPWD = '/data/data/com.termux/files/home'[0m
[0m[1;31m#     _ = '/data/data/com.termux/files/usr/bin/buildozer'[0m
[0m[1;31m# [0m
[0m[1;31m# Buildozer failed to execute the last command[0m
[0m[1;31m# The error might be hidden in the log above this error[0m
[0m[1;31m# Please read the full log, and search for it before[0m
[0m[1;31m# raising an issue with buildozer itself.[0m
[0m[1;31m# In case of a bug report, please add a full log with log_level = 2[0m
